defect_id,lot_id,wafer_id,tool_id,process_step,defect_type,defect_density,x_coord_mm,y_coord_mm,timestamp
D-0000001,W2401-0001,W2401-0001-W14,LIT-03,litho,void,0.0445,30.44,114.66,2024-01-01T07:55:00
D-0000002,W2401-0001,W2401-0001-W12,LIT-03,litho,bridge,0.0461,11.69,53.74,2024-01-01T06:40:00
D-0000003,W2401-0001,W2401-0001-W11,LIT-03,litho,void,0.0788,37.27,29.44,2024-01-01T08:48:00
D-0000004,W2401-0001,W2401-0001-W21,LIT-03,litho,etch_pit,0.0228,89.02,-107.42,2024-01-01T09:58:00
D-0000005,W2401-0001,W2401-0001-W07,LIT-03,litho,etch_pit,0.0417,96.39,113.46,2024-01-01T08:38:00
D-0000006,W2401-0001,W2401-0001-W18,LIT-03,litho,particle,0.0183,-147.8,129.48,2024-01-01T09:20:00
D-0000007,W2401-0001,W2401-0001-W06,LIT-03,litho,etch_pit,0.0647,85.74,-3.22,2024-01-01T07:53:00
D-0000008,W2401-0001,W2401-0001-W24,LIT-03,litho,etch_pit,0.0399,130.2,6.89,2024-01-01T09:59:00
D-0000009,W2401-0002,W2401-0002-W08,DIFF-02,diffusion,bridge,0.07,55.96,145.41,2024-01-01T11:37:36
D-0000010,W2401-0002,W2401-0002-W21,DIFF-02,diffusion,bridge,0.0225,57.79,75.49,2024-01-01T13:43:36
D-0000011,W2401-0002,W2401-0002-W01,DIFF-02,diffusion,etch_pit,0.0875,89.38,-1.43,2024-01-01T10:58:36
D-0000012,W2401-0002,W2401-0002-W23,DIFF-02,diffusion,patterning_defect,0.0293,-27.98,96.92,2024-01-01T12:58:36
D-0000013,W2401-0002,W2401-0002-W21,DIFF-02,diffusion,particle,0.0752,-142.0,-139.73,2024-01-01T11:10:36
D-0000014,W2401-0002,W2401-0002-W07,DIFF-02,diffusion,scratch,0.0721,-127.74,-73.48,2024-01-01T11:10:36
D-0000015,W2401-0002,W2401-0002-W14,DIFF-02,diffusion,patterning_defect,0.0629,-145.85,29.07,2024-01-01T12:07:36
D-0000016,W2401-0003,W2401-0003-W12,DIFF-01,diffusion,scratch,0.0443,26.73,-6.43,2024-01-01T16:53:13
D-0000017,W2401-0003,W2401-0003-W19,DIFF-01,diffusion,particle,0.0493,-139.61,-53.75,2024-01-01T14:23:13
D-0000018,W2401-0003,W2401-0003-W09,DIFF-01,diffusion,etch_pit,0.0789,-34.64,11.63,2024-01-01T14:41:13
D-0000019,W2401-0003,W2401-0003-W14,DIFF-01,diffusion,bridge,0.0596,-44.39,140.47,2024-01-01T16:21:13
D-0000020,W2401-0003,W2401-0003-W01,DIFF-01,diffusion,void,0.087,77.2,-123.13,2024-01-01T15:20:13
D-0000021,W2401-0003,W2401-0003-W18,DIFF-01,diffusion,particle,0.0296,98.53,39.13,2024-01-01T14:40:13
D-0000022,W2401-0003,W2401-0003-W15,DIFF-01,diffusion,void,0.037,30.88,-9.15,2024-01-01T15:38:13
D-0000023,W2401-0004,W2401-0004-W18,ETCH-03,etch,etch_pit,0.0784,-84.47,-26.64,2024-01-01T18:04:54
D-0000024,W2401-0004,W2401-0004-W22,ETCH-03,etch,particle,0.079,83.69,129.79,2024-01-01T19:55:54
D-0000025,W2401-0004,W2401-0004-W03,ETCH-03,etch,void,0.0471,58.75,-33.32,2024-01-01T20:19:54
D-0000026,W2401-0004,W2401-0004-W21,ETCH-03,etch,etch_pit,0.0303,-113.93,4.99,2024-01-01T18:46:54
D-0000027,W2401-0004,W2401-0004-W15,ETCH-03,etch,scratch,0.023,-62.49,-50.24,2024-01-01T18:30:54
D-0000028,W2401-0004,W2401-0004-W22,ETCH-03,etch,scratch,0.077,-89.66,-4.1,2024-01-01T18:03:54
D-0000029,W2401-0005,W2401-0005-W25,DEP-01,deposition,etch_pit,0.0623,-96.36,-36.74,2024-01-01T23:06:35
D-0000030,W2401-0005,W2401-0005-W06,DEP-01,deposition,scratch,0.0792,24.9,-1.98,2024-01-02T00:51:35
D-0000031,W2401-0005,W2401-0005-W15,DEP-01,deposition,etch_pit,0.0858,-114.41,-100.0,2024-01-01T22:22:35
D-0000032,W2401-0005,W2401-0005-W24,DEP-01,deposition,patterning_defect,0.0584,-141.94,-1.15,2024-01-02T01:12:35
D-0000033,W2401-0005,W2401-0005-W23,DEP-01,deposition,void,0.0667,118.51,-39.25,2024-01-02T00:08:35
D-0000034,W2401-0005,W2401-0005-W04,DEP-01,deposition,void,0.0127,-18.99,60.21,2024-01-01T22:06:35
D-0000035,W2401-0005,W2401-0005-W03,DEP-01,deposition,particle,0.0802,49.08,-7.56,2024-01-01T23:58:35
D-0000036,W2401-0006,W2401-0006-W05,IMP-02,implant,particle,0.023,20.99,49.06,2024-01-02T03:49:48
D-0000037,W2401-0006,W2401-0006-W22,IMP-02,implant,patterning_defect,0.0399,-70.62,-129.09,2024-01-02T05:17:48
D-0000038,W2401-0006,W2401-0006-W22,IMP-02,implant,scratch,0.0431,17.78,-79.79,2024-01-02T02:32:48
D-0000039,W2401-0006,W2401-0006-W10,IMP-02,implant,particle,0.0661,-145.66,-131.12,2024-01-02T05:16:48
D-0000040,W2401-0006,W2401-0006-W01,IMP-02,implant,particle,0.0633,25.5,-146.36,2024-01-02T05:22:48
D-0000041,W2401-0007,W2401-0007-W11,IMP-02,implant,patterning_defect,0.0788,89.77,-92.78,2024-01-02T07:31:32
D-0000042,W2401-0007,W2401-0007-W16,IMP-02,implant,void,0.0179,-33.42,39.75,2024-01-02T07:48:32
D-0000043,W2401-0007,W2401-0007-W03,IMP-02,implant,particle,0.0202,2.94,107.63,2024-01-02T05:47:32
D-0000044,W2401-0007,W2401-0007-W16,IMP-02,implant,void,0.089,19.71,-75.37,2024-01-02T08:42:32
D-0000045,W2401-0007,W2401-0007-W14,IMP-02,implant,etch_pit,0.0389,-81.85,-70.78,2024-01-02T05:45:32
D-0000046,W2401-0008,W2401-0008-W02,ETCH-01,etch,etch_pit,0.0725,-140.76,51.15,2024-01-02T10:52:54
D-0000047,W2401-0008,W2401-0008-W13,ETCH-01,etch,void,0.0769,-82.03,121.44,2024-01-02T11:19:54
D-0000048,W2401-0008,W2401-0008-W20,ETCH-01,etch,patterning_defect,0.0508,-27.85,110.82,2024-01-02T11:59:54
D-0000049,W2401-0008,W2401-0008-W06,ETCH-01,etch,scratch,0.0517,-0.85,-126.63,2024-01-02T11:50:54
D-0000050,W2401-0008,W2401-0008-W01,ETCH-01,etch,void,0.0549,60.93,82.56,2024-01-02T12:34:54
D-0000051,W2401-0008,W2401-0008-W21,ETCH-01,etch,particle,0.0322,-65.31,44.75,2024-01-02T10:44:54
D-0000052,W2401-0008,W2401-0008-W10,ETCH-01,etch,etch_pit,0.0584,124.96,105.9,2024-01-02T11:17:54
D-0000053,W2401-0009,W2401-0009-W16,ETCH-02,etch,void,0.0797,56.16,58.18,2024-01-02T16:09:06
D-0000054,W2401-0009,W2401-0009-W20,ETCH-02,etch,bridge,0.0729,-108.09,-48.55,2024-01-02T16:12:06
D-0000055,W2401-0009,W2401-0009-W16,ETCH-02,etch,patterning_defect,0.0526,34.68,-130.25,2024-01-02T15:56:06
D-0000056,W2401-0009,W2401-0009-W09,ETCH-02,etch,patterning_defect,0.08,28.14,-81.1,2024-01-02T14:37:06
D-0000057,W2401-0009,W2401-0009-W08,ETCH-02,etch,bridge,0.0379,-57.71,97.07,2024-01-02T15:27:06
D-0000058,W2401-0009,W2401-0009-W22,ETCH-02,etch,void,0.0311,-22.69,47.42,2024-01-02T16:31:06
D-0000059,W2401-0009,W2401-0009-W20,ETCH-02,etch,etch_pit,0.0211,80.43,-61.09,2024-01-02T16:10:06
D-0000060,W2401-0009,W2401-0009-W22,ETCH-02,etch,void,0.0534,-53.3,88.81,2024-01-02T15:43:06
D-0000061,W2401-0010,W2401-0010-W06,DIFF-01,diffusion,particle,0.0678,-62.14,-75.39,2024-01-02T19:59:07
D-0000062,W2401-0010,W2401-0010-W21,DIFF-01,diffusion,etch_pit,0.0246,43.95,-0.91,2024-01-02T18:28:07
D-0000063,W2401-0010,W2401-0010-W13,DIFF-01,diffusion,void,0.0317,20.32,11.15,2024-01-02T18:03:07
D-0000064,W2401-0010,W2401-0010-W09,DIFF-01,diffusion,bridge,0.0302,139.02,93.31,2024-01-02T19:06:07
D-0000065,W2401-0010,W2401-0010-W01,DIFF-01,diffusion,particle,0.075,-73.07,-1.47,2024-01-02T19:46:07
D-0000066,W2401-0010,W2401-0010-W19,DIFF-01,diffusion,etch_pit,0.0509,-23.69,-69.82,2024-01-02T19:15:07
D-0000067,W2401-0010,W2401-0010-W21,DIFF-01,diffusion,patterning_defect,0.0576,-7.04,-33.71,2024-01-02T17:56:07
D-0000068,W2401-0010,W2401-0010-W05,DIFF-01,diffusion,scratch,0.0389,89.79,-132.76,2024-01-02T17:43:07
D-0000069,W2401-0011,W2401-0011-W04,IMP-01,implant,void,0.0315,84.59,126.87,2024-01-03T00:18:51
D-0000070,W2401-0011,W2401-0011-W14,IMP-01,implant,scratch,0.0813,19.84,-146.06,2024-01-02T22:49:51
D-0000071,W2401-0011,W2401-0011-W20,IMP-01,implant,etch_pit,0.0327,-77.28,-83.31,2024-01-02T23:57:51
D-0000072,W2401-0011,W2401-0011-W19,IMP-01,implant,etch_pit,0.0842,-43.64,-78.56,2024-01-02T21:28:51
D-0000073,W2401-0011,W2401-0011-W18,IMP-01,implant,bridge,0.071,-97.79,138.99,2024-01-02T23:01:51
D-0000074,W2401-0011,W2401-0011-W07,IMP-01,implant,void,0.0114,-101.2,21.23,2024-01-03T00:00:51
D-0000075,W2401-0012,W2401-0012-W16,LIT-01,litho,particle,0.0297,-27.89,-76.88,2024-01-03T03:48:46
D-0000076,W2401-0012,W2401-0012-W06,LIT-01,litho,etch_pit,0.0834,-65.72,-148.06,2024-01-03T04:03:46
D-0000077,W2401-0012,W2401-0012-W10,LIT-01,litho,void,0.0789,104.18,-16.04,2024-01-03T02:11:46
D-0000078,W2401-0012,W2401-0012-W04,LIT-01,litho,etch_pit,0.0427,-16.65,-104.19,2024-01-03T02:50:46
D-0000079,W2401-0012,W2401-0012-W20,LIT-01,litho,etch_pit,0.0118,78.99,-87.87,2024-01-03T04:04:46
D-0000080,W2401-0012,W2401-0012-W16,LIT-01,litho,void,0.08,-47.0,-142.83,2024-01-03T03:21:46
D-0000081,W2401-0013,W2401-0013-W13,CMP-02,cmp,etch_pit,0.0585,-37.86,60.63,2024-01-03T07:28:32
D-0000082,W2401-0013,W2401-0013-W23,CMP-02,cmp,bridge,0.0235,-28.61,-84.06,2024-01-03T06:25:32
D-0000083,W2401-0013,W2401-0013-W13,CMP-02,cmp,scratch,0.0672,118.74,-35.93,2024-01-03T06:55:32
D-0000084,W2401-0013,W2401-0013-W01,CMP-02,cmp,bridge,0.0551,43.35,-129.72,2024-01-03T07:57:32
D-0000085,W2401-0013,W2401-0013-W01,CMP-02,cmp,void,0.0376,-35.47,-2.69,2024-01-03T08:00:32
D-0000086,W2401-0013,W2401-0013-W15,CMP-02,cmp,patterning_defect,0.0172,-73.03,-80.89,2024-01-03T06:28:32
D-0000087,W2401-0013,W2401-0013-W09,CMP-02,cmp,void,0.0235,105.39,43.21,2024-01-03T07:28:32
D-0000088,W2401-0013,W2401-0013-W17,CMP-02,cmp,etch_pit,0.0777,142.79,-40.36,2024-01-03T08:09:32
D-0000089,W2401-0014,W2401-0014-W03,DIFF-02,diffusion,etch_pit,0.0227,34.4,15.74,2024-01-03T10:01:52
D-0000090,W2401-0014,W2401-0014-W03,DIFF-02,diffusion,void,0.0304,-104.59,-106.79,2024-01-03T10:48:52
D-0000091,W2401-0014,W2401-0014-W09,DIFF-02,diffusion,etch_pit,0.0249,-26.98,-99.34,2024-01-03T09:14:52
D-0000092,W2401-0014,W2401-0014-W08,DIFF-02,diffusion,etch_pit,0.0597,21.64,84.36,2024-01-03T12:06:52
D-0000093,W2401-0014,W2401-0014-W06,DIFF-02,diffusion,scratch,0.0476,-22.87,-98.96,2024-01-03T09:01:52
D-0000094,W2401-0015,W2401-0015-W20,DIFF-02,diffusion,etch_pit,0.0154,-118.75,94.55,2024-01-03T14:12:43
D-0000095,W2401-0015,W2401-0015-W18,DIFF-02,diffusion,particle,0.047,77.74,66.52,2024-01-03T14:06:43
D-0000096,W2401-0015,W2401-0015-W18,DIFF-02,diffusion,patterning_defect,0.0297,-146.39,105.91,2024-01-03T16:43:43
D-0000097,W2401-0015,W2401-0015-W09,DIFF-02,diffusion,void,0.0117,1.34,-132.06,2024-01-03T14:01:43
D-0000098,W2401-0015,W2401-0015-W06,DIFF-02,diffusion,particle,0.0225,-109.58,107.78,2024-01-03T15:01:43
D-0000099,W2401-0016,W2401-0016-W09,DIFF-01,diffusion,void,0.0464,62.64,63.6,2024-01-03T17:48:19
D-0000100,W2401-0016,W2401-0016-W21,DIFF-01,diffusion,bridge,0.0134,143.89,-108.5,2024-01-03T18:20:19
D-0000101,W2401-0016,W2401-0016-W15,DIFF-01,diffusion,void,0.0492,75.77,14.99,2024-01-03T20:12:19
D-0000102,W2401-0016,W2401-0016-W13,DIFF-01,diffusion,etch_pit,0.0473,43.91,5.86,2024-01-03T20:28:19
D-0000103,W2401-0016,W2401-0016-W20,DIFF-01,diffusion,bridge,0.077,-28.25,-74.07,2024-01-03T18:51:19
D-0000104,W2401-0016,W2401-0016-W06,DIFF-01,diffusion,void,0.05,90.84,-87.35,2024-01-03T19:40:19
D-0000105,W2401-0016,W2401-0016-W12,DIFF-01,diffusion,etch_pit,0.0192,120.44,-34.99,2024-01-03T18:23:19
D-0000106,W2401-0016,W2401-0016-W12,DIFF-01,diffusion,particle,0.049,74.59,-84.76,2024-01-03T20:25:19
D-0000107,W2401-0017,W2401-0017-W15,DIFF-02,diffusion,etch_pit,0.0732,74.27,44.42,2024-01-03T22:30:04
D-0000108,W2401-0017,W2401-0017-W13,DIFF-02,diffusion,scratch,0.0113,-81.33,-18.17,2024-01-03T23:17:04
D-0000109,W2401-0017,W2401-0017-W13,DIFF-02,diffusion,void,0.0472,113.95,-10.94,2024-01-03T22:59:04
D-0000110,W2401-0017,W2401-0017-W02,DIFF-02,diffusion,scratch,0.0216,41.73,-118.82,2024-01-03T22:48:04
D-0000111,W2401-0017,W2401-0017-W02,DIFF-02,diffusion,void,0.0828,115.34,110.89,2024-01-03T21:32:04
D-0000112,W2401-0018,W2401-0018-W10,LIT-02,litho,void,0.051,-6.82,129.33,2024-01-04T03:01:04
D-0000113,W2401-0018,W2401-0018-W03,LIT-02,litho,void,0.0255,125.75,-99.55,2024-01-04T01:24:04
D-0000114,W2401-0018,W2401-0018-W05,LIT-02,litho,etch_pit,0.0549,-131.15,2.83,2024-01-04T03:40:04
D-0000115,W2401-0018,W2401-0018-W17,LIT-02,litho,void,0.0459,-49.46,33.65,2024-01-04T02:27:04
D-0000116,W2401-0018,W2401-0018-W20,LIT-02,litho,scratch,0.0394,89.76,25.52,2024-01-04T02:51:04
D-0000117,W2401-0018,W2401-0018-W25,LIT-02,litho,void,0.0711,-138.23,83.23,2024-01-04T04:05:04
D-0000118,W2401-0018,W2401-0018-W24,LIT-02,litho,bridge,0.0154,139.5,129.02,2024-01-04T02:35:04
D-0000119,W2401-0018,W2401-0018-W11,LIT-02,litho,bridge,0.0452,66.32,-69.4,2024-01-04T01:35:04
D-0000120,W2401-0019,W2401-0019-W03,DIFF-01,diffusion,bridge,0.0321,-83.37,-135.88,2024-01-04T04:59:18
D-0000121,W2401-0019,W2401-0019-W05,DIFF-01,diffusion,scratch,0.0555,-24.56,97.12,2024-01-04T05:34:18
D-0000122,W2401-0019,W2401-0019-W14,DIFF-01,diffusion,void,0.0304,123.99,-148.83,2024-01-04T05:12:18
D-0000123,W2401-0019,W2401-0019-W06,DIFF-01,diffusion,etch_pit,0.0312,-5.17,-129.31,2024-01-04T06:55:18
D-0000124,W2401-0019,W2401-0019-W06,DIFF-01,diffusion,patterning_defect,0.0495,-125.17,-12.04,2024-01-04T06:23:18
D-0000125,W2401-0020,W2401-0020-W24,ETCH-03,etch,patterning_defect,0.078,135.79,-72.09,2024-01-04T11:00:14
D-0000126,W2401-0020,W2401-0020-W18,ETCH-03,etch,etch_pit,0.0752,-50.48,49.15,2024-01-04T10:52:14
D-0000127,W2401-0020,W2401-0020-W05,ETCH-03,etch,bridge,0.0768,26.75,54.42,2024-01-04T12:04:14
D-0000128,W2401-0020,W2401-0020-W20,ETCH-03,etch,etch_pit,0.0296,93.85,-19.71,2024-01-04T09:47:14
D-0000129,W2401-0020,W2401-0020-W11,ETCH-03,etch,patterning_defect,0.034,140.88,146.41,2024-01-04T08:51:14
D-0000130,W2401-0020,W2401-0020-W19,ETCH-03,etch,scratch,0.0791,-117.26,-104.9,2024-01-04T09:35:14
D-0000131,W2401-0020,W2401-0020-W08,ETCH-03,etch,etch_pit,0.0299,120.74,126.96,2024-01-04T11:36:14
D-0000132,W2401-0020,W2401-0020-W18,ETCH-03,etch,void,0.043,-29.84,19.84,2024-01-04T09:54:14
D-0000133,W2401-0021,W2401-0021-W08,LIT-01,litho,scratch,0.0485,127.67,-129.24,2024-01-04T14:04:10
D-0000134,W2401-0021,W2401-0021-W02,LIT-01,litho,void,0.0752,-103.09,-7.99,2024-01-04T12:51:10
D-0000135,W2401-0021,W2401-0021-W11,LIT-01,litho,patterning_defect,0.0195,-78.77,112.97,2024-01-04T14:49:10
D-0000136,W2401-0021,W2401-0021-W13,LIT-01,litho,bridge,0.0424,104.14,-63.63,2024-01-04T15:20:10
D-0000137,W2401-0022,W2401-0022-W11,LIT-03,litho,scratch,0.0362,-36.7,-124.3,2024-01-04T17:09:12
D-0000138,W2401-0022,W2401-0022-W03,LIT-03,litho,etch_pit,0.0107,12.03,-2.19,2024-01-04T17:11:12
D-0000139,W2401-0022,W2401-0022-W23,LIT-03,litho,bridge,0.0893,-148.38,-96.08,2024-01-04T17:22:12
D-0000140,W2401-0022,W2401-0022-W10,LIT-03,litho,patterning_defect,0.0393,55.33,97.37,2024-01-04T18:19:12
D-0000141,W2401-0022,W2401-0022-W22,LIT-03,litho,bridge,0.0132,117.08,-50.62,2024-01-04T16:57:12
D-0000142,W2401-0023,W2401-0023-W03,ETCH-03,etch,patterning_defect,0.0591,95.79,-91.71,2024-01-04T21:59:53
D-0000143,W2401-0023,W2401-0023-W13,ETCH-03,etch,etch_pit,0.0492,-69.34,-62.15,2024-01-04T23:30:53
D-0000144,W2401-0023,W2401-0023-W03,ETCH-03,etch,etch_pit,0.0328,-129.65,31.64,2024-01-04T22:22:53
D-0000145,W2401-0023,W2401-0023-W06,ETCH-03,etch,bridge,0.066,-120.36,31.73,2024-01-05T00:12:53
D-0000146,W2401-0023,W2401-0023-W10,ETCH-03,etch,particle,0.0782,49.17,58.08,2024-01-05T00:43:53
D-0000147,W2401-0023,W2401-0023-W15,ETCH-03,etch,void,0.0507,-61.49,61.29,2024-01-04T22:58:53
D-0000148,W2401-0023,W2401-0023-W14,ETCH-03,etch,etch_pit,0.0288,144.41,-56.82,2024-01-04T22:39:53
D-0000149,W2401-0023,W2401-0023-W07,ETCH-03,etch,scratch,0.0219,-102.74,-125.32,2024-01-04T23:46:53
D-0000150,W2401-0024,W2401-0024-W05,DIFF-01,diffusion,particle,0.0459,-104.5,-127.11,2024-01-05T04:40:17
D-0000151,W2401-0024,W2401-0024-W11,DIFF-01,diffusion,bridge,0.0563,65.15,-19.27,2024-01-05T01:54:17
D-0000152,W2401-0024,W2401-0024-W21,DIFF-01,diffusion,bridge,0.0637,68.36,-58.84,2024-01-05T04:24:17
D-0000153,W2401-0024,W2401-0024-W07,DIFF-01,diffusion,etch_pit,0.0625,-40.47,-32.54,2024-01-05T02:51:17
D-0000154,W2401-0025,W2401-0025-W02,CMP-02,cmp,particle,0.0782,-73.85,-93.4,2024-01-05T07:59:59
D-0000155,W2401-0025,W2401-0025-W15,CMP-02,cmp,bridge,0.0418,62.32,-52.57,2024-01-05T06:26:59
D-0000156,W2401-0025,W2401-0025-W11,CMP-02,cmp,etch_pit,0.0666,47.2,136.5,2024-01-05T09:04:59
D-0000157,W2401-0025,W2401-0025-W19,CMP-02,cmp,etch_pit,0.0247,110.01,-100.07,2024-01-05T06:56:59
D-0000158,W2401-0026,W2401-0026-W03,DIFF-01,diffusion,void,0.0891,-104.85,114.5,2024-01-05T10:59:17
D-0000159,W2401-0026,W2401-0026-W17,DIFF-01,diffusion,bridge,0.0866,121.38,65.79,2024-01-05T11:44:17
D-0000160,W2401-0026,W2401-0026-W02,DIFF-01,diffusion,etch_pit,0.0605,62.99,89.46,2024-01-05T11:33:17
D-0000161,W2401-0026,W2401-0026-W11,DIFF-01,diffusion,particle,0.0486,96.65,0.32,2024-01-05T10:52:17
D-0000162,W2401-0026,W2401-0026-W05,DIFF-01,diffusion,scratch,0.0627,70.49,1.48,2024-01-05T12:13:17
D-0000163,W2401-0026,W2401-0026-W13,DIFF-01,diffusion,etch_pit,0.0895,33.51,33.44,2024-01-05T11:49:17
D-0000164,W2401-0026,W2401-0026-W25,DIFF-01,diffusion,patterning_defect,0.074,-13.42,65.29,2024-01-05T12:18:17
D-0000165,W2401-0027,W2401-0027-W18,ETCH-01,etch,patterning_defect,0.0465,-64.22,-143.66,2024-01-05T16:40:46
D-0000166,W2401-0027,W2401-0027-W21,ETCH-01,etch,patterning_defect,0.015,98.21,-24.66,2024-01-05T16:08:46
D-0000167,W2401-0027,W2401-0027-W20,ETCH-01,etch,bridge,0.0838,99.77,-82.58,2024-01-05T15:17:46
D-0000168,W2401-0027,W2401-0027-W10,ETCH-01,etch,etch_pit,0.0782,94.39,50.19,2024-01-05T16:38:46
D-0000169,W2401-0027,W2401-0027-W09,ETCH-01,etch,void,0.0103,-80.69,-82.9,2024-01-05T17:40:46
D-0000170,W2401-0027,W2401-0027-W15,ETCH-01,etch,scratch,0.0102,-134.77,-126.32,2024-01-05T17:35:46
D-0000171,W2401-0028,W2401-0028-W18,DIFF-01,diffusion,etch_pit,0.0537,-24.81,0.52,2024-01-05T21:27:54
D-0000172,W2401-0028,W2401-0028-W25,DIFF-01,diffusion,bridge,0.0345,29.87,-133.74,2024-01-05T20:48:54
D-0000173,W2401-0028,W2401-0028-W07,DIFF-01,diffusion,void,0.0542,83.34,105.86,2024-01-05T19:59:54
D-0000174,W2401-0028,W2401-0028-W18,DIFF-01,diffusion,etch_pit,0.0242,46.52,-144.77,2024-01-05T20:09:54
D-0000175,W2401-0028,W2401-0028-W03,DIFF-01,diffusion,scratch,0.0296,-6.0,-119.36,2024-01-05T21:31:54
D-0000176,W2401-0028,W2401-0028-W24,DIFF-01,diffusion,scratch,0.0626,51.2,-25.16,2024-01-05T20:09:54
D-0000177,W2401-0029,W2401-0029-W24,ETCH-01,etch,scratch,0.0178,128.66,-56.77,2024-01-06T00:55:59
D-0000178,W2401-0029,W2401-0029-W23,ETCH-01,etch,void,0.0155,143.88,111.22,2024-01-05T22:37:59
D-0000179,W2401-0029,W2401-0029-W08,ETCH-01,etch,particle,0.0716,77.02,-68.52,2024-01-05T23:22:59
D-0000180,W2401-0029,W2401-0029-W04,ETCH-01,etch,etch_pit,0.037,0.14,99.89,2024-01-06T00:53:59
D-0000181,W2401-0029,W2401-0029-W15,ETCH-01,etch,void,0.0485,34.08,85.08,2024-01-06T00:08:59
D-0000182,W2401-0030,W2401-0030-W12,IMP-01,implant,scratch,0.0745,13.5,-74.42,2024-01-06T03:03:48
D-0000183,W2401-0030,W2401-0030-W20,IMP-01,implant,etch_pit,0.0735,-123.25,-130.1,2024-01-06T03:36:48
D-0000184,W2401-0030,W2401-0030-W11,IMP-01,implant,scratch,0.0752,10.37,-6.35,2024-01-06T06:12:48
D-0000185,W2401-0030,W2401-0030-W21,IMP-01,implant,void,0.0372,-33.0,76.51,2024-01-06T03:25:48
D-0000186,W2401-0031,W2401-0031-W25,ETCH-01,etch,etch_pit,0.027,-92.34,40.97,2024-01-06T10:31:30
D-0000187,W2401-0031,W2401-0031-W19,ETCH-01,etch,etch_pit,0.0154,146.92,-81.43,2024-01-06T10:01:30
D-0000188,W2401-0031,W2401-0031-W25,ETCH-01,etch,void,0.0717,-33.59,42.47,2024-01-06T08:03:30
D-0000189,W2401-0031,W2401-0031-W02,ETCH-01,etch,particle,0.025,21.14,-143.9,2024-01-06T10:03:30
D-0000190,W2401-0031,W2401-0031-W12,ETCH-01,etch,bridge,0.0432,100.58,139.94,2024-01-06T09:11:30
D-0000191,W2401-0031,W2401-0031-W03,ETCH-01,etch,particle,0.0177,6.11,79.31,2024-01-06T09:44:30
D-0000192,W2401-0031,W2401-0031-W05,ETCH-01,etch,void,0.0543,15.38,77.95,2024-01-06T07:43:30
D-0000193,W2401-0031,W2401-0031-W20,ETCH-01,etch,etch_pit,0.0729,41.15,-75.68,2024-01-06T09:30:30
D-0000194,W2401-0032,W2401-0032-W10,LIT-02,litho,particle,0.0185,130.84,49.12,2024-01-06T11:35:13
D-0000195,W2401-0032,W2401-0032-W23,LIT-02,litho,scratch,0.0404,-103.4,-47.7,2024-01-06T12:45:13
D-0000196,W2401-0032,W2401-0032-W03,LIT-02,litho,patterning_defect,0.0391,-0.51,71.11,2024-01-06T12:44:13
D-0000197,W2401-0032,W2401-0032-W01,LIT-02,litho,particle,0.0328,-93.94,-121.26,2024-01-06T11:35:13
D-0000198,W2401-0032,W2401-0032-W17,LIT-02,litho,bridge,0.0781,-40.97,-120.64,2024-01-06T12:07:13
D-0000199,W2401-0032,W2401-0032-W25,LIT-02,litho,scratch,0.0811,-94.58,-85.73,2024-01-06T14:24:13
D-0000200,W2401-0032,W2401-0032-W03,LIT-02,litho,scratch,0.0321,101.76,14.96,2024-01-06T13:18:13
D-0000201,W2401-0033,W2401-0033-W23,LIT-01,litho,void,0.0562,56.76,-60.43,2024-01-06T16:54:15
D-0000202,W2401-0033,W2401-0033-W22,LIT-01,litho,scratch,0.0816,75.19,-136.86,2024-01-06T16:20:15
D-0000203,W2401-0033,W2401-0033-W03,LIT-01,litho,bridge,0.0315,-133.49,-128.51,2024-01-06T17:03:15
D-0000204,W2401-0033,W2401-0033-W01,LIT-01,litho,particle,0.0482,-9.17,-41.38,2024-01-06T16:51:15
D-0000205,W2401-0034,W2401-0034-W09,ETCH-02,etch,scratch,0.0852,117.72,-75.22,2024-01-06T19:52:19
D-0000206,W2401-0034,W2401-0034-W06,ETCH-02,etch,scratch,0.0835,59.81,-118.05,2024-01-06T21:54:19
D-0000207,W2401-0034,W2401-0034-W01,ETCH-02,etch,void,0.0683,-111.25,70.88,2024-01-06T21:57:19
D-0000208,W2401-0034,W2401-0034-W22,ETCH-02,etch,void,0.0892,-147.42,6.85,2024-01-06T19:36:19
D-0000209,W2401-0035,W2401-0035-W24,DEP-02,deposition,etch_pit,0.025,14.17,-131.31,2024-01-06T23:07:13
D-0000210,W2401-0035,W2401-0035-W20,DEP-02,deposition,bridge,0.0254,8.28,-46.41,2024-01-06T23:56:13
D-0000211,W2401-0035,W2401-0035-W19,DEP-02,deposition,void,0.0563,-68.73,34.68,2024-01-06T22:44:13
D-0000212,W2401-0035,W2401-0035-W23,DEP-02,deposition,void,0.0619,-0.69,142.39,2024-01-06T23:56:13
D-0000213,W2401-0035,W2401-0035-W19,DEP-02,deposition,scratch,0.0302,-110.8,-94.06,2024-01-07T00:57:13
D-0000214,W2401-0035,W2401-0035-W19,DEP-02,deposition,particle,0.0637,-109.53,-137.02,2024-01-06T23:16:13
D-0000215,W2401-0035,W2401-0035-W24,DEP-02,deposition,particle,0.0158,-31.37,138.64,2024-01-06T23:23:13
D-0000216,W2401-0035,W2401-0035-W04,DEP-02,deposition,bridge,0.0621,64.74,98.33,2024-01-06T22:16:13
D-0000217,W2401-0036,W2401-0036-W04,LIT-03,litho,scratch,0.0458,-105.2,44.09,2024-01-07T02:25:37
D-0000218,W2401-0036,W2401-0036-W12,LIT-03,litho,scratch,0.0429,47.54,53.73,2024-01-07T03:47:37
D-0000219,W2401-0036,W2401-0036-W22,LIT-03,litho,scratch,0.0608,-87.38,-43.75,2024-01-07T04:44:37
D-0000220,W2401-0036,W2401-0036-W22,LIT-03,litho,scratch,0.0491,-67.38,-134.42,2024-01-07T01:54:37
D-0000221,W2401-0036,W2401-0036-W14,LIT-03,litho,void,0.0149,115.9,-131.24,2024-01-07T03:51:37
D-0000222,W2401-0036,W2401-0036-W17,LIT-03,litho,scratch,0.0431,113.63,-107.07,2024-01-07T03:05:37
D-0000223,W2401-0036,W2401-0036-W06,LIT-03,litho,void,0.0111,85.14,8.82,2024-01-07T04:24:37
D-0000224,W2401-0037,W2401-0037-W12,LIT-01,litho,scratch,0.0279,-89.12,108.43,2024-01-07T07:30:16
D-0000225,W2401-0037,W2401-0037-W13,LIT-01,litho,scratch,0.0484,-18.44,-109.22,2024-01-07T08:47:16
D-0000226,W2401-0037,W2401-0037-W08,LIT-01,litho,bridge,0.0408,144.97,15.42,2024-01-07T08:12:16
D-0000227,W2401-0037,W2401-0037-W05,LIT-01,litho,particle,0.0677,6.56,56.59,2024-01-07T06:37:16
D-0000228,W2401-0037,W2401-0037-W22,LIT-01,litho,void,0.0348,-28.69,-130.24,2024-01-07T05:55:16
D-0000229,W2401-0037,W2401-0037-W08,LIT-01,litho,etch_pit,0.0302,-76.2,136.39,2024-01-07T07:50:16
D-0000230,W2401-0037,W2401-0037-W20,LIT-01,litho,bridge,0.084,125.7,38.0,2024-01-07T07:43:16
D-0000231,W2401-0038,W2401-0038-W05,ETCH-01,etch,patterning_defect,0.0362,56.51,16.05,2024-01-07T11:32:43
D-0000232,W2401-0038,W2401-0038-W11,ETCH-01,etch,particle,0.0255,-116.68,-57.71,2024-01-07T12:22:43
D-0000233,W2401-0038,W2401-0038-W14,ETCH-01,etch,scratch,0.0744,25.69,38.4,2024-01-07T11:58:43
D-0000234,W2401-0038,W2401-0038-W20,ETCH-01,etch,bridge,0.0386,-35.78,37.14,2024-01-07T10:09:43
D-0000235,W2401-0039,W2401-0039-W02,CMP-01,cmp,etch_pit,0.0386,77.16,9.68,2024-01-07T15:24:14
D-0000236,W2401-0039,W2401-0039-W08,CMP-01,cmp,void,0.055,56.54,-118.25,2024-01-07T13:53:14
D-0000237,W2401-0039,W2401-0039-W08,CMP-01,cmp,void,0.0135,-9.81,10.42,2024-01-07T16:27:14
D-0000238,W2401-0039,W2401-0039-W03,CMP-01,cmp,particle,0.0892,14.47,65.09,2024-01-07T14:14:14
D-0000239,W2401-0039,W2401-0039-W24,CMP-01,cmp,scratch,0.0397,-138.09,-145.51,2024-01-07T15:48:14
D-0000240,W2401-0039,W2401-0039-W14,CMP-01,cmp,particle,0.0324,26.41,-14.95,2024-01-07T14:11:14
D-0000241,W2401-0040,W2401-0040-W11,DEP-01,deposition,patterning_defect,0.0589,-121.13,-74.41,2024-01-07T19:46:23
D-0000242,W2401-0040,W2401-0040-W18,DEP-01,deposition,etch_pit,0.0851,-77.12,-7.15,2024-01-07T18:23:23
D-0000243,W2401-0040,W2401-0040-W18,DEP-01,deposition,scratch,0.0706,68.14,127.02,2024-01-07T19:18:23
D-0000244,W2401-0040,W2401-0040-W07,DEP-01,deposition,etch_pit,0.081,-119.17,1.1,2024-01-07T18:11:23
D-0000245,W2401-0041,W2401-0041-W09,ETCH-03,etch,particle,0.0657,129.53,75.49,2024-01-07T23:19:42
D-0000246,W2401-0041,W2401-0041-W23,ETCH-03,etch,scratch,0.0691,143.25,21.37,2024-01-07T23:47:42
D-0000247,W2401-0041,W2401-0041-W09,ETCH-03,etch,scratch,0.0758,-79.2,-135.53,2024-01-07T21:42:42
D-0000248,W2401-0041,W2401-0041-W07,ETCH-03,etch,etch_pit,0.0258,-61.09,-130.74,2024-01-07T22:52:42
D-0000249,W2401-0041,W2401-0041-W08,ETCH-03,etch,bridge,0.0125,67.27,66.77,2024-01-07T22:30:42
D-0000250,W2401-0041,W2401-0041-W21,ETCH-03,etch,etch_pit,0.0709,99.75,-20.32,2024-01-07T23:53:42
D-0000251,W2401-0041,W2401-0041-W03,ETCH-03,etch,etch_pit,0.0227,-36.33,-97.93,2024-01-07T21:05:42
D-0000252,W2401-0041,W2401-0041-W18,ETCH-03,etch,scratch,0.0774,-23.73,-123.72,2024-01-07T21:37:42
D-0000253,W2401-0042,W2401-0042-W03,CMP-01,cmp,scratch,0.0187,-80.68,93.15,2024-01-08T02:31:51
D-0000254,W2401-0042,W2401-0042-W23,CMP-01,cmp,void,0.0544,52.79,134.09,2024-01-08T03:54:51
D-0000255,W2401-0042,W2401-0042-W19,CMP-01,cmp,patterning_defect,0.0809,-102.1,148.17,2024-01-08T03:39:51
D-0000256,W2401-0042,W2401-0042-W22,CMP-01,cmp,bridge,0.0863,-22.38,33.06,2024-01-08T04:46:51
D-0000257,W2401-0042,W2401-0042-W15,CMP-01,cmp,scratch,0.0308,-85.18,69.56,2024-01-08T04:40:51
D-0000258,W2401-0043,W2401-0043-W07,ETCH-02,etch,void,0.04,10.56,127.32,2024-01-08T07:34:38
D-0000259,W2401-0043,W2401-0043-W04,ETCH-02,etch,etch_pit,0.0201,-132.97,70.63,2024-01-08T07:22:38
D-0000260,W2401-0043,W2401-0043-W04,ETCH-02,etch,bridge,0.0416,44.6,63.31,2024-01-08T08:35:38
D-0000261,W2401-0043,W2401-0043-W05,ETCH-02,etch,particle,0.0244,111.99,89.08,2024-01-08T06:07:38
D-0000262,W2401-0044,W2401-0044-W17,DIFF-01,diffusion,etch_pit,0.0535,-126.9,11.62,2024-01-08T09:47:40
D-0000263,W2401-0044,W2401-0044-W11,DIFF-01,diffusion,void,0.0175,-71.18,14.57,2024-01-08T10:11:40
D-0000264,W2401-0044,W2401-0044-W02,DIFF-01,diffusion,void,0.078,-87.82,90.26,2024-01-08T10:22:40
D-0000265,W2401-0044,W2401-0044-W23,DIFF-01,diffusion,bridge,0.0514,37.2,-127.71,2024-01-08T12:30:40
D-0000266,W2401-0045,W2401-0045-W03,DEP-01,deposition,etch_pit,0.0357,-99.94,-66.66,2024-01-08T15:19:00
D-0000267,W2401-0045,W2401-0045-W01,DEP-01,deposition,particle,0.0109,-140.86,49.13,2024-01-08T13:59:00
D-0000268,W2401-0045,W2401-0045-W24,DEP-01,deposition,particle,0.0358,76.75,91.78,2024-01-08T16:22:00
D-0000269,W2401-0045,W2401-0045-W03,DEP-01,deposition,particle,0.0252,135.02,-119.72,2024-01-08T17:13:00
D-0000270,W2401-0045,W2401-0045-W18,DEP-01,deposition,bridge,0.0146,38.99,139.66,2024-01-08T13:59:00
D-0000271,W2401-0045,W2401-0045-W24,DEP-01,deposition,particle,0.0383,-36.04,-114.68,2024-01-08T16:02:00
D-0000272,W2401-0045,W2401-0045-W21,DEP-01,deposition,scratch,0.0334,-101.54,13.64,2024-01-08T14:30:00
D-0000273,W2401-0045,W2401-0045-W20,DEP-01,deposition,bridge,0.0532,-63.42,6.62,2024-01-08T17:09:00
D-0000274,W2401-0046,W2401-0046-W05,ETCH-03,etch,scratch,0.0711,0.42,85.92,2024-01-08T18:55:38
D-0000275,W2401-0046,W2401-0046-W13,ETCH-03,etch,void,0.0506,-9.74,-135.84,2024-01-08T17:47:38
D-0000276,W2401-0046,W2401-0046-W01,ETCH-03,etch,bridge,0.0809,-36.39,40.73,2024-01-08T17:57:38
D-0000277,W2401-0046,W2401-0046-W12,ETCH-03,etch,etch_pit,0.032,-104.31,-36.44,2024-01-08T18:06:38
D-0000278,W2401-0047,W2401-0047-W14,LIT-01,litho,particle,0.0316,-81.1,-53.15,2024-01-09T00:24:58
D-0000279,W2401-0047,W2401-0047-W02,LIT-01,litho,void,0.0757,84.97,-37.15,2024-01-08T21:45:58
D-0000280,W2401-0047,W2401-0047-W18,LIT-01,litho,etch_pit,0.06,-133.2,-87.04,2024-01-08T23:20:58
D-0000281,W2401-0047,W2401-0047-W20,LIT-01,litho,etch_pit,0.0547,35.19,85.38,2024-01-08T21:39:58
D-0000282,W2401-0047,W2401-0047-W25,LIT-01,litho,bridge,0.0609,130.7,126.54,2024-01-08T22:22:58
D-0000283,W2401-0048,W2401-0048-W03,IMP-02,implant,particle,0.0742,127.59,108.84,2024-01-09T02:29:59
D-0000284,W2401-0048,W2401-0048-W17,IMP-02,implant,particle,0.0545,8.73,-147.52,2024-01-09T04:05:59
D-0000285,W2401-0048,W2401-0048-W24,IMP-02,implant,scratch,0.0786,-96.12,133.64,2024-01-09T03:32:59
D-0000286,W2401-0048,W2401-0048-W08,IMP-02,implant,void,0.0402,78.63,8.44,2024-01-09T01:41:59
D-0000287,W2401-0048,W2401-0048-W13,IMP-02,implant,scratch,0.0224,-129.47,58.6,2024-01-09T04:03:59
D-0000288,W2401-0049,W2401-0049-W24,DIFF-01,diffusion,scratch,0.0557,50.51,68.7,2024-01-09T07:13:05
D-0000289,W2401-0049,W2401-0049-W10,DIFF-01,diffusion,scratch,0.0294,-23.9,64.66,2024-01-09T07:03:05
D-0000290,W2401-0049,W2401-0049-W24,DIFF-01,diffusion,etch_pit,0.0523,-85.27,-56.74,2024-01-09T08:48:05
D-0000291,W2401-0049,W2401-0049-W09,DIFF-01,diffusion,particle,0.0799,95.97,-62.1,2024-01-09T08:10:05
D-0000292,W2401-0049,W2401-0049-W13,DIFF-01,diffusion,scratch,0.0857,-37.65,-62.4,2024-01-09T05:39:05
D-0000293,W2401-0049,W2401-0049-W06,DIFF-01,diffusion,void,0.0283,52.37,-47.7,2024-01-09T08:23:05
D-0000294,W2401-0050,W2401-0050-W10,DEP-03,deposition,scratch,0.0792,68.32,50.26,2024-01-09T11:08:01
D-0000295,W2401-0050,W2401-0050-W13,DEP-03,deposition,scratch,0.0734,108.2,3.87,2024-01-09T12:36:01
D-0000296,W2401-0050,W2401-0050-W17,DEP-03,deposition,void,0.0834,81.07,68.77,2024-01-09T10:42:01
D-0000297,W2401-0050,W2401-0050-W08,DEP-03,deposition,bridge,0.0501,-95.82,143.73,2024-01-09T10:32:01
D-0000298,W2401-0050,W2401-0050-W24,DEP-03,deposition,patterning_defect,0.0473,98.86,-130.66,2024-01-09T12:04:01
D-0000299,W2401-0051,W2401-0051-W02,DEP-02,deposition,scratch,0.0611,146.95,-62.17,2024-01-09T13:55:48
D-0000300,W2401-0051,W2401-0051-W07,DEP-02,deposition,scratch,0.0712,-43.19,97.9,2024-01-09T14:08:48
D-0000301,W2401-0051,W2401-0051-W19,DEP-02,deposition,scratch,0.0667,-31.37,-82.88,2024-01-09T13:39:48
D-0000302,W2401-0051,W2401-0051-W04,DEP-02,deposition,particle,0.0669,-13.49,-10.0,2024-01-09T16:24:48
D-0000303,W2401-0051,W2401-0051-W04,DEP-02,deposition,void,0.0585,-89.81,27.81,2024-01-09T15:44:48
D-0000304,W2401-0051,W2401-0051-W22,DEP-02,deposition,scratch,0.0273,-28.31,-52.74,2024-01-09T14:00:48
D-0000305,W2401-0052,W2401-0052-W14,DIFF-01,diffusion,etch_pit,0.0679,135.95,124.6,2024-01-09T19:15:59
D-0000306,W2401-0052,W2401-0052-W25,DIFF-01,diffusion,void,0.0707,-51.42,-32.98,2024-01-09T18:37:59
D-0000307,W2401-0052,W2401-0052-W17,DIFF-01,diffusion,etch_pit,0.0723,65.65,7.29,2024-01-09T16:41:59
D-0000308,W2401-0052,W2401-0052-W01,DIFF-01,diffusion,patterning_defect,0.0267,-141.08,92.58,2024-01-09T19:09:59
D-0000309,W2401-0053,W2401-0053-W11,CMP-01,cmp,etch_pit,0.019,-110.88,28.96,2024-01-09T21:11:33
D-0000310,W2401-0053,W2401-0053-W08,CMP-01,cmp,bridge,0.0367,40.78,-0.79,2024-01-10T00:14:33
D-0000311,W2401-0053,W2401-0053-W10,CMP-01,cmp,etch_pit,0.0577,137.19,121.57,2024-01-09T21:08:33
D-0000312,W2401-0053,W2401-0053-W20,CMP-01,cmp,bridge,0.0413,32.7,-45.95,2024-01-09T21:22:33
D-0000313,W2401-0054,W2401-0054-W10,DEP-01,deposition,bridge,0.0747,110.51,41.51,2024-01-10T03:45:45
D-0000314,W2401-0054,W2401-0054-W10,DEP-01,deposition,particle,0.0334,-80.06,8.91,2024-01-10T02:45:45
D-0000315,W2401-0054,W2401-0054-W01,DEP-01,deposition,bridge,0.0705,-27.63,-98.16,2024-01-10T04:23:45
D-0000316,W2401-0054,W2401-0054-W06,DEP-01,deposition,patterning_defect,0.0585,1.74,-127.1,2024-01-10T03:13:45
D-0000317,W2401-0055,W2401-0055-W11,CMP-01,cmp,scratch,0.0161,-72.97,-138.13,2024-01-10T08:21:42
D-0000318,W2401-0055,W2401-0055-W24,CMP-01,cmp,scratch,0.0516,-27.64,73.65,2024-01-10T06:44:42
D-0000319,W2401-0055,W2401-0055-W21,CMP-01,cmp,particle,0.0734,-78.18,129.81,2024-01-10T07:00:42
D-0000320,W2401-0055,W2401-0055-W14,CMP-01,cmp,patterning_defect,0.0695,5.76,-120.4,2024-01-10T08:22:42
D-0000321,W2401-0055,W2401-0055-W05,CMP-01,cmp,void,0.0777,130.78,132.27,2024-01-10T05:25:42
D-0000322,W2401-0055,W2401-0055-W17,CMP-01,cmp,etch_pit,0.0389,-30.45,32.01,2024-01-10T08:40:42
D-0000323,W2401-0056,W2401-0056-W13,LIT-03,litho,scratch,0.0465,-53.53,73.06,2024-01-10T09:58:58
D-0000324,W2401-0056,W2401-0056-W06,LIT-03,litho,etch_pit,0.0303,-47.52,-133.49,2024-01-10T11:23:58
D-0000325,W2401-0056,W2401-0056-W17,LIT-03,litho,bridge,0.0449,-116.59,37.66,2024-01-10T11:37:58
D-0000326,W2401-0056,W2401-0056-W14,LIT-03,litho,etch_pit,0.0615,-106.51,-86.16,2024-01-10T11:47:58
D-0000327,W2401-0057,W2401-0057-W10,DEP-02,deposition,etch_pit,0.0132,-76.85,118.12,2024-01-10T13:24:40
D-0000328,W2401-0057,W2401-0057-W17,DEP-02,deposition,patterning_defect,0.0724,-46.9,-78.25,2024-01-10T16:13:40
D-0000329,W2401-0057,W2401-0057-W18,DEP-02,deposition,etch_pit,0.0523,-27.58,-85.84,2024-01-10T16:08:40
D-0000330,W2401-0057,W2401-0057-W12,DEP-02,deposition,bridge,0.0199,-118.46,-38.57,2024-01-10T16:19:40
D-0000331,W2401-0057,W2401-0057-W23,DEP-02,deposition,particle,0.0758,2.21,146.97,2024-01-10T15:51:40
D-0000332,W2401-0057,W2401-0057-W23,DEP-02,deposition,particle,0.0331,22.08,129.62,2024-01-10T16:25:40
D-0000333,W2401-0058,W2401-0058-W09,LIT-02,litho,bridge,0.0232,76.35,61.44,2024-01-10T20:04:51
D-0000334,W2401-0058,W2401-0058-W21,LIT-02,litho,void,0.06,91.8,110.13,2024-01-10T20:13:51
D-0000335,W2401-0058,W2401-0058-W10,LIT-02,litho,etch_pit,0.0613,77.33,73.31,2024-01-10T20:18:51
D-0000336,W2401-0058,W2401-0058-W22,LIT-02,litho,etch_pit,0.0783,-122.28,6.62,2024-01-10T18:02:51
D-0000337,W2401-0058,W2401-0058-W18,LIT-02,litho,etch_pit,0.0563,40.76,20.49,2024-01-10T18:02:51
D-0000338,W2401-0058,W2401-0058-W11,LIT-02,litho,bridge,0.0336,81.15,115.43,2024-01-10T19:50:51
D-0000339,W2401-0058,W2401-0058-W20,LIT-02,litho,etch_pit,0.0785,135.08,116.38,2024-01-10T17:52:51
D-0000340,W2401-0059,W2401-0059-W25,LIT-01,litho,etch_pit,0.0278,83.6,82.33,2024-01-10T23:43:36
D-0000341,W2401-0059,W2401-0059-W13,LIT-01,litho,bridge,0.0869,-132.68,36.42,2024-01-10T21:58:36
D-0000342,W2401-0059,W2401-0059-W18,LIT-01,litho,void,0.0418,-113.92,78.61,2024-01-10T22:00:36
D-0000343,W2401-0059,W2401-0059-W21,LIT-01,litho,void,0.0699,-56.77,132.02,2024-01-11T00:58:36
D-0000344,W2401-0059,W2401-0059-W08,LIT-01,litho,void,0.0276,50.7,30.52,2024-01-10T23:25:36
D-0000345,W2401-0060,W2401-0060-W17,CMP-01,cmp,particle,0.0818,76.59,100.12,2024-01-11T03:01:47
D-0000346,W2401-0060,W2401-0060-W01,CMP-01,cmp,etch_pit,0.0868,115.41,-113.89,2024-01-11T02:25:47
D-0000347,W2401-0060,W2401-0060-W23,CMP-01,cmp,bridge,0.0447,-140.08,90.77,2024-01-11T05:09:47
D-0000348,W2401-0060,W2401-0060-W05,CMP-01,cmp,void,0.071,13.26,-105.31,2024-01-11T04:38:47
D-0000349,W2401-0060,W2401-0060-W09,CMP-01,cmp,particle,0.054,21.73,-46.27,2024-01-11T04:30:47
D-0000350,W2401-0061,W2401-0061-W07,DIFF-01,diffusion,particle,0.0486,-22.07,51.26,2024-01-11T08:57:18
D-0000351,W2401-0061,W2401-0061-W05,DIFF-01,diffusion,etch_pit,0.0746,-55.52,-48.62,2024-01-11T09:14:18
D-0000352,W2401-0061,W2401-0061-W04,DIFF-01,diffusion,scratch,0.0254,-69.42,12.36,2024-01-11T07:03:18
D-0000353,W2401-0061,W2401-0061-W19,DIFF-01,diffusion,etch_pit,0.0349,2.69,37.56,2024-01-11T06:12:18
D-0000354,W2401-0062,W2401-0062-W06,IMP-01,implant,void,0.0279,-147.06,104.96,2024-01-11T11:43:07
D-0000355,W2401-0062,W2401-0062-W20,IMP-01,implant,void,0.0808,-130.34,-132.57,2024-01-11T13:07:07
D-0000356,W2401-0062,W2401-0062-W13,IMP-01,implant,void,0.016,50.16,93.67,2024-01-11T11:17:07
D-0000357,W2401-0062,W2401-0062-W01,IMP-01,implant,particle,0.0153,8.29,33.4,2024-01-11T11:03:07
D-0000358,W2401-0063,W2401-0063-W10,DEP-02,deposition,bridge,0.0159,70.84,-132.81,2024-01-11T15:24:40
D-0000359,W2401-0063,W2401-0063-W25,DEP-02,deposition,scratch,0.0604,-90.62,24.57,2024-01-11T15:33:40
D-0000360,W2401-0063,W2401-0063-W21,DEP-02,deposition,void,0.0215,68.53,-83.29,2024-01-11T14:51:40
D-0000361,W2401-0063,W2401-0063-W09,DEP-02,deposition,particle,0.0496,-17.08,-65.11,2024-01-11T14:21:40
D-0000362,W2401-0064,W2401-0064-W23,IMP-01,implant,patterning_defect,0.0808,67.35,78.36,2024-01-11T19:35:34
D-0000363,W2401-0064,W2401-0064-W22,IMP-01,implant,particle,0.021,-143.2,89.0,2024-01-11T21:00:34
D-0000364,W2401-0064,W2401-0064-W16,IMP-01,implant,etch_pit,0.0761,126.0,126.08,2024-01-11T18:31:34
D-0000365,W2401-0064,W2401-0064-W19,IMP-01,implant,bridge,0.0581,80.2,-70.46,2024-01-11T19:31:34
D-0000366,W2401-0065,W2401-0065-W22,DEP-02,deposition,void,0.0154,-90.81,-88.61,2024-01-11T22:52:27
D-0000367,W2401-0065,W2401-0065-W03,DEP-02,deposition,patterning_defect,0.0863,-55.37,64.05,2024-01-11T22:36:27
D-0000368,W2401-0065,W2401-0065-W07,DEP-02,deposition,scratch,0.0869,-116.6,13.32,2024-01-11T22:13:27
D-0000369,W2401-0065,W2401-0065-W15,DEP-02,deposition,particle,0.078,118.94,-100.05,2024-01-11T22:19:27
D-0000370,W2401-0065,W2401-0065-W03,DEP-02,deposition,bridge,0.01,-115.44,74.6,2024-01-11T22:53:27
D-0000371,W2401-0065,W2401-0065-W17,DEP-02,deposition,patterning_defect,0.0354,-9.62,13.74,2024-01-11T23:21:27
D-0000372,W2401-0065,W2401-0065-W13,DEP-02,deposition,particle,0.0275,-126.85,50.03,2024-01-11T23:08:27
D-0000373,W2401-0065,W2401-0065-W10,DEP-02,deposition,scratch,0.0139,137.45,108.64,2024-01-11T23:15:27
D-0000374,W2401-0066,W2401-0066-W05,CMP-01,cmp,etch_pit,0.0335,-136.19,94.6,2024-01-12T03:32:47
D-0000375,W2401-0066,W2401-0066-W09,CMP-01,cmp,scratch,0.0142,-14.38,54.25,2024-01-12T02:08:47
D-0000376,W2401-0066,W2401-0066-W13,CMP-01,cmp,void,0.0187,-106.75,-10.96,2024-01-12T05:04:47
D-0000377,W2401-0066,W2401-0066-W16,CMP-01,cmp,bridge,0.0236,-93.38,-144.82,2024-01-12T02:23:47
D-0000378,W2401-0067,W2401-0067-W16,DIFF-02,diffusion,etch_pit,0.0571,97.54,-118.5,2024-01-12T06:41:19
D-0000379,W2401-0067,W2401-0067-W09,DIFF-02,diffusion,void,0.0879,-97.86,13.75,2024-01-12T09:00:19
D-0000380,W2401-0067,W2401-0067-W16,DIFF-02,diffusion,etch_pit,0.0649,-18.5,76.85,2024-01-12T06:51:19
D-0000381,W2401-0067,W2401-0067-W18,DIFF-02,diffusion,scratch,0.0192,4.56,12.97,2024-01-12T07:13:19
D-0000382,W2401-0068,W2401-0068-W01,LIT-01,litho,scratch,0.0558,-15.01,71.16,2024-01-12T11:40:16
D-0000383,W2401-0068,W2401-0068-W23,LIT-01,litho,bridge,0.0675,-21.25,53.86,2024-01-12T10:04:16
D-0000384,W2401-0068,W2401-0068-W15,LIT-01,litho,void,0.0149,107.55,-1.05,2024-01-12T11:17:16
D-0000385,W2401-0068,W2401-0068-W17,LIT-01,litho,etch_pit,0.0217,87.14,-40.2,2024-01-12T09:34:16
D-0000386,W2401-0068,W2401-0068-W13,LIT-01,litho,void,0.0167,101.52,-95.23,2024-01-12T12:15:16
D-0000387,W2401-0068,W2401-0068-W12,LIT-01,litho,scratch,0.0227,146.66,53.27,2024-01-12T12:22:16
D-0000388,W2401-0068,W2401-0068-W12,LIT-01,litho,particle,0.0368,145.68,130.24,2024-01-12T12:29:16
D-0000389,W2401-0069,W2401-0069-W13,CMP-02,cmp,bridge,0.0686,6.81,80.49,2024-01-12T14:39:15
D-0000390,W2401-0069,W2401-0069-W03,CMP-02,cmp,patterning_defect,0.0211,20.22,139.74,2024-01-12T17:08:15
D-0000391,W2401-0069,W2401-0069-W20,CMP-02,cmp,patterning_defect,0.0546,10.21,54.19,2024-01-12T14:55:15
D-0000392,W2401-0069,W2401-0069-W14,CMP-02,cmp,bridge,0.0533,84.44,109.69,2024-01-12T14:35:15
D-0000393,W2401-0069,W2401-0069-W05,CMP-02,cmp,etch_pit,0.013,-50.4,-138.89,2024-01-12T16:29:15
D-0000394,W2401-0069,W2401-0069-W23,CMP-02,cmp,etch_pit,0.063,12.6,141.55,2024-01-12T16:28:15
D-0000395,W2401-0070,W2401-0070-W17,LIT-02,litho,patterning_defect,0.0619,-60.16,31.47,2024-01-12T21:12:36
D-0000396,W2401-0070,W2401-0070-W20,LIT-02,litho,void,0.0604,43.89,-64.5,2024-01-12T19:59:36
D-0000397,W2401-0070,W2401-0070-W21,LIT-02,litho,void,0.0466,92.46,123.05,2024-01-12T21:01:36
D-0000398,W2401-0070,W2401-0070-W21,LIT-02,litho,void,0.0386,-95.65,117.77,2024-01-12T19:46:36
D-0000399,W2401-0070,W2401-0070-W15,LIT-02,litho,void,0.0257,80.19,46.7,2024-01-12T18:10:36
D-0000400,W2401-0070,W2401-0070-W20,LIT-02,litho,void,0.0404,-125.76,33.98,2024-01-12T21:08:36
D-0000401,W2401-0071,W2401-0071-W16,LIT-03,litho,bridge,0.0494,12.51,106.39,2024-01-13T00:49:51
D-0000402,W2401-0071,W2401-0071-W14,LIT-03,litho,void,0.0675,-103.13,99.56,2024-01-12T23:43:51
D-0000403,W2401-0071,W2401-0071-W17,LIT-03,litho,bridge,0.0495,74.43,86.58,2024-01-13T00:38:51
D-0000404,W2401-0071,W2401-0071-W11,LIT-03,litho,bridge,0.0101,42.78,54.34,2024-01-13T01:44:51
D-0000405,W2401-0071,W2401-0071-W08,LIT-03,litho,void,0.0656,114.14,48.74,2024-01-12T23:54:51
D-0000406,W2401-0071,W2401-0071-W25,LIT-03,litho,patterning_defect,0.0405,35.62,55.31,2024-01-13T00:47:51
D-0000407,W2401-0071,W2401-0071-W02,LIT-03,litho,particle,0.02,-65.68,12.45,2024-01-13T01:41:51
D-0000408,W2401-0072,W2401-0072-W12,CMP-02,cmp,scratch,0.0246,7.03,-11.72,2024-01-13T04:12:55
D-0000409,W2401-0072,W2401-0072-W07,CMP-02,cmp,particle,0.0761,33.19,-93.66,2024-01-13T03:35:55
D-0000410,W2401-0072,W2401-0072-W21,CMP-02,cmp,patterning_defect,0.0647,71.33,103.33,2024-01-13T05:54:55
D-0000411,W2401-0072,W2401-0072-W13,CMP-02,cmp,etch_pit,0.0278,131.3,13.76,2024-01-13T04:58:55
D-0000412,W2401-0072,W2401-0072-W04,CMP-02,cmp,scratch,0.0232,-125.28,53.8,2024-01-13T03:55:55
D-0000413,W2401-0072,W2401-0072-W06,CMP-02,cmp,void,0.037,145.84,-4.98,2024-01-13T03:59:55
D-0000414,W2401-0073,W2401-0073-W06,CMP-02,cmp,patterning_defect,0.0237,132.93,-82.95,2024-01-13T09:44:32
D-0000415,W2401-0073,W2401-0073-W08,CMP-02,cmp,scratch,0.0586,55.56,-118.54,2024-01-13T08:56:32
D-0000416,W2401-0073,W2401-0073-W04,CMP-02,cmp,bridge,0.0413,-39.99,134.59,2024-01-13T08:52:32
D-0000417,W2401-0073,W2401-0073-W17,CMP-02,cmp,scratch,0.0409,104.34,-52.34,2024-01-13T09:23:32
D-0000418,W2401-0073,W2401-0073-W11,CMP-02,cmp,etch_pit,0.0718,-63.38,-71.01,2024-01-13T06:48:32
D-0000419,W2401-0073,W2401-0073-W07,CMP-02,cmp,scratch,0.0599,112.57,117.37,2024-01-13T09:14:32
D-0000420,W2401-0073,W2401-0073-W03,CMP-02,cmp,patterning_defect,0.0191,-5.6,-4.69,2024-01-13T06:59:32
D-0000421,W2401-0074,W2401-0074-W17,CMP-01,cmp,etch_pit,0.0367,-78.67,87.45,2024-01-13T11:17:08
D-0000422,W2401-0074,W2401-0074-W12,CMP-01,cmp,scratch,0.0346,-52.08,-13.8,2024-01-13T12:18:08
D-0000423,W2401-0074,W2401-0074-W11,CMP-01,cmp,scratch,0.0273,-97.29,35.58,2024-01-13T11:49:08
D-0000424,W2401-0074,W2401-0074-W14,CMP-01,cmp,void,0.0777,7.31,-78.03,2024-01-13T12:44:08
D-0000425,W2401-0074,W2401-0074-W15,CMP-01,cmp,etch_pit,0.0137,137.02,-69.81,2024-01-13T11:33:08
D-0000426,W2401-0075,W2401-0075-W10,DIFF-01,diffusion,patterning_defect,0.0734,-138.51,-43.55,2024-01-13T16:37:26
D-0000427,W2401-0075,W2401-0075-W13,DIFF-01,diffusion,bridge,0.0858,-112.64,27.34,2024-01-13T16:42:26
D-0000428,W2401-0075,W2401-0075-W18,DIFF-01,diffusion,particle,0.0686,-109.77,-6.55,2024-01-13T15:50:26
D-0000429,W2401-0075,W2401-0075-W12,DIFF-01,diffusion,particle,0.0776,7.98,106.22,2024-01-13T16:10:26
D-0000430,W2401-0076,W2401-0076-W06,CMP-02,cmp,etch_pit,0.0848,17.11,123.04,2024-01-13T22:11:49
D-0000431,W2401-0076,W2401-0076-W14,CMP-02,cmp,void,0.0864,108.48,24.9,2024-01-13T20:39:49
D-0000432,W2401-0076,W2401-0076-W25,CMP-02,cmp,void,0.0454,-60.0,-99.06,2024-01-13T20:59:49
D-0000433,W2401-0076,W2401-0076-W23,CMP-02,cmp,scratch,0.037,71.76,50.46,2024-01-13T21:11:49
D-0000434,W2401-0076,W2401-0076-W21,CMP-02,cmp,scratch,0.0571,138.43,88.39,2024-01-13T20:14:49
D-0000435,W2401-0076,W2401-0076-W23,CMP-02,cmp,etch_pit,0.033,0.61,-58.25,2024-01-13T21:30:49
D-0000436,W2401-0076,W2401-0076-W04,CMP-02,cmp,patterning_defect,0.075,-21.42,-49.98,2024-01-13T19:27:49
D-0000437,W2401-0077,W2401-0077-W02,ETCH-02,etch,particle,0.0741,-37.99,-80.59,2024-01-14T01:36:47
D-0000438,W2401-0077,W2401-0077-W08,ETCH-02,etch,particle,0.0289,42.51,97.09,2024-01-13T23:20:47
D-0000439,W2401-0077,W2401-0077-W11,ETCH-02,etch,etch_pit,0.0155,-147.34,-47.7,2024-01-13T22:59:47
D-0000440,W2401-0077,W2401-0077-W17,ETCH-02,etch,scratch,0.0606,16.55,-94.72,2024-01-13T23:16:47
D-0000441,W2401-0078,W2401-0078-W10,CMP-01,cmp,scratch,0.0516,34.84,-34.02,2024-01-14T05:52:37
D-0000442,W2401-0078,W2401-0078-W23,CMP-01,cmp,void,0.05,104.4,146.16,2024-01-14T04:10:37
D-0000443,W2401-0078,W2401-0078-W14,CMP-01,cmp,void,0.061,-17.56,133.94,2024-01-14T05:58:37
D-0000444,W2401-0078,W2401-0078-W14,CMP-01,cmp,particle,0.0105,-39.84,4.56,2024-01-14T06:23:37
D-0000445,W2401-0078,W2401-0078-W23,CMP-01,cmp,scratch,0.0395,-86.67,136.69,2024-01-14T05:28:37
D-0000446,W2401-0078,W2401-0078-W07,CMP-01,cmp,etch_pit,0.0238,12.92,94.27,2024-01-14T06:22:37
D-0000447,W2401-0079,W2401-0079-W07,DIFF-01,diffusion,etch_pit,0.0201,31.76,112.84,2024-01-14T10:14:49
D-0000448,W2401-0079,W2401-0079-W01,DIFF-01,diffusion,bridge,0.0599,-131.42,71.01,2024-01-14T07:52:49
D-0000449,W2401-0079,W2401-0079-W17,DIFF-01,diffusion,scratch,0.031,-101.28,64.83,2024-01-14T09:27:49
D-0000450,W2401-0079,W2401-0079-W12,DIFF-01,diffusion,particle,0.0232,-8.45,5.57,2024-01-14T07:51:49
D-0000451,W2401-0079,W2401-0079-W22,DIFF-01,diffusion,void,0.073,119.16,-5.94,2024-01-14T08:51:49
D-0000452,W2401-0080,W2401-0080-W24,IMP-01,implant,patterning_defect,0.055,-69.84,-108.57,2024-01-14T12:02:09
D-0000453,W2401-0080,W2401-0080-W19,IMP-01,implant,patterning_defect,0.036,35.35,3.26,2024-01-14T14:41:09
D-0000454,W2401-0080,W2401-0080-W22,IMP-01,implant,etch_pit,0.0406,46.99,-77.16,2024-01-14T11:49:09
D-0000455,W2401-0080,W2401-0080-W13,IMP-01,implant,particle,0.0795,65.05,137.18,2024-01-14T14:08:09
D-0000456,W2401-0080,W2401-0080-W16,IMP-01,implant,scratch,0.0466,-84.91,-17.02,2024-01-14T14:26:09
D-0000457,W2401-0080,W2401-0080-W24,IMP-01,implant,scratch,0.0552,24.6,-93.53,2024-01-14T11:30:09
D-0000458,W2401-0081,W2401-0081-W06,CMP-01,cmp,scratch,0.0561,19.93,34.21,2024-01-14T19:01:00
D-0000459,W2401-0081,W2401-0081-W14,CMP-01,cmp,etch_pit,0.0864,69.38,89.22,2024-01-14T18:40:00
D-0000460,W2401-0081,W2401-0081-W19,CMP-01,cmp,particle,0.0343,15.83,-106.13,2024-01-14T16:34:00
D-0000461,W2401-0081,W2401-0081-W11,CMP-01,cmp,bridge,0.0662,-76.13,23.13,2024-01-14T18:10:00
D-0000462,W2401-0081,W2401-0081-W07,CMP-01,cmp,scratch,0.0852,-69.5,-112.6,2024-01-14T18:57:00
D-0000463,W2401-0081,W2401-0081-W21,CMP-01,cmp,void,0.0695,-2.06,-100.85,2024-01-14T17:32:00
D-0000464,W2401-0082,W2401-0082-W08,DEP-01,deposition,patterning_defect,0.0557,-71.21,-73.34,2024-01-14T22:52:01
D-0000465,W2401-0082,W2401-0082-W25,DEP-01,deposition,void,0.0672,-114.29,117.2,2024-01-14T21:59:01
D-0000466,W2401-0082,W2401-0082-W19,DEP-01,deposition,void,0.0249,-97.05,-128.18,2024-01-14T19:39:01
D-0000467,W2401-0082,W2401-0082-W11,DEP-01,deposition,scratch,0.0821,-9.38,8.05,2024-01-14T21:32:01
D-0000468,W2401-0082,W2401-0082-W24,DEP-01,deposition,particle,0.0492,117.82,-51.59,2024-01-14T21:53:01
D-0000469,W2401-0082,W2401-0082-W18,DEP-01,deposition,patterning_defect,0.0515,-110.06,-140.63,2024-01-14T22:17:01
D-0000470,W2401-0083,W2401-0083-W05,DEP-02,deposition,bridge,0.2872,86.59,108.17,2024-01-15T01:35:16
D-0000471,W2401-0083,W2401-0083-W07,DEP-02,deposition,particle,0.4185,-69.94,16.15,2024-01-15T01:50:16
D-0000472,W2401-0083,W2401-0083-W22,DEP-02,deposition,etch_pit,0.32,1.76,20.54,2024-01-15T00:44:16
D-0000473,W2401-0083,W2401-0083-W22,DEP-02,deposition,particle,0.3798,61.08,-38.09,2024-01-15T01:26:16
D-0000474,W2401-0083,W2401-0083-W12,DEP-02,deposition,particle,0.3521,-31.48,-130.86,2024-01-15T02:27:16
D-0000475,W2401-0083,W2401-0083-W25,DEP-02,deposition,particle,0.1847,142.44,-78.59,2024-01-15T00:54:16
D-0000476,W2401-0083,W2401-0083-W21,DEP-02,deposition,particle,0.3346,87.69,-53.42,2024-01-15T01:12:16
D-0000477,W2401-0083,W2401-0083-W03,DEP-02,deposition,particle,0.4154,135.32,110.86,2024-01-15T01:41:16
D-0000478,W2401-0083,W2401-0083-W03,DEP-02,deposition,particle,0.2203,23.0,83.21,2024-01-15T02:21:16
D-0000479,W2401-0083,W2401-0083-W19,DEP-02,deposition,void,0.3593,-121.44,-89.75,2024-01-15T00:25:16
D-0000480,W2401-0083,W2401-0083-W21,DEP-02,deposition,etch_pit,0.3181,-132.11,96.33,2024-01-14T23:16:16
D-0000481,W2401-0083,W2401-0083-W19,DEP-02,deposition,particle,0.3069,-86.3,27.86,2024-01-14T23:38:16
D-0000482,W2401-0083,W2401-0083-W20,DEP-02,deposition,patterning_defect,0.2192,-134.57,-104.02,2024-01-14T23:53:16
D-0000483,W2401-0084,W2401-0084-W07,ETCH-03,etch,scratch,0.0793,126.35,137.11,2024-01-15T04:32:24
D-0000484,W2401-0084,W2401-0084-W15,ETCH-03,etch,etch_pit,0.0212,-114.68,80.87,2024-01-15T05:40:24
D-0000485,W2401-0084,W2401-0084-W03,ETCH-03,etch,particle,0.0406,-117.86,123.16,2024-01-15T02:58:24
D-0000486,W2401-0084,W2401-0084-W04,ETCH-03,etch,bridge,0.0126,-108.48,-46.8,2024-01-15T05:58:24
D-0000487,W2401-0085,W2401-0085-W25,DIFF-01,diffusion,void,0.0299,126.79,73.54,2024-01-15T07:24:21
D-0000488,W2401-0085,W2401-0085-W02,DIFF-01,diffusion,scratch,0.0254,-35.68,-86.9,2024-01-15T06:33:21
D-0000489,W2401-0085,W2401-0085-W22,DIFF-01,diffusion,scratch,0.0621,49.21,-59.16,2024-01-15T08:43:21
D-0000490,W2401-0085,W2401-0085-W04,DIFF-01,diffusion,particle,0.0728,-96.51,-122.15,2024-01-15T06:35:21
D-0000491,W2401-0085,W2401-0085-W18,DIFF-01,diffusion,bridge,0.06,-107.1,-48.53,2024-01-15T06:32:21
D-0000492,W2401-0085,W2401-0085-W19,DIFF-01,diffusion,bridge,0.0886,-104.26,-63.56,2024-01-15T07:02:21
D-0000493,W2401-0085,W2401-0085-W01,DIFF-01,diffusion,etch_pit,0.0573,59.79,-39.72,2024-01-15T07:59:21
D-0000494,W2401-0085,W2401-0085-W24,DIFF-01,diffusion,void,0.0733,92.52,70.32,2024-01-15T06:30:21
D-0000495,W2401-0086,W2401-0086-W23,DIFF-01,diffusion,bridge,0.0577,-110.8,57.98,2024-01-15T12:35:46
D-0000496,W2401-0086,W2401-0086-W01,DIFF-01,diffusion,etch_pit,0.0283,-13.79,-106.72,2024-01-15T11:16:46
D-0000497,W2401-0086,W2401-0086-W14,DIFF-01,diffusion,patterning_defect,0.054,11.81,-33.56,2024-01-15T13:43:46
D-0000498,W2401-0086,W2401-0086-W05,DIFF-01,diffusion,scratch,0.0122,131.57,115.65,2024-01-15T13:47:46
D-0000499,W2401-0086,W2401-0086-W05,DIFF-01,diffusion,particle,0.0892,128.2,-23.11,2024-01-15T12:00:46
D-0000500,W2401-0087,W2401-0087-W06,ETCH-02,etch,void,0.0546,-66.18,-99.43,2024-01-15T17:13:12
D-0000501,W2401-0087,W2401-0087-W02,ETCH-02,etch,void,0.0677,-123.56,-21.99,2024-01-15T17:06:12
D-0000502,W2401-0087,W2401-0087-W01,ETCH-02,etch,void,0.0204,107.28,9.25,2024-01-15T15:02:12
D-0000503,W2401-0087,W2401-0087-W11,ETCH-02,etch,scratch,0.0862,-101.74,112.82,2024-01-15T17:16:12
D-0000504,W2401-0087,W2401-0087-W21,ETCH-02,etch,particle,0.0661,109.2,-139.35,2024-01-15T14:50:12
D-0000505,W2401-0087,W2401-0087-W04,ETCH-02,etch,particle,0.0391,120.72,136.06,2024-01-15T16:59:12
D-0000506,W2401-0087,W2401-0087-W25,ETCH-02,etch,bridge,0.0395,117.13,-57.14,2024-01-15T14:51:12
D-0000507,W2401-0087,W2401-0087-W12,ETCH-02,etch,void,0.0642,148.42,-38.15,2024-01-15T16:23:12
D-0000508,W2401-0088,W2401-0088-W08,DIFF-02,diffusion,scratch,0.0773,-108.22,92.41,2024-01-15T20:04:45
D-0000509,W2401-0088,W2401-0088-W14,DIFF-02,diffusion,particle,0.0135,-131.3,-113.68,2024-01-15T21:26:45
D-0000510,W2401-0088,W2401-0088-W17,DIFF-02,diffusion,particle,0.0266,91.22,70.53,2024-01-15T19:51:45
D-0000511,W2401-0088,W2401-0088-W18,DIFF-02,diffusion,scratch,0.0459,-66.7,132.08,2024-01-15T20:11:45
D-0000512,W2401-0088,W2401-0088-W06,DIFF-02,diffusion,void,0.0134,-145.09,-119.97,2024-01-15T21:12:45
D-0000513,W2401-0089,W2401-0089-W15,IMP-02,implant,particle,0.0574,109.79,-116.76,2024-01-15T23:41:23
D-0000514,W2401-0089,W2401-0089-W23,IMP-02,implant,particle,0.0168,2.49,-27.24,2024-01-15T22:40:23
D-0000515,W2401-0089,W2401-0089-W08,IMP-02,implant,particle,0.067,-50.02,139.7,2024-01-16T01:42:23
D-0000516,W2401-0089,W2401-0089-W10,IMP-02,implant,void,0.0525,-66.89,-59.53,2024-01-16T01:39:23
D-0000517,W2401-0089,W2401-0089-W13,IMP-02,implant,scratch,0.0663,-141.61,19.41,2024-01-15T23:00:23
D-0000518,W2401-0089,W2401-0089-W12,IMP-02,implant,void,0.0522,-43.11,-22.08,2024-01-16T00:03:23
D-0000519,W2401-0090,W2401-0090-W09,DIFF-02,diffusion,void,0.0264,18.25,-49.54,2024-01-16T05:22:20
D-0000520,W2401-0090,W2401-0090-W25,DIFF-02,diffusion,scratch,0.0422,96.13,125.0,2024-01-16T04:23:20
D-0000521,W2401-0090,W2401-0090-W09,DIFF-02,diffusion,etch_pit,0.0812,-18.83,-104.62,2024-01-16T04:01:20
D-0000522,W2401-0090,W2401-0090-W19,DIFF-02,diffusion,particle,0.0292,-107.81,105.42,2024-01-16T02:35:20
D-0000523,W2401-0090,W2401-0090-W02,DIFF-02,diffusion,particle,0.0313,-25.39,-119.15,2024-01-16T03:55:20
D-0000524,W2401-0090,W2401-0090-W21,DIFF-02,diffusion,bridge,0.0704,87.94,-133.93,2024-01-16T05:01:20
D-0000525,W2401-0090,W2401-0090-W16,DIFF-02,diffusion,bridge,0.0199,-73.81,-143.14,2024-01-16T05:18:20
D-0000526,W2401-0090,W2401-0090-W09,DIFF-02,diffusion,bridge,0.0535,131.56,-128.75,2024-01-16T05:34:20
D-0000527,W2401-0091,W2401-0091-W25,LIT-02,litho,bridge,0.0666,58.54,22.1,2024-01-16T08:12:19
D-0000528,W2401-0091,W2401-0091-W08,LIT-02,litho,bridge,0.0666,-54.63,-97.71,2024-01-16T07:57:19
D-0000529,W2401-0091,W2401-0091-W20,LIT-02,litho,bridge,0.013,26.71,43.68,2024-01-16T09:25:19
D-0000530,W2401-0091,W2401-0091-W16,LIT-02,litho,patterning_defect,0.0416,31.62,145.93,2024-01-16T09:35:19
D-0000531,W2401-0091,W2401-0091-W08,LIT-02,litho,bridge,0.0259,26.91,55.18,2024-01-16T10:20:19
D-0000532,W2401-0091,W2401-0091-W14,LIT-02,litho,void,0.0545,-61.8,-26.56,2024-01-16T08:29:19
D-0000533,W2401-0091,W2401-0091-W04,LIT-02,litho,particle,0.0488,134.86,-4.46,2024-01-16T09:18:19
D-0000534,W2401-0091,W2401-0091-W09,LIT-02,litho,scratch,0.0765,78.13,-18.81,2024-01-16T07:45:19
D-0000535,W2401-0092,W2401-0092-W22,ETCH-03,etch,bridge,0.0331,20.4,-115.05,2024-01-16T13:40:45
D-0000536,W2401-0092,W2401-0092-W15,ETCH-03,etch,etch_pit,0.0154,96.12,-70.29,2024-01-16T12:54:45
D-0000537,W2401-0092,W2401-0092-W22,ETCH-03,etch,particle,0.0271,-133.81,-11.7,2024-01-16T13:22:45
D-0000538,W2401-0092,W2401-0092-W06,ETCH-03,etch,particle,0.0429,101.63,47.91,2024-01-16T13:52:45
D-0000539,W2401-0092,W2401-0092-W01,ETCH-03,etch,bridge,0.0628,-71.67,104.19,2024-01-16T13:23:45
D-0000540,W2401-0092,W2401-0092-W03,ETCH-03,etch,scratch,0.0647,74.78,21.33,2024-01-16T13:36:45
D-0000541,W2401-0092,W2401-0092-W17,ETCH-03,etch,etch_pit,0.0724,-15.32,-105.31,2024-01-16T11:32:45
D-0000542,W2401-0092,W2401-0092-W03,ETCH-03,etch,patterning_defect,0.087,68.83,11.18,2024-01-16T13:44:45
D-0000543,W2401-0093,W2401-0093-W10,CMP-02,cmp,patterning_defect,0.0507,93.97,104.72,2024-01-16T17:40:14
D-0000544,W2401-0093,W2401-0093-W13,CMP-02,cmp,etch_pit,0.0343,-107.8,76.83,2024-01-16T17:16:14
D-0000545,W2401-0093,W2401-0093-W12,CMP-02,cmp,void,0.069,-79.52,143.89,2024-01-16T17:30:14
D-0000546,W2401-0093,W2401-0093-W12,CMP-02,cmp,void,0.0109,-97.57,92.94,2024-01-16T16:27:14
D-0000547,W2401-0093,W2401-0093-W18,CMP-02,cmp,particle,0.0479,-7.96,-121.08,2024-01-16T16:07:14
D-0000548,W2401-0093,W2401-0093-W07,CMP-02,cmp,void,0.0168,28.51,-121.73,2024-01-16T18:06:14
D-0000549,W2401-0093,W2401-0093-W22,CMP-02,cmp,particle,0.0226,116.52,51.95,2024-01-16T17:52:14
D-0000550,W2401-0093,W2401-0093-W09,CMP-02,cmp,etch_pit,0.058,-22.8,120.34,2024-01-16T15:59:14
D-0000551,W2401-0094,W2401-0094-W24,DEP-02,deposition,etch_pit,0.0563,148.72,128.2,2024-01-16T21:43:04
D-0000552,W2401-0094,W2401-0094-W22,DEP-02,deposition,bridge,0.0314,26.47,-80.66,2024-01-16T20:11:04
D-0000553,W2401-0094,W2401-0094-W09,DEP-02,deposition,patterning_defect,0.0171,24.13,-115.48,2024-01-16T21:30:04
D-0000554,W2401-0094,W2401-0094-W02,DEP-02,deposition,void,0.0541,-75.06,-3.72,2024-01-16T22:33:04
D-0000555,W2401-0094,W2401-0094-W23,DEP-02,deposition,bridge,0.0279,66.41,-43.5,2024-01-16T23:00:04
D-0000556,W2401-0094,W2401-0094-W15,DEP-02,deposition,bridge,0.0787,47.27,42.07,2024-01-16T20:27:04
D-0000557,W2401-0094,W2401-0094-W10,DEP-02,deposition,bridge,0.0808,127.02,60.2,2024-01-16T20:53:04
D-0000558,W2401-0095,W2401-0095-W13,DEP-01,deposition,void,0.0299,-70.08,33.32,2024-01-16T23:37:15
D-0000559,W2401-0095,W2401-0095-W09,DEP-01,deposition,void,0.035,-129.7,-145.54,2024-01-17T01:54:15
D-0000560,W2401-0095,W2401-0095-W11,DEP-01,deposition,particle,0.0214,143.41,-43.04,2024-01-17T02:45:15
D-0000561,W2401-0095,W2401-0095-W08,DEP-01,deposition,etch_pit,0.0425,12.7,-111.73,2024-01-17T01:39:15
D-0000562,W2401-0095,W2401-0095-W19,DEP-01,deposition,patterning_defect,0.0723,-69.76,-29.76,2024-01-17T02:29:15
D-0000563,W2401-0095,W2401-0095-W17,DEP-01,deposition,scratch,0.0133,-19.1,144.53,2024-01-17T01:12:15
D-0000564,W2401-0095,W2401-0095-W16,DEP-01,deposition,scratch,0.089,8.11,30.38,2024-01-16T23:48:15
D-0000565,W2401-0095,W2401-0095-W14,DEP-01,deposition,particle,0.0766,-122.42,-126.99,2024-01-16T23:59:15
D-0000566,W2401-0096,W2401-0096-W25,DEP-02,deposition,patterning_defect,0.0299,48.03,145.17,2024-01-17T06:05:33
D-0000567,W2401-0096,W2401-0096-W06,DEP-02,deposition,patterning_defect,0.0799,63.99,-116.83,2024-01-17T04:16:33
D-0000568,W2401-0096,W2401-0096-W16,DEP-02,deposition,etch_pit,0.0816,-47.16,143.34,2024-01-17T03:33:33
D-0000569,W2401-0096,W2401-0096-W09,DEP-02,deposition,scratch,0.0509,-29.62,83.37,2024-01-17T06:21:33
D-0000570,W2401-0096,W2401-0096-W01,DEP-02,deposition,patterning_defect,0.0388,135.93,74.64,2024-01-17T05:28:33
D-0000571,W2401-0096,W2401-0096-W05,DEP-02,deposition,scratch,0.0593,-21.18,44.79,2024-01-17T04:11:33
D-0000572,W2401-0096,W2401-0096-W23,DEP-02,deposition,scratch,0.0123,20.03,-29.18,2024-01-17T03:38:33
D-0000573,W2401-0096,W2401-0096-W16,DEP-02,deposition,etch_pit,0.0487,122.64,73.76,2024-01-17T06:39:33
D-0000574,W2401-0097,W2401-0097-W05,IMP-02,implant,etch_pit,0.0576,21.82,13.89,2024-01-17T07:14:00
D-0000575,W2401-0097,W2401-0097-W18,IMP-02,implant,void,0.0826,-148.15,-29.59,2024-01-17T09:25:00
D-0000576,W2401-0097,W2401-0097-W05,IMP-02,implant,particle,0.0164,-68.28,5.06,2024-01-17T07:30:00
D-0000577,W2401-0097,W2401-0097-W08,IMP-02,implant,etch_pit,0.0598,124.9,37.72,2024-01-17T08:11:00
D-0000578,W2401-0097,W2401-0097-W18,IMP-02,implant,void,0.0631,34.99,123.71,2024-01-17T10:02:00
D-0000579,W2401-0097,W2401-0097-W19,IMP-02,implant,void,0.0595,-17.78,128.23,2024-01-17T08:41:00
D-0000580,W2401-0097,W2401-0097-W19,IMP-02,implant,scratch,0.0814,-122.09,-47.6,2024-01-17T08:10:00
D-0000581,W2401-0097,W2401-0097-W11,IMP-02,implant,etch_pit,0.0139,-112.01,-108.84,2024-01-17T09:37:00
D-0000582,W2401-0098,W2401-0098-W02,IMP-02,implant,etch_pit,0.0725,147.42,-75.57,2024-01-17T12:56:30
D-0000583,W2401-0098,W2401-0098-W23,IMP-02,implant,particle,0.0191,-7.6,-23.1,2024-01-17T14:25:30
D-0000584,W2401-0098,W2401-0098-W02,IMP-02,implant,scratch,0.0577,75.31,16.46,2024-01-17T13:00:30
D-0000585,W2401-0098,W2401-0098-W07,IMP-02,implant,void,0.0299,141.81,43.99,2024-01-17T11:44:30
D-0000586,W2401-0098,W2401-0098-W17,IMP-02,implant,bridge,0.0362,29.65,-36.06,2024-01-17T11:20:30
D-0000587,W2401-0099,W2401-0099-W01,IMP-02,implant,bridge,0.0621,-59.26,-108.51,2024-01-17T17:46:00
D-0000588,W2401-0099,W2401-0099-W19,IMP-02,implant,scratch,0.0138,125.31,148.59,2024-01-17T18:25:00
D-0000589,W2401-0099,W2401-0099-W09,IMP-02,implant,etch_pit,0.0692,16.91,-19.4,2024-01-17T17:38:00
D-0000590,W2401-0099,W2401-0099-W14,IMP-02,implant,particle,0.0731,-70.89,-144.72,2024-01-17T18:53:00
D-0000591,W2401-0100,W2401-0100-W11,IMP-02,implant,void,0.0391,76.37,-47.7,2024-01-17T19:39:52
D-0000592,W2401-0100,W2401-0100-W19,IMP-02,implant,void,0.0862,79.87,138.5,2024-01-17T20:21:52
D-0000593,W2401-0100,W2401-0100-W17,IMP-02,implant,etch_pit,0.0123,-110.0,106.4,2024-01-17T21:06:52
D-0000594,W2401-0100,W2401-0100-W09,IMP-02,implant,etch_pit,0.0801,84.42,105.58,2024-01-17T20:19:52
D-0000595,W2401-0100,W2401-0100-W25,IMP-02,implant,void,0.066,-132.85,-30.85,2024-01-17T20:57:52
D-0000596,W2401-0100,W2401-0100-W20,IMP-02,implant,bridge,0.0283,-133.0,58.05,2024-01-17T22:24:52
D-0000597,W2401-0101,W2401-0101-W06,DEP-01,deposition,etch_pit,0.0195,-103.66,-95.05,2024-01-18T02:25:06
D-0000598,W2401-0101,W2401-0101-W15,DEP-01,deposition,void,0.0805,57.8,-7.76,2024-01-18T00:52:06
D-0000599,W2401-0101,W2401-0101-W05,DEP-01,deposition,etch_pit,0.0591,-32.74,-118.11,2024-01-17T23:55:06
D-0000600,W2401-0101,W2401-0101-W09,DEP-01,deposition,etch_pit,0.018,-37.99,140.78,2024-01-18T01:18:06
D-0000601,W2401-0101,W2401-0101-W09,DEP-01,deposition,void,0.0514,-33.3,-131.13,2024-01-18T02:24:06
D-0000602,W2401-0101,W2401-0101-W18,DEP-01,deposition,particle,0.048,4.85,-30.97,2024-01-18T02:12:06
D-0000603,W2401-0101,W2401-0101-W16,DEP-01,deposition,patterning_defect,0.0202,111.64,-97.48,2024-01-18T01:42:06
D-0000604,W2401-0102,W2401-0102-W15,ETCH-01,etch,patterning_defect,0.0818,128.43,-67.59,2024-01-18T04:11:09
D-0000605,W2401-0102,W2401-0102-W23,ETCH-01,etch,void,0.031,-100.1,92.97,2024-01-18T03:56:09
D-0000606,W2401-0102,W2401-0102-W05,ETCH-01,etch,etch_pit,0.0836,-133.07,8.57,2024-01-18T04:35:09
D-0000607,W2401-0102,W2401-0102-W24,ETCH-01,etch,etch_pit,0.0483,-81.06,-45.98,2024-01-18T06:07:09
D-0000608,W2401-0102,W2401-0102-W24,ETCH-01,etch,void,0.0702,-134.67,16.12,2024-01-18T07:06:09
D-0000609,W2401-0102,W2401-0102-W21,ETCH-01,etch,scratch,0.0887,133.5,-96.9,2024-01-18T04:09:09
D-0000610,W2401-0103,W2401-0103-W22,LIT-01,litho,bridge,0.0701,1.03,112.84,2024-01-18T09:24:46
D-0000611,W2401-0103,W2401-0103-W25,LIT-01,litho,patterning_defect,0.0315,-139.63,132.48,2024-01-18T08:57:46
D-0000612,W2401-0103,W2401-0103-W10,LIT-01,litho,bridge,0.0328,-9.77,71.45,2024-01-18T08:42:46
D-0000613,W2401-0103,W2401-0103-W03,LIT-01,litho,particle,0.0856,-103.06,63.45,2024-01-18T09:46:46
D-0000614,W2401-0104,W2401-0104-W25,LIT-03,litho,void,0.0712,68.83,-2.61,2024-01-18T14:22:25
D-0000615,W2401-0104,W2401-0104-W24,LIT-03,litho,etch_pit,0.0168,-18.36,81.52,2024-01-18T14:59:25
D-0000616,W2401-0104,W2401-0104-W07,LIT-03,litho,scratch,0.0335,42.17,72.19,2024-01-18T13:49:25
D-0000617,W2401-0104,W2401-0104-W06,LIT-03,litho,particle,0.0794,16.42,-35.91,2024-01-18T12:27:25
D-0000618,W2401-0104,W2401-0104-W03,LIT-03,litho,etch_pit,0.0383,-145.24,12.78,2024-01-18T15:09:25
D-0000619,W2401-0104,W2401-0104-W03,LIT-03,litho,bridge,0.041,-75.41,-136.57,2024-01-18T13:08:25
D-0000620,W2401-0105,W2401-0105-W02,IMP-02,implant,void,0.0895,142.7,-52.15,2024-01-18T18:06:37
D-0000621,W2401-0105,W2401-0105-W17,IMP-02,implant,etch_pit,0.0313,117.35,-50.35,2024-01-18T16:45:37
D-0000622,W2401-0105,W2401-0105-W10,IMP-02,implant,particle,0.0786,108.24,85.78,2024-01-18T18:56:37
D-0000623,W2401-0105,W2401-0105-W04,IMP-02,implant,void,0.0672,-30.89,-7.7,2024-01-18T17:00:37
D-0000624,W2401-0105,W2401-0105-W17,IMP-02,implant,patterning_defect,0.0774,-46.09,-97.67,2024-01-18T16:52:37
D-0000625,W2401-0106,W2401-0106-W22,CMP-02,cmp,patterning_defect,0.0309,-21.61,97.1,2024-01-18T20:45:04
D-0000626,W2401-0106,W2401-0106-W18,CMP-02,cmp,etch_pit,0.0651,-7.42,35.62,2024-01-18T21:47:04
D-0000627,W2401-0106,W2401-0106-W23,CMP-02,cmp,etch_pit,0.0186,42.25,44.97,2024-01-18T23:16:04
D-0000628,W2401-0106,W2401-0106-W24,CMP-02,cmp,bridge,0.0293,28.54,-105.17,2024-01-18T21:48:04
D-0000629,W2401-0106,W2401-0106-W17,CMP-02,cmp,void,0.0304,11.58,-33.97,2024-01-18T22:31:04
D-0000630,W2401-0106,W2401-0106-W19,CMP-02,cmp,bridge,0.0891,8.25,82.37,2024-01-18T23:07:04
D-0000631,W2401-0107,W2401-0107-W02,LIT-02,litho,scratch,0.0888,-5.59,60.52,2024-01-19T02:15:46
D-0000632,W2401-0107,W2401-0107-W04,LIT-02,litho,scratch,0.046,-108.02,-36.7,2024-01-19T00:22:46
D-0000633,W2401-0107,W2401-0107-W03,LIT-02,litho,etch_pit,0.0889,12.05,138.13,2024-01-19T03:14:46
D-0000634,W2401-0107,W2401-0107-W09,LIT-02,litho,scratch,0.0206,-88.29,16.91,2024-01-19T01:10:46
D-0000635,W2401-0107,W2401-0107-W19,LIT-02,litho,void,0.0517,-78.0,87.12,2024-01-19T00:51:46
D-0000636,W2401-0107,W2401-0107-W04,LIT-02,litho,patterning_defect,0.0628,-0.01,-32.21,2024-01-19T03:42:46
D-0000637,W2401-0107,W2401-0107-W06,LIT-02,litho,patterning_defect,0.0553,144.05,5.09,2024-01-19T02:24:46
D-0000638,W2401-0107,W2401-0107-W02,LIT-02,litho,etch_pit,0.0546,-85.8,-105.58,2024-01-19T00:24:46
D-0000639,W2401-0108,W2401-0108-W01,ETCH-01,etch,scratch,0.0241,-148.37,-130.22,2024-01-19T06:31:23
D-0000640,W2401-0108,W2401-0108-W13,ETCH-01,etch,void,0.0404,-135.5,-140.12,2024-01-19T06:59:23
D-0000641,W2401-0108,W2401-0108-W20,ETCH-01,etch,bridge,0.0546,90.01,-5.71,2024-01-19T05:56:23
D-0000642,W2401-0108,W2401-0108-W04,ETCH-01,etch,particle,0.0167,-60.95,-37.94,2024-01-19T07:41:23
D-0000643,W2401-0109,W2401-0109-W10,DIFF-01,diffusion,particle,0.068,118.53,-62.77,2024-01-19T09:42:52
D-0000644,W2401-0109,W2401-0109-W21,DIFF-01,diffusion,scratch,0.0855,26.71,76.02,2024-01-19T11:42:52
D-0000645,W2401-0109,W2401-0109-W16,DIFF-01,diffusion,scratch,0.0726,79.4,15.0,2024-01-19T08:56:52
D-0000646,W2401-0109,W2401-0109-W07,DIFF-01,diffusion,scratch,0.0427,143.77,-54.72,2024-01-19T11:14:52
D-0000647,W2401-0110,W2401-0110-W02,DIFF-02,diffusion,particle,0.0687,147.39,-12.8,2024-01-19T15:58:23
D-0000648,W2401-0110,W2401-0110-W13,DIFF-02,diffusion,patterning_defect,0.0103,94.58,-65.87,2024-01-19T14:10:23
D-0000649,W2401-0110,W2401-0110-W24,DIFF-02,diffusion,bridge,0.045,-126.79,-143.18,2024-01-19T15:42:23
D-0000650,W2401-0110,W2401-0110-W02,DIFF-02,diffusion,void,0.0878,50.2,-23.22,2024-01-19T13:09:23
D-0000651,W2401-0111,W2401-0111-W01,IMP-01,implant,patterning_defect,0.0414,-38.45,109.52,2024-01-19T20:01:47
D-0000652,W2401-0111,W2401-0111-W03,IMP-01,implant,etch_pit,0.0813,131.89,145.06,2024-01-19T17:00:47
D-0000653,W2401-0111,W2401-0111-W15,IMP-01,implant,void,0.018,34.01,125.87,2024-01-19T19:31:47
D-0000654,W2401-0111,W2401-0111-W09,IMP-01,implant,etch_pit,0.0476,6.79,-144.52,2024-01-19T20:17:47
D-0000655,W2401-0112,W2401-0112-W25,DIFF-01,diffusion,scratch,0.0436,-88.71,16.08,2024-01-19T22:16:13
D-0000656,W2401-0112,W2401-0112-W18,DIFF-01,diffusion,etch_pit,0.0552,-28.23,-33.25,2024-01-19T22:37:13
D-0000657,W2401-0112,W2401-0112-W01,DIFF-01,diffusion,void,0.0532,17.29,5.97,2024-01-19T23:22:13
D-0000658,W2401-0112,W2401-0112-W19,DIFF-01,diffusion,particle,0.0523,54.27,41.97,2024-01-20T00:00:13
D-0000659,W2401-0112,W2401-0112-W20,DIFF-01,diffusion,particle,0.0125,90.25,-21.23,2024-01-19T22:12:13
D-0000660,W2401-0112,W2401-0112-W15,DIFF-01,diffusion,etch_pit,0.0555,118.24,-142.03,2024-01-19T23:12:13
D-0000661,W2401-0112,W2401-0112-W08,DIFF-01,diffusion,particle,0.0855,-109.46,113.59,2024-01-19T23:55:13
D-0000662,W2401-0112,W2401-0112-W12,DIFF-01,diffusion,void,0.0871,6.55,17.6,2024-01-19T21:27:13
D-0000663,W2401-0113,W2401-0113-W01,ETCH-02,etch,scratch,0.0163,105.72,77.79,2024-01-20T03:04:24
D-0000664,W2401-0113,W2401-0113-W12,ETCH-02,etch,patterning_defect,0.0853,84.62,-41.36,2024-01-20T02:48:24
D-0000665,W2401-0113,W2401-0113-W11,ETCH-02,etch,patterning_defect,0.0194,-3.98,-62.35,2024-01-20T01:01:24
D-0000666,W2401-0113,W2401-0113-W22,ETCH-02,etch,etch_pit,0.0491,-34.24,-93.91,2024-01-20T00:57:24
D-0000667,W2401-0113,W2401-0113-W04,ETCH-02,etch,void,0.0738,43.2,-105.89,2024-01-20T01:01:24
D-0000668,W2401-0113,W2401-0113-W20,ETCH-02,etch,etch_pit,0.0422,-107.94,-69.65,2024-01-20T01:19:24
D-0000669,W2401-0113,W2401-0113-W05,ETCH-02,etch,bridge,0.0482,3.64,-126.81,2024-01-20T00:51:24
D-0000670,W2401-0114,W2401-0114-W24,LIT-03,litho,etch_pit,0.0313,-109.7,96.35,2024-01-20T06:18:35
D-0000671,W2401-0114,W2401-0114-W22,LIT-03,litho,scratch,0.0489,99.83,-53.95,2024-01-20T08:09:35
D-0000672,W2401-0114,W2401-0114-W17,LIT-03,litho,particle,0.0776,-106.82,102.68,2024-01-20T06:23:35
D-0000673,W2401-0114,W2401-0114-W16,LIT-03,litho,etch_pit,0.0668,-143.62,69.83,2024-01-20T05:06:35
D-0000674,W2401-0114,W2401-0114-W21,LIT-03,litho,void,0.084,118.75,-26.82,2024-01-20T05:03:35
D-0000675,W2401-0114,W2401-0114-W15,LIT-03,litho,scratch,0.0762,-66.02,108.63,2024-01-20T05:35:35
D-0000676,W2401-0115,W2401-0115-W06,CMP-01,cmp,patterning_defect,0.0589,115.45,114.87,2024-01-20T10:11:15
D-0000677,W2401-0115,W2401-0115-W01,CMP-01,cmp,particle,0.0488,45.28,122.9,2024-01-20T11:12:15
D-0000678,W2401-0115,W2401-0115-W06,CMP-01,cmp,scratch,0.0309,-14.12,-122.15,2024-01-20T10:47:15
D-0000679,W2401-0115,W2401-0115-W03,CMP-01,cmp,void,0.0847,126.41,87.86,2024-01-20T10:35:15
D-0000680,W2401-0115,W2401-0115-W01,CMP-01,cmp,void,0.0147,-44.27,18.61,2024-01-20T11:58:15
D-0000681,W2401-0115,W2401-0115-W25,CMP-01,cmp,patterning_defect,0.0173,22.16,141.47,2024-01-20T11:36:15
D-0000682,W2401-0115,W2401-0115-W06,CMP-01,cmp,etch_pit,0.0809,-116.46,94.25,2024-01-20T09:22:15
D-0000683,W2401-0115,W2401-0115-W11,CMP-01,cmp,scratch,0.0165,113.27,72.67,2024-01-20T09:58:15
D-0000684,W2401-0116,W2401-0116-W02,LIT-01,litho,etch_pit,0.0209,-135.93,-11.21,2024-01-20T16:51:46
D-0000685,W2401-0116,W2401-0116-W14,LIT-01,litho,bridge,0.0644,-147.63,-4.81,2024-01-20T16:23:46
D-0000686,W2401-0116,W2401-0116-W21,LIT-01,litho,particle,0.0503,84.99,18.41,2024-01-20T14:47:46
D-0000687,W2401-0116,W2401-0116-W23,LIT-01,litho,scratch,0.0749,-107.03,20.11,2024-01-20T15:23:46
D-0000688,W2401-0116,W2401-0116-W14,LIT-01,litho,bridge,0.0558,108.83,-26.19,2024-01-20T13:57:46
D-0000689,W2401-0116,W2401-0116-W20,LIT-01,litho,scratch,0.0865,79.27,-25.8,2024-01-20T16:31:46
D-0000690,W2401-0116,W2401-0116-W03,LIT-01,litho,patterning_defect,0.0734,4.37,-106.91,2024-01-20T15:25:46
D-0000691,W2401-0117,W2401-0117-W10,LIT-02,litho,etch_pit,0.0166,119.71,67.16,2024-01-20T18:08:02
D-0000692,W2401-0117,W2401-0117-W02,LIT-02,litho,scratch,0.0136,-44.17,18.32,2024-01-20T20:26:02
D-0000693,W2401-0117,W2401-0117-W13,LIT-02,litho,scratch,0.0247,-9.45,-60.56,2024-01-20T21:10:02
D-0000694,W2401-0117,W2401-0117-W24,LIT-02,litho,void,0.0305,78.65,96.51,2024-01-20T19:16:02
D-0000695,W2401-0117,W2401-0117-W05,LIT-02,litho,void,0.0148,107.89,142.75,2024-01-20T19:41:02
D-0000696,W2401-0118,W2401-0118-W24,DIFF-02,diffusion,void,0.0255,14.29,145.94,2024-01-20T23:06:01
D-0000697,W2401-0118,W2401-0118-W10,DIFF-02,diffusion,patterning_defect,0.0503,14.05,139.37,2024-01-20T23:23:01
D-0000698,W2401-0118,W2401-0118-W08,DIFF-02,diffusion,void,0.0885,121.51,139.78,2024-01-20T23:18:01
D-0000699,W2401-0118,W2401-0118-W13,DIFF-02,diffusion,patterning_defect,0.0532,-50.41,-133.18,2024-01-21T01:30:01
D-0000700,W2401-0119,W2401-0119-W09,LIT-01,litho,etch_pit,0.0415,-15.2,-49.0,2024-01-21T02:36:05
D-0000701,W2401-0119,W2401-0119-W12,LIT-01,litho,patterning_defect,0.0228,19.24,68.3,2024-01-21T02:18:05
D-0000702,W2401-0119,W2401-0119-W20,LIT-01,litho,particle,0.085,119.89,-52.28,2024-01-21T02:26:05
D-0000703,W2401-0119,W2401-0119-W16,LIT-01,litho,bridge,0.0348,-140.79,146.05,2024-01-21T02:42:05
D-0000704,W2401-0119,W2401-0119-W08,LIT-01,litho,particle,0.0167,-119.17,83.11,2024-01-21T03:55:05
D-0000705,W2401-0119,W2401-0119-W04,LIT-01,litho,bridge,0.0649,-106.59,91.02,2024-01-21T05:16:05
D-0000706,W2401-0119,W2401-0119-W15,LIT-01,litho,bridge,0.0143,60.4,-98.88,2024-01-21T02:22:05
D-0000707,W2401-0120,W2401-0120-W23,IMP-02,implant,bridge,0.0836,-55.09,125.14,2024-01-21T07:29:19
D-0000708,W2401-0120,W2401-0120-W23,IMP-02,implant,patterning_defect,0.0646,148.47,117.1,2024-01-21T09:11:19
D-0000709,W2401-0120,W2401-0120-W05,IMP-02,implant,scratch,0.0821,84.91,119.23,2024-01-21T07:52:19
D-0000710,W2401-0120,W2401-0120-W02,IMP-02,implant,particle,0.0788,77.34,59.49,2024-01-21T06:33:19
D-0000711,W2401-0120,W2401-0120-W03,IMP-02,implant,scratch,0.037,108.12,128.29,2024-01-21T07:49:19
D-0000712,W2401-0120,W2401-0120-W21,IMP-02,implant,bridge,0.0571,-17.83,116.4,2024-01-21T07:47:19
D-0000713,W2401-0120,W2401-0120-W02,IMP-02,implant,void,0.0135,99.76,-119.23,2024-01-21T08:14:19
D-0000714,W2401-0121,W2401-0121-W05,DIFF-02,diffusion,void,0.0541,128.36,62.07,2024-01-21T13:17:17
D-0000715,W2401-0121,W2401-0121-W22,DIFF-02,diffusion,void,0.0122,-80.28,74.8,2024-01-21T11:02:17
D-0000716,W2401-0121,W2401-0121-W02,DIFF-02,diffusion,particle,0.0414,136.3,36.37,2024-01-21T12:03:17
D-0000717,W2401-0121,W2401-0121-W25,DIFF-02,diffusion,etch_pit,0.0263,118.38,-113.68,2024-01-21T11:57:17
D-0000718,W2401-0121,W2401-0121-W12,DIFF-02,diffusion,particle,0.0125,-85.08,-135.41,2024-01-21T13:22:17
D-0000719,W2401-0122,W2401-0122-W03,DEP-02,deposition,particle,0.034,33.8,-121.05,2024-01-21T15:40:29
D-0000720,W2401-0122,W2401-0122-W21,DEP-02,deposition,scratch,0.0592,116.79,137.03,2024-01-21T16:15:29
D-0000721,W2401-0122,W2401-0122-W12,DEP-02,deposition,etch_pit,0.0295,-37.61,19.99,2024-01-21T15:21:29
D-0000722,W2401-0122,W2401-0122-W02,DEP-02,deposition,void,0.0157,-131.32,138.2,2024-01-21T17:09:29
D-0000723,W2401-0122,W2401-0122-W19,DEP-02,deposition,particle,0.0115,21.22,131.99,2024-01-21T17:04:29
D-0000724,W2401-0122,W2401-0122-W02,DEP-02,deposition,particle,0.0409,-18.11,-70.7,2024-01-21T18:03:29
D-0000725,W2401-0123,W2401-0123-W16,IMP-02,implant,void,0.0656,-111.66,116.15,2024-01-21T19:51:06
D-0000726,W2401-0123,W2401-0123-W22,IMP-02,implant,scratch,0.0779,-57.59,59.27,2024-01-21T20:31:06
D-0000727,W2401-0123,W2401-0123-W08,IMP-02,implant,particle,0.0414,-12.37,77.11,2024-01-21T19:36:06
D-0000728,W2401-0123,W2401-0123-W11,IMP-02,implant,scratch,0.0274,39.6,97.88,2024-01-21T19:14:06
D-0000729,W2401-0123,W2401-0123-W16,IMP-02,implant,scratch,0.0404,-72.98,118.86,2024-01-21T19:43:06
D-0000730,W2401-0124,W2401-0124-W04,DEP-01,deposition,void,0.0304,24.47,38.07,2024-01-22T01:20:23
D-0000731,W2401-0124,W2401-0124-W19,DEP-01,deposition,etch_pit,0.022,86.2,-57.3,2024-01-21T22:55:23
D-0000732,W2401-0124,W2401-0124-W03,DEP-01,deposition,particle,0.073,21.25,42.66,2024-01-22T00:18:23
D-0000733,W2401-0124,W2401-0124-W22,DEP-01,deposition,particle,0.0295,40.89,136.8,2024-01-22T00:53:23
D-0000734,W2401-0124,W2401-0124-W14,DEP-01,deposition,void,0.0294,-103.86,120.05,2024-01-21T22:53:23
D-0000735,W2401-0124,W2401-0124-W13,DEP-01,deposition,void,0.0276,-108.45,127.4,2024-01-21T23:43:23
D-0000736,W2401-0125,W2401-0125-W15,CMP-01,cmp,scratch,0.0801,18.65,86.41,2024-01-22T05:12:33
D-0000737,W2401-0125,W2401-0125-W15,CMP-01,cmp,scratch,0.0552,-93.55,-98.04,2024-01-22T06:01:33
D-0000738,W2401-0125,W2401-0125-W19,CMP-01,cmp,etch_pit,0.0349,-31.22,-80.18,2024-01-22T03:54:33
D-0000739,W2401-0125,W2401-0125-W14,CMP-01,cmp,bridge,0.0806,88.61,114.65,2024-01-22T03:29:33
D-0000740,W2401-0125,W2401-0125-W15,CMP-01,cmp,void,0.0517,-125.83,-11.34,2024-01-22T04:51:33
D-0000741,W2401-0125,W2401-0125-W01,CMP-01,cmp,bridge,0.0201,121.38,-114.87,2024-01-22T06:18:33
D-0000742,W2401-0126,W2401-0126-W06,IMP-02,implant,scratch,0.0702,-147.18,-92.66,2024-01-22T09:44:15
D-0000743,W2401-0126,W2401-0126-W06,IMP-02,implant,particle,0.0736,67.22,-98.07,2024-01-22T08:15:15
D-0000744,W2401-0126,W2401-0126-W17,IMP-02,implant,etch_pit,0.0518,122.14,66.39,2024-01-22T09:40:15
D-0000745,W2401-0126,W2401-0126-W12,IMP-02,implant,bridge,0.0447,81.3,0.93,2024-01-22T07:39:15
D-0000746,W2401-0126,W2401-0126-W18,IMP-02,implant,void,0.054,-124.7,26.39,2024-01-22T08:05:15
D-0000747,W2401-0126,W2401-0126-W19,IMP-02,implant,etch_pit,0.0652,-8.81,60.79,2024-01-22T07:09:15
D-0000748,W2401-0127,W2401-0127-W18,LIT-01,litho,void,0.0667,74.62,81.39,2024-01-22T11:32:32
D-0000749,W2401-0127,W2401-0127-W16,LIT-01,litho,void,0.0747,30.95,-84.65,2024-01-22T12:52:32
D-0000750,W2401-0127,W2401-0127-W13,LIT-01,litho,bridge,0.0224,121.77,-6.08,2024-01-22T11:16:32
D-0000751,W2401-0127,W2401-0127-W17,LIT-01,litho,scratch,0.0869,-56.32,-133.08,2024-01-22T10:56:32
D-0000752,W2401-0127,W2401-0127-W17,LIT-01,litho,particle,0.0678,-6.92,-148.64,2024-01-22T11:17:32
D-0000753,W2401-0127,W2401-0127-W18,LIT-01,litho,scratch,0.0336,-111.02,127.13,2024-01-22T11:30:32
D-0000754,W2401-0127,W2401-0127-W05,LIT-01,litho,bridge,0.0224,-73.92,-66.33,2024-01-22T12:36:32
D-0000755,W2401-0128,W2401-0128-W21,DEP-03,deposition,scratch,0.0205,74.29,7.42,2024-01-22T15:18:30
D-0000756,W2401-0128,W2401-0128-W03,DEP-03,deposition,void,0.0863,-41.75,30.53,2024-01-22T15:40:30
D-0000757,W2401-0128,W2401-0128-W23,DEP-03,deposition,particle,0.0201,37.94,-145.11,2024-01-22T14:59:30
D-0000758,W2401-0128,W2401-0128-W21,DEP-03,deposition,scratch,0.0141,130.26,58.37,2024-01-22T15:46:30
D-0000759,W2401-0128,W2401-0128-W05,DEP-03,deposition,particle,0.0451,-41.97,128.25,2024-01-22T17:48:30
D-0000760,W2401-0128,W2401-0128-W04,DEP-03,deposition,scratch,0.0674,-136.65,82.5,2024-01-22T15:23:30
D-0000761,W2401-0129,W2401-0129-W03,CMP-01,cmp,void,0.0809,-27.67,-31.03,2024-01-22T19:10:59
D-0000762,W2401-0129,W2401-0129-W22,CMP-01,cmp,patterning_defect,0.0146,64.14,28.27,2024-01-22T21:02:59
D-0000763,W2401-0129,W2401-0129-W15,CMP-01,cmp,void,0.0418,25.2,33.11,2024-01-22T20:07:59
D-0000764,W2401-0129,W2401-0129-W05,CMP-01,cmp,etch_pit,0.0647,45.22,146.22,2024-01-22T19:32:59
D-0000765,W2401-0129,W2401-0129-W14,CMP-01,cmp,bridge,0.075,142.53,-126.94,2024-01-22T20:26:59
D-0000766,W2401-0129,W2401-0129-W13,CMP-01,cmp,etch_pit,0.0133,132.58,24.45,2024-01-22T21:25:59
D-0000767,W2401-0129,W2401-0129-W07,CMP-01,cmp,particle,0.0728,-70.43,101.96,2024-01-22T22:19:59
D-0000768,W2401-0129,W2401-0129-W18,CMP-01,cmp,etch_pit,0.0154,-33.64,-100.66,2024-01-22T21:35:59
D-0000769,W2401-0130,W2401-0130-W07,DIFF-02,diffusion,patterning_defect,0.0436,-144.83,-132.35,2024-01-23T01:19:56
D-0000770,W2401-0130,W2401-0130-W18,DIFF-02,diffusion,etch_pit,0.0875,-24.53,139.97,2024-01-23T01:16:56
D-0000771,W2401-0130,W2401-0130-W15,DIFF-02,diffusion,patterning_defect,0.0802,-136.91,-79.31,2024-01-23T01:16:56
D-0000772,W2401-0130,W2401-0130-W05,DIFF-02,diffusion,particle,0.051,-31.67,-41.22,2024-01-23T00:53:56
D-0000773,W2401-0131,W2401-0131-W10,ETCH-03,etch,etch_pit,0.0727,-59.45,-138.22,2024-01-23T05:30:01
D-0000774,W2401-0131,W2401-0131-W13,ETCH-03,etch,patterning_defect,0.0648,31.19,-92.81,2024-01-23T04:37:01
D-0000775,W2401-0131,W2401-0131-W19,ETCH-03,etch,void,0.0107,43.87,-36.68,2024-01-23T05:36:01
D-0000776,W2401-0131,W2401-0131-W07,ETCH-03,etch,particle,0.0235,-108.86,113.86,2024-01-23T04:10:01
D-0000777,W2401-0131,W2401-0131-W03,ETCH-03,etch,scratch,0.0217,-84.5,-26.54,2024-01-23T04:15:01
D-0000778,W2401-0131,W2401-0131-W24,ETCH-03,etch,scratch,0.0624,58.24,-69.57,2024-01-23T04:18:01
D-0000779,W2401-0131,W2401-0131-W04,ETCH-03,etch,bridge,0.078,40.6,135.58,2024-01-23T05:56:01
D-0000780,W2401-0131,W2401-0131-W24,ETCH-03,etch,void,0.0889,134.21,35.07,2024-01-23T06:49:01
D-0000781,W2401-0132,W2401-0132-W14,CMP-02,cmp,particle,0.0292,-56.28,95.56,2024-01-23T08:22:51
D-0000782,W2401-0132,W2401-0132-W22,CMP-02,cmp,bridge,0.0646,-70.43,-89.1,2024-01-23T09:27:51
D-0000783,W2401-0132,W2401-0132-W08,CMP-02,cmp,etch_pit,0.0676,137.8,-65.04,2024-01-23T09:58:51
D-0000784,W2401-0132,W2401-0132-W06,CMP-02,cmp,etch_pit,0.0633,-40.33,-78.72,2024-01-23T09:03:51
D-0000785,W2401-0132,W2401-0132-W09,CMP-02,cmp,patterning_defect,0.0859,-138.65,56.48,2024-01-23T08:20:51
D-0000786,W2401-0132,W2401-0132-W03,CMP-02,cmp,etch_pit,0.0393,50.2,-0.15,2024-01-23T08:08:51
D-0000787,W2401-0132,W2401-0132-W12,CMP-02,cmp,patterning_defect,0.0314,108.34,82.95,2024-01-23T09:40:51
D-0000788,W2401-0132,W2401-0132-W23,CMP-02,cmp,bridge,0.0315,-50.41,-13.85,2024-01-23T10:31:51
D-0000789,W2401-0133,W2401-0133-W24,ETCH-02,etch,etch_pit,0.0821,40.45,133.2,2024-01-23T13:39:04
D-0000790,W2401-0133,W2401-0133-W08,ETCH-02,etch,void,0.0551,146.36,-68.29,2024-01-23T13:45:04
D-0000791,W2401-0133,W2401-0133-W24,ETCH-02,etch,bridge,0.0502,137.76,-130.05,2024-01-23T13:00:04
D-0000792,W2401-0133,W2401-0133-W09,ETCH-02,etch,particle,0.0242,-63.91,-142.41,2024-01-23T15:05:04
D-0000793,W2401-0133,W2401-0133-W01,ETCH-02,etch,bridge,0.084,130.18,124.29,2024-01-23T13:25:04
D-0000794,W2401-0133,W2401-0133-W17,ETCH-02,etch,particle,0.0373,77.6,28.59,2024-01-23T13:29:04
D-0000795,W2401-0134,W2401-0134-W19,CMP-02,cmp,void,0.0342,-15.89,-115.37,2024-01-23T16:58:47
D-0000796,W2401-0134,W2401-0134-W01,CMP-02,cmp,void,0.0885,-108.26,-39.35,2024-01-23T19:00:47
D-0000797,W2401-0134,W2401-0134-W19,CMP-02,cmp,patterning_defect,0.0313,-34.33,129.07,2024-01-23T17:10:47
D-0000798,W2401-0134,W2401-0134-W02,CMP-02,cmp,patterning_defect,0.0863,44.9,24.89,2024-01-23T17:00:47
D-0000799,W2401-0134,W2401-0134-W06,CMP-02,cmp,patterning_defect,0.0753,-59.3,-54.61,2024-01-23T17:16:47
D-0000800,W2401-0134,W2401-0134-W07,CMP-02,cmp,etch_pit,0.0145,19.84,-83.44,2024-01-23T19:14:47
D-0000801,W2401-0135,W2401-0135-W08,DEP-03,deposition,particle,0.0826,120.29,-140.06,2024-01-23T22:59:19
D-0000802,W2401-0135,W2401-0135-W22,DEP-03,deposition,etch_pit,0.0497,9.19,-42.83,2024-01-23T20:56:19
D-0000803,W2401-0135,W2401-0135-W05,DEP-03,deposition,patterning_defect,0.0164,68.51,-15.9,2024-01-23T22:36:19
D-0000804,W2401-0135,W2401-0135-W09,DEP-03,deposition,scratch,0.0267,94.06,47.07,2024-01-23T23:23:19
D-0000805,W2401-0135,W2401-0135-W06,DEP-03,deposition,void,0.0825,88.66,-71.59,2024-01-23T23:08:19
D-0000806,W2401-0135,W2401-0135-W21,DEP-03,deposition,etch_pit,0.0498,-115.5,-91.19,2024-01-23T20:55:19
D-0000807,W2401-0135,W2401-0135-W21,DEP-03,deposition,patterning_defect,0.0641,57.07,-26.55,2024-01-23T21:41:19
D-0000808,W2401-0136,W2401-0136-W08,CMP-01,cmp,patterning_defect,0.047,-109.65,-20.87,2024-01-24T03:01:29
D-0000809,W2401-0136,W2401-0136-W11,CMP-01,cmp,void,0.0256,-147.99,-65.96,2024-01-24T00:22:29
D-0000810,W2401-0136,W2401-0136-W21,CMP-01,cmp,etch_pit,0.084,38.53,-42.58,2024-01-24T00:46:29
D-0000811,W2401-0136,W2401-0136-W15,CMP-01,cmp,patterning_defect,0.015,127.42,-39.49,2024-01-24T02:53:29
D-0000812,W2401-0136,W2401-0136-W17,CMP-01,cmp,bridge,0.0137,-141.46,-103.71,2024-01-24T03:01:29
D-0000813,W2401-0137,W2401-0137-W24,LIT-03,litho,particle,0.0347,-53.7,48.45,2024-01-24T04:32:30
D-0000814,W2401-0137,W2401-0137-W04,LIT-03,litho,void,0.0583,-81.44,21.95,2024-01-24T07:05:30
D-0000815,W2401-0137,W2401-0137-W04,LIT-03,litho,etch_pit,0.0274,-30.4,91.22,2024-01-24T06:40:30
D-0000816,W2401-0137,W2401-0137-W03,LIT-03,litho,void,0.0232,-138.55,-112.76,2024-01-24T05:19:30
D-0000817,W2401-0137,W2401-0137-W20,LIT-03,litho,scratch,0.0667,5.39,-32.55,2024-01-24T06:47:30
D-0000818,W2401-0138,W2401-0138-W20,IMP-01,implant,bridge,0.056,39.09,-4.58,2024-01-24T08:59:51
D-0000819,W2401-0138,W2401-0138-W12,IMP-01,implant,particle,0.0399,34.38,97.52,2024-01-24T10:44:51
D-0000820,W2401-0138,W2401-0138-W22,IMP-01,implant,scratch,0.0288,-98.65,41.7,2024-01-24T11:13:51
D-0000821,W2401-0138,W2401-0138-W15,IMP-01,implant,scratch,0.0593,117.3,30.81,2024-01-24T08:40:51
D-0000822,W2401-0139,W2401-0139-W10,IMP-01,implant,void,0.0479,57.66,117.53,2024-01-24T13:00:14
D-0000823,W2401-0139,W2401-0139-W12,IMP-01,implant,scratch,0.0281,-21.81,2.17,2024-01-24T12:12:14
D-0000824,W2401-0139,W2401-0139-W16,IMP-01,implant,void,0.0826,15.27,-12.18,2024-01-24T14:14:14
D-0000825,W2401-0139,W2401-0139-W06,IMP-01,implant,void,0.0498,136.96,78.82,2024-01-24T15:30:14
D-0000826,W2401-0140,W2401-0140-W07,IMP-02,implant,void,0.0179,-2.57,-102.52,2024-01-24T16:22:02
D-0000827,W2401-0140,W2401-0140-W12,IMP-02,implant,bridge,0.0862,143.18,-82.77,2024-01-24T18:19:02
D-0000828,W2401-0140,W2401-0140-W22,IMP-02,implant,bridge,0.087,61.41,138.17,2024-01-24T18:03:02
D-0000829,W2401-0140,W2401-0140-W22,IMP-02,implant,etch_pit,0.0604,126.07,78.09,2024-01-24T18:13:02
D-0000830,W2401-0140,W2401-0140-W09,IMP-02,implant,etch_pit,0.0483,-52.36,75.62,2024-01-24T16:30:02
D-0000831,W2401-0141,W2401-0141-W07,IMP-01,implant,patterning_defect,0.0871,143.68,143.78,2024-01-24T20:58:18
D-0000832,W2401-0141,W2401-0141-W06,IMP-01,implant,patterning_defect,0.0507,40.15,75.81,2024-01-24T21:36:18
D-0000833,W2401-0141,W2401-0141-W09,IMP-01,implant,patterning_defect,0.0377,146.14,106.7,2024-01-24T22:46:18
D-0000834,W2401-0141,W2401-0141-W05,IMP-01,implant,etch_pit,0.0632,55.23,107.35,2024-01-24T21:07:18
D-0000835,W2401-0141,W2401-0141-W24,IMP-01,implant,patterning_defect,0.0424,-36.65,95.67,2024-01-24T23:00:18
D-0000836,W2401-0142,W2401-0142-W07,CMP-01,cmp,void,0.0139,-32.9,99.27,2024-01-25T03:19:55
D-0000837,W2401-0142,W2401-0142-W24,CMP-01,cmp,void,0.0739,-129.13,44.03,2024-01-25T02:53:55
D-0000838,W2401-0142,W2401-0142-W02,CMP-01,cmp,scratch,0.0647,-2.45,-117.85,2024-01-25T01:37:55
D-0000839,W2401-0142,W2401-0142-W01,CMP-01,cmp,void,0.0352,106.32,134.03,2024-01-25T03:54:55
D-0000840,W2401-0142,W2401-0142-W04,CMP-01,cmp,bridge,0.0359,-144.96,47.68,2024-01-25T01:33:55
D-0000841,W2401-0142,W2401-0142-W25,CMP-01,cmp,void,0.0421,-131.92,84.79,2024-01-25T03:26:55
D-0000842,W2401-0143,W2401-0143-W08,CMP-01,cmp,bridge,0.0676,46.74,-33.94,2024-01-25T05:45:31
D-0000843,W2401-0143,W2401-0143-W24,CMP-01,cmp,scratch,0.0481,-41.26,-74.07,2024-01-25T04:43:31
D-0000844,W2401-0143,W2401-0143-W06,CMP-01,cmp,patterning_defect,0.0628,-39.25,-21.42,2024-01-25T07:29:31
D-0000845,W2401-0143,W2401-0143-W09,CMP-01,cmp,particle,0.0553,124.66,-47.02,2024-01-25T06:14:31
D-0000846,W2401-0143,W2401-0143-W09,CMP-01,cmp,particle,0.0847,-121.79,65.83,2024-01-25T06:56:31
D-0000847,W2401-0143,W2401-0143-W07,CMP-01,cmp,bridge,0.0461,-1.0,90.85,2024-01-25T04:40:31
D-0000848,W2401-0143,W2401-0143-W16,CMP-01,cmp,etch_pit,0.0749,-143.59,-98.72,2024-01-25T05:05:31
D-0000849,W2401-0144,W2401-0144-W03,ETCH-01,etch,bridge,0.0622,-120.36,68.23,2024-01-25T08:42:15
D-0000850,W2401-0144,W2401-0144-W05,ETCH-01,etch,scratch,0.0853,21.33,75.07,2024-01-25T10:10:15
D-0000851,W2401-0144,W2401-0144-W20,ETCH-01,etch,void,0.0526,43.89,-28.02,2024-01-25T10:44:15
D-0000852,W2401-0144,W2401-0144-W17,ETCH-01,etch,void,0.0159,-21.94,117.17,2024-01-25T09:19:15
D-0000853,W2401-0145,W2401-0145-W20,ETCH-02,etch,patterning_defect,0.0248,-18.52,-32.96,2024-01-25T15:19:42
D-0000854,W2401-0145,W2401-0145-W01,ETCH-02,etch,void,0.0371,22.88,9.06,2024-01-25T14:43:42
D-0000855,W2401-0145,W2401-0145-W16,ETCH-02,etch,bridge,0.0436,-78.31,40.95,2024-01-25T12:57:42
D-0000856,W2401-0145,W2401-0145-W21,ETCH-02,etch,bridge,0.082,59.09,-56.99,2024-01-25T12:33:42
D-0000857,W2401-0146,W2401-0146-W03,CMP-02,cmp,bridge,0.0406,-56.99,-139.8,2024-01-25T18:13:16
D-0000858,W2401-0146,W2401-0146-W22,CMP-02,cmp,etch_pit,0.0563,-49.21,-79.51,2024-01-25T16:39:16
D-0000859,W2401-0146,W2401-0146-W02,CMP-02,cmp,scratch,0.0569,-44.11,-141.99,2024-01-25T17:31:16
D-0000860,W2401-0146,W2401-0146-W16,CMP-02,cmp,etch_pit,0.0318,-64.73,41.74,2024-01-25T19:26:16
D-0000861,W2401-0146,W2401-0146-W10,CMP-02,cmp,void,0.0669,-148.65,-23.58,2024-01-25T18:25:16
D-0000862,W2401-0146,W2401-0146-W15,CMP-02,cmp,void,0.0347,49.28,-19.29,2024-01-25T17:44:16
D-0000863,W2401-0146,W2401-0146-W10,CMP-02,cmp,bridge,0.0574,126.16,114.67,2024-01-25T16:24:16
D-0000864,W2401-0146,W2401-0146-W14,CMP-02,cmp,etch_pit,0.0409,-45.43,56.81,2024-01-25T16:10:16
D-0000865,W2401-0147,W2401-0147-W11,IMP-02,implant,particle,0.0425,-43.81,59.31,2024-01-25T22:07:31
D-0000866,W2401-0147,W2401-0147-W07,IMP-02,implant,particle,0.0691,141.57,19.38,2024-01-25T22:44:31
D-0000867,W2401-0147,W2401-0147-W06,IMP-02,implant,patterning_defect,0.0453,-116.25,40.23,2024-01-25T22:53:31
D-0000868,W2401-0147,W2401-0147-W12,IMP-02,implant,particle,0.0657,-82.62,-87.65,2024-01-25T23:04:31
D-0000869,W2401-0147,W2401-0147-W12,IMP-02,implant,bridge,0.0675,-95.58,-44.77,2024-01-25T20:48:31
D-0000870,W2401-0147,W2401-0147-W17,IMP-02,implant,scratch,0.0431,-87.5,-59.69,2024-01-25T20:27:31
D-0000871,W2401-0148,W2401-0148-W20,CMP-01,cmp,scratch,0.052,104.28,101.47,2024-01-26T03:04:28
D-0000872,W2401-0148,W2401-0148-W11,CMP-01,cmp,bridge,0.0379,-65.06,46.92,2024-01-26T00:52:28
D-0000873,W2401-0148,W2401-0148-W10,CMP-01,cmp,patterning_defect,0.0703,111.65,131.74,2024-01-26T01:03:28
D-0000874,W2401-0148,W2401-0148-W24,CMP-01,cmp,scratch,0.0667,85.1,86.93,2024-01-26T01:07:28
D-0000875,W2401-0148,W2401-0148-W20,CMP-01,cmp,particle,0.0556,30.84,-76.11,2024-01-26T02:24:28
D-0000876,W2401-0148,W2401-0148-W08,CMP-01,cmp,etch_pit,0.0856,-71.97,23.34,2024-01-26T01:01:28
D-0000877,W2401-0149,W2401-0149-W19,LIT-03,litho,etch_pit,0.0802,-70.39,7.7,2024-01-26T07:12:02
D-0000878,W2401-0149,W2401-0149-W22,LIT-03,litho,bridge,0.0237,-82.09,27.81,2024-01-26T06:27:02
D-0000879,W2401-0149,W2401-0149-W14,LIT-03,litho,particle,0.0678,66.62,-83.88,2024-01-26T06:46:02
D-0000880,W2401-0149,W2401-0149-W22,LIT-03,litho,etch_pit,0.0614,113.94,24.63,2024-01-26T05:28:02
D-0000881,W2401-0149,W2401-0149-W04,LIT-03,litho,scratch,0.0183,-146.62,117.48,2024-01-26T06:45:02
D-0000882,W2401-0150,W2401-0150-W05,DIFF-02,diffusion,particle,0.0239,107.41,77.98,2024-01-26T09:51:31
D-0000883,W2401-0150,W2401-0150-W11,DIFF-02,diffusion,scratch,0.0781,-45.37,-63.45,2024-01-26T10:50:31
D-0000884,W2401-0150,W2401-0150-W14,DIFF-02,diffusion,void,0.0478,25.51,107.02,2024-01-26T08:21:31
D-0000885,W2401-0150,W2401-0150-W02,DIFF-02,diffusion,scratch,0.0134,-66.11,-20.01,2024-01-26T09:06:31
D-0000886,W2401-0150,W2401-0150-W13,DIFF-02,diffusion,patterning_defect,0.0219,33.06,19.84,2024-01-26T11:19:31
D-0000887,W2401-0150,W2401-0150-W01,DIFF-02,diffusion,particle,0.069,-42.98,-108.36,2024-01-26T08:18:31
D-0000888,W2401-0150,W2401-0150-W07,DIFF-02,diffusion,etch_pit,0.0469,106.82,108.57,2024-01-26T10:04:31
D-0000889,W2401-0151,W2401-0151-W13,IMP-01,implant,scratch,0.0566,38.15,101.2,2024-01-26T11:57:43
D-0000890,W2401-0151,W2401-0151-W18,IMP-01,implant,patterning_defect,0.0877,-125.49,21.95,2024-01-26T12:52:43
D-0000891,W2401-0151,W2401-0151-W03,IMP-01,implant,scratch,0.0388,-60.09,-71.71,2024-01-26T13:20:43
D-0000892,W2401-0151,W2401-0151-W13,IMP-01,implant,void,0.0168,-82.6,12.53,2024-01-26T13:31:43
D-0000893,W2401-0151,W2401-0151-W02,IMP-01,implant,etch_pit,0.0337,-94.3,97.99,2024-01-26T12:37:43
D-0000894,W2401-0151,W2401-0151-W22,IMP-01,implant,etch_pit,0.0127,-74.9,-56.61,2024-01-26T13:11:43
D-0000895,W2401-0151,W2401-0151-W06,IMP-01,implant,scratch,0.0266,-116.88,-59.23,2024-01-26T14:46:43
D-0000896,W2401-0151,W2401-0151-W15,IMP-01,implant,etch_pit,0.0433,71.95,52.09,2024-01-26T14:45:43
D-0000897,W2401-0152,W2401-0152-W18,LIT-03,litho,etch_pit,0.0126,86.86,145.6,2024-01-26T18:32:15
D-0000898,W2401-0152,W2401-0152-W11,LIT-03,litho,etch_pit,0.0818,20.59,-65.39,2024-01-26T18:58:15
D-0000899,W2401-0152,W2401-0152-W19,LIT-03,litho,patterning_defect,0.0222,90.81,-122.28,2024-01-26T18:35:15
D-0000900,W2401-0152,W2401-0152-W16,LIT-03,litho,void,0.0329,-10.19,-92.88,2024-01-26T15:55:15
D-0000901,W2401-0152,W2401-0152-W10,LIT-03,litho,scratch,0.0355,-102.76,10.9,2024-01-26T19:08:15
D-0000902,W2401-0152,W2401-0152-W12,LIT-03,litho,patterning_defect,0.0231,93.89,32.63,2024-01-26T16:57:15
D-0000903,W2401-0152,W2401-0152-W14,LIT-03,litho,void,0.0245,74.98,68.49,2024-01-26T18:58:15
D-0000904,W2401-0153,W2401-0153-W07,ETCH-01,etch,scratch,0.0516,-103.31,87.38,2024-01-26T20:03:06
D-0000905,W2401-0153,W2401-0153-W05,ETCH-01,etch,particle,0.0364,21.94,-116.87,2024-01-26T20:53:06
D-0000906,W2401-0153,W2401-0153-W01,ETCH-01,etch,scratch,0.0276,-73.42,-9.4,2024-01-26T20:18:06
D-0000907,W2401-0153,W2401-0153-W24,ETCH-01,etch,bridge,0.0636,-21.52,-13.02,2024-01-26T23:29:06
D-0000908,W2401-0153,W2401-0153-W01,ETCH-01,etch,void,0.0441,82.22,32.68,2024-01-26T21:29:06
D-0000909,W2401-0154,W2401-0154-W08,ETCH-02,etch,etch_pit,0.0145,-66.16,-38.68,2024-01-27T00:16:57
D-0000910,W2401-0154,W2401-0154-W03,ETCH-02,etch,patterning_defect,0.0238,-80.21,24.35,2024-01-27T03:19:57
D-0000911,W2401-0154,W2401-0154-W09,ETCH-02,etch,etch_pit,0.0237,-140.35,-68.29,2024-01-27T03:24:57
D-0000912,W2401-0154,W2401-0154-W05,ETCH-02,etch,particle,0.0532,-12.38,133.07,2024-01-27T03:26:57
D-0000913,W2401-0154,W2401-0154-W19,ETCH-02,etch,etch_pit,0.0738,124.35,-144.12,2024-01-27T01:58:57
D-0000914,W2401-0154,W2401-0154-W23,ETCH-02,etch,scratch,0.0231,88.53,-61.78,2024-01-27T01:37:57
D-0000915,W2401-0155,W2401-0155-W15,ETCH-01,etch,etch_pit,0.0678,124.05,-71.83,2024-01-27T05:58:52
D-0000916,W2401-0155,W2401-0155-W15,ETCH-01,etch,etch_pit,0.0867,98.85,-7.07,2024-01-27T06:21:52
D-0000917,W2401-0155,W2401-0155-W23,ETCH-01,etch,void,0.076,-25.65,36.44,2024-01-27T06:12:52
D-0000918,W2401-0155,W2401-0155-W06,ETCH-01,etch,patterning_defect,0.014,-41.79,12.4,2024-01-27T05:56:52
D-0000919,W2401-0156,W2401-0156-W05,LIT-02,litho,etch_pit,0.0475,-104.8,1.73,2024-01-27T08:23:54
D-0000920,W2401-0156,W2401-0156-W06,LIT-02,litho,scratch,0.0579,90.19,25.31,2024-01-27T11:03:54
D-0000921,W2401-0156,W2401-0156-W11,LIT-02,litho,void,0.0707,-65.04,-73.09,2024-01-27T10:16:54
D-0000922,W2401-0156,W2401-0156-W24,LIT-02,litho,etch_pit,0.0858,-4.33,37.91,2024-01-27T10:02:54
D-0000923,W2401-0156,W2401-0156-W19,LIT-02,litho,etch_pit,0.0161,-93.48,-110.26,2024-01-27T08:29:54
D-0000924,W2401-0156,W2401-0156-W02,LIT-02,litho,particle,0.0466,4.03,-78.76,2024-01-27T09:35:54
D-0000925,W2401-0156,W2401-0156-W23,LIT-02,litho,bridge,0.0746,72.34,-134.1,2024-01-27T08:25:54
D-0000926,W2401-0157,W2401-0157-W02,DIFF-02,diffusion,etch_pit,0.0488,57.69,88.79,2024-01-27T13:15:16
D-0000927,W2401-0157,W2401-0157-W20,DIFF-02,diffusion,scratch,0.0183,140.54,34.94,2024-01-27T15:15:16
D-0000928,W2401-0157,W2401-0157-W12,DIFF-02,diffusion,scratch,0.0355,114.95,78.77,2024-01-27T14:24:16
D-0000929,W2401-0157,W2401-0157-W04,DIFF-02,diffusion,scratch,0.0214,-2.32,-33.43,2024-01-27T13:23:16
D-0000930,W2401-0157,W2401-0157-W08,DIFF-02,diffusion,scratch,0.0464,-100.26,-41.51,2024-01-27T13:32:16
D-0000931,W2401-0157,W2401-0157-W05,DIFF-02,diffusion,particle,0.0401,-36.69,-53.49,2024-01-27T15:45:16
D-0000932,W2401-0157,W2401-0157-W09,DIFF-02,diffusion,bridge,0.0617,104.3,-91.68,2024-01-27T13:07:16
D-0000933,W2401-0158,W2401-0158-W23,LIT-03,litho,void,0.0256,141.9,-61.26,2024-01-27T18:21:46
D-0000934,W2401-0158,W2401-0158-W01,LIT-03,litho,scratch,0.0772,-0.27,29.57,2024-01-27T17:52:46
D-0000935,W2401-0158,W2401-0158-W01,LIT-03,litho,scratch,0.0117,-99.47,107.33,2024-01-27T19:05:46
D-0000936,W2401-0158,W2401-0158-W22,LIT-03,litho,void,0.0506,-44.89,33.4,2024-01-27T17:48:46
D-0000937,W2401-0159,W2401-0159-W22,IMP-02,implant,void,0.0306,60.19,-94.87,2024-01-27T21:51:33
D-0000938,W2401-0159,W2401-0159-W21,IMP-02,implant,bridge,0.0228,112.54,71.84,2024-01-27T21:48:33
D-0000939,W2401-0159,W2401-0159-W08,IMP-02,implant,scratch,0.0462,-0.59,-53.97,2024-01-27T20:45:33
D-0000940,W2401-0159,W2401-0159-W06,IMP-02,implant,patterning_defect,0.0554,-143.77,-125.0,2024-01-27T21:44:33
D-0000941,W2401-0159,W2401-0159-W12,IMP-02,implant,void,0.0213,31.17,-140.72,2024-01-27T21:36:33
D-0000942,W2401-0160,W2401-0160-W24,DEP-02,deposition,patterning_defect,0.0221,-63.82,-127.74,2024-01-28T02:56:56
D-0000943,W2401-0160,W2401-0160-W14,DEP-02,deposition,scratch,0.0221,-54.31,76.72,2024-01-28T02:39:56
D-0000944,W2401-0160,W2401-0160-W19,DEP-02,deposition,void,0.0449,-10.94,65.62,2024-01-28T00:19:56
D-0000945,W2401-0160,W2401-0160-W21,DEP-02,deposition,void,0.0761,66.37,48.9,2024-01-28T00:26:56
D-0000946,W2401-0160,W2401-0160-W02,DEP-02,deposition,void,0.0161,48.65,36.8,2024-01-27T23:46:56
D-0000947,W2401-0160,W2401-0160-W21,DEP-02,deposition,bridge,0.0372,-91.03,66.71,2024-01-28T00:37:56
D-0000948,W2401-0160,W2401-0160-W21,DEP-02,deposition,void,0.0781,-136.0,22.02,2024-01-28T00:37:56
D-0000949,W2401-0160,W2401-0160-W23,DEP-02,deposition,etch_pit,0.0151,42.43,-96.32,2024-01-28T00:18:56
D-0000950,W2401-0161,W2401-0161-W06,IMP-02,implant,etch_pit,0.0398,-60.77,48.5,2024-01-28T04:02:16
D-0000951,W2401-0161,W2401-0161-W23,IMP-02,implant,void,0.0223,-19.24,-24.69,2024-01-28T05:41:16
D-0000952,W2401-0161,W2401-0161-W13,IMP-02,implant,scratch,0.0107,78.55,-116.3,2024-01-28T04:57:16
D-0000953,W2401-0161,W2401-0161-W09,IMP-02,implant,bridge,0.0147,-56.83,-57.93,2024-01-28T04:08:16
D-0000954,W2401-0162,W2401-0162-W02,DIFF-02,diffusion,etch_pit,0.0242,127.56,123.84,2024-01-28T09:50:33
D-0000955,W2401-0162,W2401-0162-W15,DIFF-02,diffusion,bridge,0.0484,98.91,6.19,2024-01-28T11:01:33
D-0000956,W2401-0162,W2401-0162-W24,DIFF-02,diffusion,patterning_defect,0.061,-65.03,110.32,2024-01-28T10:54:33
D-0000957,W2401-0162,W2401-0162-W10,DIFF-02,diffusion,etch_pit,0.0195,-19.27,-110.47,2024-01-28T08:58:33
D-0000958,W2401-0163,W2401-0163-W04,DEP-01,deposition,bridge,0.0672,-19.04,-105.84,2024-01-28T11:59:14
D-0000959,W2401-0163,W2401-0163-W07,DEP-01,deposition,scratch,0.0345,-129.94,-64.27,2024-01-28T14:16:14
D-0000960,W2401-0163,W2401-0163-W09,DEP-01,deposition,void,0.0737,-115.4,69.36,2024-01-28T13:50:14
D-0000961,W2401-0163,W2401-0163-W19,DEP-01,deposition,etch_pit,0.066,-115.65,-8.62,2024-01-28T14:17:14
D-0000962,W2401-0163,W2401-0163-W15,DEP-01,deposition,scratch,0.0708,26.26,28.03,2024-01-28T14:16:14
D-0000963,W2401-0164,W2401-0164-W19,LIT-02,litho,bridge,0.0177,-101.06,59.1,2024-01-28T16:10:54
D-0000964,W2401-0164,W2401-0164-W24,LIT-02,litho,void,0.0146,111.8,-23.17,2024-01-28T15:47:54
D-0000965,W2401-0164,W2401-0164-W24,LIT-02,litho,bridge,0.0234,-148.36,-147.4,2024-01-28T16:32:54
D-0000966,W2401-0164,W2401-0164-W24,LIT-02,litho,scratch,0.0369,13.1,-92.81,2024-01-28T16:06:54
D-0000967,W2401-0164,W2401-0164-W01,LIT-02,litho,scratch,0.0137,92.26,-68.49,2024-01-28T17:57:54
D-0000968,W2401-0164,W2401-0164-W08,LIT-02,litho,void,0.0102,-43.13,56.36,2024-01-28T17:28:54
D-0000969,W2401-0165,W2401-0165-W06,IMP-01,implant,bridge,0.0552,33.22,-131.23,2024-01-28T21:43:21
D-0000970,W2401-0165,W2401-0165-W18,IMP-01,implant,bridge,0.0231,-12.7,-19.03,2024-01-28T21:04:21
D-0000971,W2401-0165,W2401-0165-W08,IMP-01,implant,scratch,0.0545,116.08,113.84,2024-01-28T22:10:21
D-0000972,W2401-0165,W2401-0165-W20,IMP-01,implant,etch_pit,0.0639,114.06,-88.25,2024-01-28T23:30:21
D-0000973,W2401-0165,W2401-0165-W16,IMP-01,implant,void,0.0698,1.69,40.23,2024-01-28T22:43:21
D-0000974,W2401-0165,W2401-0165-W18,IMP-01,implant,patterning_defect,0.07,79.85,-96.24,2024-01-28T21:58:21
D-0000975,W2401-0165,W2401-0165-W04,IMP-01,implant,scratch,0.0542,138.61,-116.62,2024-01-28T20:21:21
D-0000976,W2401-0165,W2401-0165-W07,IMP-01,implant,scratch,0.0505,-102.26,119.22,2024-01-28T23:05:21
D-0000977,W2401-0166,W2401-0166-W05,ETCH-03,etch,particle,0.0532,2.41,140.3,2024-01-29T01:48:34
D-0000978,W2401-0166,W2401-0166-W06,ETCH-03,etch,void,0.058,106.13,8.45,2024-01-29T01:42:34
D-0000979,W2401-0166,W2401-0166-W23,ETCH-03,etch,patterning_defect,0.0689,59.69,-27.99,2024-01-29T02:22:34
D-0000980,W2401-0166,W2401-0166-W16,ETCH-03,etch,void,0.0621,-23.1,38.49,2024-01-29T01:53:34
D-0000981,W2401-0166,W2401-0166-W19,ETCH-03,etch,scratch,0.0608,129.43,6.75,2024-01-29T03:06:34
D-0000982,W2401-0166,W2401-0166-W09,ETCH-03,etch,scratch,0.016,-111.02,31.8,2024-01-29T02:03:34
D-0000983,W2401-0166,W2401-0166-W04,ETCH-03,etch,void,0.0503,-116.02,140.04,2024-01-29T02:06:34
D-0000984,W2401-0166,W2401-0166-W19,ETCH-03,etch,etch_pit,0.0615,12.22,-59.93,2024-01-29T03:08:34
D-0000985,W2401-0167,W2401-0167-W06,DEP-01,deposition,etch_pit,0.0113,64.42,69.1,2024-01-29T07:23:45
D-0000986,W2401-0167,W2401-0167-W13,DEP-01,deposition,void,0.0657,95.95,10.09,2024-01-29T07:39:45
D-0000987,W2401-0167,W2401-0167-W06,DEP-01,deposition,bridge,0.0383,98.17,-107.77,2024-01-29T06:18:45
D-0000988,W2401-0167,W2401-0167-W07,DEP-01,deposition,scratch,0.0506,19.52,134.82,2024-01-29T05:51:45
D-0000989,W2401-0167,W2401-0167-W11,DEP-01,deposition,scratch,0.0318,-19.32,40.67,2024-01-29T07:39:45
D-0000990,W2401-0167,W2401-0167-W15,DEP-01,deposition,etch_pit,0.0809,23.64,32.13,2024-01-29T06:17:45
D-0000991,W2401-0167,W2401-0167-W09,DEP-01,deposition,bridge,0.0214,34.97,-22.93,2024-01-29T05:41:45
D-0000992,W2401-0168,W2401-0168-W25,ETCH-03,etch,void,0.0595,-4.64,18.61,2024-01-29T10:32:23
D-0000993,W2401-0168,W2401-0168-W20,ETCH-03,etch,void,0.0649,-0.59,17.63,2024-01-29T11:06:23
D-0000994,W2401-0168,W2401-0168-W20,ETCH-03,etch,etch_pit,0.0327,-66.81,135.18,2024-01-29T09:00:23
D-0000995,W2401-0168,W2401-0168-W20,ETCH-03,etch,etch_pit,0.0778,-115.46,-11.31,2024-01-29T09:24:23
D-0000996,W2401-0169,W2401-0169-W17,ETCH-03,etch,patterning_defect,0.0375,-30.2,24.29,2024-01-29T15:15:18
D-0000997,W2401-0169,W2401-0169-W18,ETCH-03,etch,particle,0.0405,82.37,10.04,2024-01-29T12:56:18
D-0000998,W2401-0169,W2401-0169-W10,ETCH-03,etch,scratch,0.0734,-99.33,41.72,2024-01-29T15:15:18
D-0000999,W2401-0169,W2401-0169-W13,ETCH-03,etch,etch_pit,0.0361,-98.07,100.04,2024-01-29T11:57:18
D-0001000,W2401-0169,W2401-0169-W06,ETCH-03,etch,void,0.0869,-137.35,-29.74,2024-01-29T14:10:18
D-0001001,W2401-0169,W2401-0169-W20,ETCH-03,etch,patterning_defect,0.0114,13.22,-68.37,2024-01-29T12:53:18
D-0001002,W2401-0169,W2401-0169-W12,ETCH-03,etch,void,0.0716,-148.84,112.42,2024-01-29T14:15:18
D-0001003,W2401-0170,W2401-0170-W07,ETCH-03,etch,etch_pit,0.0744,-50.7,-58.07,2024-01-29T18:57:45
D-0001004,W2401-0170,W2401-0170-W18,ETCH-03,etch,bridge,0.0595,70.59,-70.95,2024-01-29T18:39:45
D-0001005,W2401-0170,W2401-0170-W04,ETCH-03,etch,bridge,0.0433,108.92,-144.66,2024-01-29T17:23:45
D-0001006,W2401-0170,W2401-0170-W12,ETCH-03,etch,patterning_defect,0.0138,-85.57,53.54,2024-01-29T18:33:45
D-0001007,W2401-0170,W2401-0170-W13,ETCH-03,etch,etch_pit,0.0423,27.47,110.09,2024-01-29T18:01:45
D-0001008,W2401-0170,W2401-0170-W12,ETCH-03,etch,bridge,0.0114,139.54,-42.48,2024-01-29T16:43:45
D-0001009,W2401-0170,W2401-0170-W04,ETCH-03,etch,bridge,0.0714,-91.91,-18.39,2024-01-29T17:47:45
D-0001010,W2401-0170,W2401-0170-W22,ETCH-03,etch,etch_pit,0.0892,-20.27,20.71,2024-01-29T17:37:45
D-0001011,W2401-0171,W2401-0171-W24,DIFF-01,diffusion,patterning_defect,0.0623,9.18,-100.73,2024-01-29T22:10:39
D-0001012,W2401-0171,W2401-0171-W02,DIFF-01,diffusion,particle,0.0605,-88.19,-38.04,2024-01-29T22:22:39
D-0001013,W2401-0171,W2401-0171-W04,DIFF-01,diffusion,particle,0.0317,-60.9,134.01,2024-01-29T20:30:39
D-0001014,W2401-0171,W2401-0171-W05,DIFF-01,diffusion,bridge,0.0851,-31.77,-67.27,2024-01-29T20:53:39
D-0001015,W2401-0171,W2401-0171-W14,DIFF-01,diffusion,bridge,0.0843,94.91,-37.48,2024-01-29T20:43:39
D-0001016,W2401-0171,W2401-0171-W02,DIFF-01,diffusion,void,0.073,-111.44,-52.57,2024-01-29T20:54:39
D-0001017,W2401-0171,W2401-0171-W20,DIFF-01,diffusion,bridge,0.0798,-108.2,128.87,2024-01-29T22:42:39
D-0001018,W2401-0172,W2401-0172-W06,IMP-02,implant,patterning_defect,0.0245,32.48,-50.13,2024-01-30T00:04:56
D-0001019,W2401-0172,W2401-0172-W21,IMP-02,implant,bridge,0.0336,87.35,-71.93,2024-01-30T00:27:56
D-0001020,W2401-0172,W2401-0172-W16,IMP-02,implant,patterning_defect,0.0343,-63.01,85.07,2024-01-30T00:44:56
D-0001021,W2401-0172,W2401-0172-W20,IMP-02,implant,scratch,0.045,-98.12,103.73,2024-01-30T02:38:56
D-0001022,W2401-0172,W2401-0172-W08,IMP-02,implant,void,0.035,-3.25,-124.61,2024-01-29T23:44:56
D-0001023,W2401-0173,W2401-0173-W11,CMP-02,cmp,etch_pit,0.0275,-99.47,98.01,2024-01-30T05:36:02
D-0001024,W2401-0173,W2401-0173-W02,CMP-02,cmp,particle,0.0299,-110.94,-93.92,2024-01-30T03:27:02
D-0001025,W2401-0173,W2401-0173-W03,CMP-02,cmp,patterning_defect,0.0723,-78.43,83.08,2024-01-30T03:40:02
D-0001026,W2401-0173,W2401-0173-W21,CMP-02,cmp,patterning_defect,0.0496,-22.17,-68.33,2024-01-30T05:48:02
D-0001027,W2401-0173,W2401-0173-W18,CMP-02,cmp,etch_pit,0.0594,16.59,63.28,2024-01-30T04:26:02
D-0001028,W2401-0173,W2401-0173-W18,CMP-02,cmp,scratch,0.0245,50.24,-98.25,2024-01-30T04:32:02
D-0001029,W2401-0174,W2401-0174-W23,LIT-01,litho,etch_pit,0.0181,-114.53,0.7,2024-01-30T08:58:22
D-0001030,W2401-0174,W2401-0174-W12,LIT-01,litho,bridge,0.0459,-132.69,124.04,2024-01-30T09:08:22
D-0001031,W2401-0174,W2401-0174-W21,LIT-01,litho,particle,0.0347,-121.36,-15.43,2024-01-30T08:11:22
D-0001032,W2401-0174,W2401-0174-W09,LIT-01,litho,void,0.0712,41.31,-42.73,2024-01-30T07:29:22
D-0001033,W2401-0174,W2401-0174-W10,LIT-01,litho,void,0.0523,72.52,69.21,2024-01-30T07:21:22
D-0001034,W2401-0175,W2401-0175-W04,CMP-02,cmp,void,0.034,91.12,21.18,2024-01-30T11:33:52
D-0001035,W2401-0175,W2401-0175-W09,CMP-02,cmp,scratch,0.0821,-88.45,-49.66,2024-01-30T12:47:52
D-0001036,W2401-0175,W2401-0175-W17,CMP-02,cmp,void,0.0278,-111.81,-84.1,2024-01-30T11:03:52
D-0001037,W2401-0175,W2401-0175-W03,CMP-02,cmp,bridge,0.0292,43.0,124.7,2024-01-30T11:28:52
D-0001038,W2401-0175,W2401-0175-W14,CMP-02,cmp,patterning_defect,0.051,1.8,116.11,2024-01-30T14:09:52
D-0001039,W2401-0175,W2401-0175-W18,CMP-02,cmp,particle,0.0736,-5.98,-7.39,2024-01-30T10:44:52
D-0001040,W2401-0175,W2401-0175-W10,CMP-02,cmp,etch_pit,0.0448,-54.84,-130.35,2024-01-30T11:28:52
D-0001041,W2401-0176,W2401-0176-W15,CMP-02,cmp,bridge,0.0427,98.86,-85.61,2024-01-30T16:27:02
D-0001042,W2401-0176,W2401-0176-W24,CMP-02,cmp,scratch,0.075,84.71,-134.1,2024-01-30T17:15:02
D-0001043,W2401-0176,W2401-0176-W19,CMP-02,cmp,etch_pit,0.0385,55.3,-92.98,2024-01-30T16:15:02
D-0001044,W2401-0176,W2401-0176-W13,CMP-02,cmp,void,0.0688,-17.08,-36.09,2024-01-30T15:45:02
D-0001045,W2401-0177,W2401-0177-W13,DEP-02,deposition,scratch,0.1976,-56.5,-86.45,2024-01-30T20:40:00
D-0001046,W2401-0177,W2401-0177-W05,DEP-02,deposition,scratch,0.3354,115.82,38.47,2024-01-30T20:49:00
D-0001047,W2401-0177,W2401-0177-W09,DEP-02,deposition,patterning_defect,0.2722,32.66,22.38,2024-01-30T22:21:00
D-0001048,W2401-0177,W2401-0177-W01,DEP-02,deposition,void,0.2103,9.62,16.12,2024-01-30T21:01:00
D-0001049,W2401-0177,W2401-0177-W08,DEP-02,deposition,scratch,0.3234,-79.28,128.47,2024-01-30T22:00:00
D-0001050,W2401-0177,W2401-0177-W11,DEP-02,deposition,particle,0.3702,12.01,-26.94,2024-01-30T21:12:00
D-0001051,W2401-0177,W2401-0177-W10,DEP-02,deposition,etch_pit,0.226,-61.15,-66.47,2024-01-30T21:10:00
D-0001052,W2401-0177,W2401-0177-W25,DEP-02,deposition,scratch,0.3472,130.87,101.13,2024-01-30T21:36:00
D-0001053,W2401-0177,W2401-0177-W24,DEP-02,deposition,particle,0.2801,-98.13,122.43,2024-01-30T20:33:00
D-0001054,W2401-0177,W2401-0177-W25,DEP-02,deposition,etch_pit,0.2687,62.57,-45.14,2024-01-30T21:12:00
D-0001055,W2401-0177,W2401-0177-W05,DEP-02,deposition,etch_pit,0.3803,102.09,-133.7,2024-01-30T19:35:00
D-0001056,W2401-0177,W2401-0177-W03,DEP-02,deposition,particle,0.3376,68.88,32.54,2024-01-30T21:48:00
D-0001057,W2401-0177,W2401-0177-W21,DEP-02,deposition,bridge,0.4014,-59.83,12.05,2024-01-30T21:42:00
D-0001058,W2401-0177,W2401-0177-W20,DEP-02,deposition,etch_pit,0.302,-124.58,-144.71,2024-01-30T20:23:00
D-0001059,W2401-0177,W2401-0177-W25,DEP-02,deposition,scratch,0.2608,138.71,126.78,2024-01-30T22:26:00
D-0001060,W2401-0177,W2401-0177-W04,DEP-02,deposition,bridge,0.3946,-87.58,-1.09,2024-01-30T19:39:00
D-0001061,W2401-0177,W2401-0177-W17,DEP-02,deposition,patterning_defect,0.4452,-117.77,-94.7,2024-01-30T19:54:00
D-0001062,W2401-0177,W2401-0177-W21,DEP-02,deposition,particle,0.3226,-47.17,-19.54,2024-01-30T21:16:00
D-0001063,W2401-0177,W2401-0177-W04,DEP-02,deposition,bridge,0.3361,32.71,144.78,2024-01-30T21:16:00
D-0001064,W2401-0177,W2401-0177-W03,DEP-02,deposition,particle,0.4274,22.78,115.48,2024-01-30T19:04:00
D-0001065,W2401-0177,W2401-0177-W24,DEP-02,deposition,bridge,0.3573,109.21,102.43,2024-01-30T21:25:00
D-0001066,W2401-0178,W2401-0178-W04,LIT-01,litho,void,0.0562,-38.62,-104.95,2024-01-31T01:12:23
D-0001067,W2401-0178,W2401-0178-W14,LIT-01,litho,bridge,0.0277,86.22,-122.35,2024-01-31T02:12:23
D-0001068,W2401-0178,W2401-0178-W11,LIT-01,litho,etch_pit,0.0531,-142.84,66.13,2024-01-31T02:35:23
D-0001069,W2401-0178,W2401-0178-W01,LIT-01,litho,etch_pit,0.0635,-90.84,51.65,2024-01-30T23:29:23
D-0001070,W2401-0178,W2401-0178-W24,LIT-01,litho,etch_pit,0.0197,-77.14,25.18,2024-01-30T23:26:23
D-0001071,W2401-0179,W2401-0179-W18,ETCH-03,etch,particle,0.0559,-7.66,-108.95,2024-01-31T04:20:10
D-0001072,W2401-0179,W2401-0179-W12,ETCH-03,etch,particle,0.0679,-136.41,-131.4,2024-01-31T05:15:10
D-0001073,W2401-0179,W2401-0179-W11,ETCH-03,etch,etch_pit,0.0738,105.96,64.72,2024-01-31T03:10:10
D-0001074,W2401-0179,W2401-0179-W10,ETCH-03,etch,scratch,0.0803,-59.8,63.96,2024-01-31T03:52:10
D-0001075,W2401-0179,W2401-0179-W13,ETCH-03,etch,particle,0.0375,58.75,85.53,2024-01-31T05:07:10
D-0001076,W2401-0180,W2401-0180-W13,DEP-03,deposition,etch_pit,0.0212,-17.92,-84.32,2024-01-31T08:39:22
D-0001077,W2401-0180,W2401-0180-W17,DEP-03,deposition,etch_pit,0.0421,-75.89,-43.74,2024-01-31T10:34:22
D-0001078,W2401-0180,W2401-0180-W20,DEP-03,deposition,particle,0.0106,-49.51,-53.12,2024-01-31T10:22:22
D-0001079,W2401-0180,W2401-0180-W14,DEP-03,deposition,particle,0.0606,-62.01,49.37,2024-01-31T07:32:22
D-0001080,W2401-0180,W2401-0180-W21,DEP-03,deposition,scratch,0.0409,-37.08,25.27,2024-01-31T09:35:22
D-0001081,W2401-0181,W2401-0181-W12,DEP-01,deposition,scratch,0.0802,-118.82,-62.53,2024-01-31T13:18:29
D-0001082,W2401-0181,W2401-0181-W22,DEP-01,deposition,bridge,0.0628,100.82,122.48,2024-01-31T13:38:29
D-0001083,W2401-0181,W2401-0181-W16,DEP-01,deposition,scratch,0.0123,-101.79,28.16,2024-01-31T14:54:29
D-0001084,W2401-0181,W2401-0181-W21,DEP-01,deposition,void,0.0104,123.41,-61.09,2024-01-31T13:51:29
D-0001085,W2401-0181,W2401-0181-W03,DEP-01,deposition,void,0.0304,-128.53,61.03,2024-01-31T13:23:29
D-0001086,W2401-0182,W2401-0182-W02,DEP-03,deposition,etch_pit,0.0599,58.58,136.75,2024-01-31T16:43:56
D-0001087,W2401-0182,W2401-0182-W21,DEP-03,deposition,etch_pit,0.0368,110.91,40.17,2024-01-31T16:37:56
D-0001088,W2401-0182,W2401-0182-W14,DEP-03,deposition,etch_pit,0.0134,-37.76,-111.92,2024-01-31T16:09:56
D-0001089,W2401-0182,W2401-0182-W22,DEP-03,deposition,bridge,0.0101,-2.86,-85.23,2024-01-31T16:28:56
D-0001090,W2401-0183,W2401-0183-W16,CMP-01,cmp,void,0.0438,129.22,2.71,2024-01-31T20:03:41
D-0001091,W2401-0183,W2401-0183-W09,CMP-01,cmp,bridge,0.0641,-13.92,8.6,2024-01-31T22:05:41
D-0001092,W2401-0183,W2401-0183-W08,CMP-01,cmp,bridge,0.0735,127.12,22.45,2024-01-31T22:04:41
D-0001093,W2401-0183,W2401-0183-W02,CMP-01,cmp,void,0.0422,58.16,107.45,2024-01-31T22:25:41
D-0001094,W2401-0183,W2401-0183-W20,CMP-01,cmp,bridge,0.0654,-147.93,-97.24,2024-01-31T21:46:41
D-0001095,W2401-0184,W2401-0184-W25,DEP-01,deposition,etch_pit,0.0851,2.73,79.05,2024-02-01T00:47:14
D-0001096,W2401-0184,W2401-0184-W25,DEP-01,deposition,patterning_defect,0.019,61.66,98.69,2024-02-01T02:42:14
D-0001097,W2401-0184,W2401-0184-W11,DEP-01,deposition,void,0.0814,-108.54,-2.69,2024-02-01T01:22:14
D-0001098,W2401-0184,W2401-0184-W09,DEP-01,deposition,etch_pit,0.0117,139.41,91.2,2024-02-01T01:49:14
D-0001099,W2401-0184,W2401-0184-W04,DEP-01,deposition,etch_pit,0.0706,101.06,95.59,2024-02-01T02:44:14
D-0001100,W2401-0184,W2401-0184-W24,DEP-01,deposition,etch_pit,0.0128,-58.09,-86.94,2024-02-01T01:34:14
D-0001101,W2401-0184,W2401-0184-W25,DEP-01,deposition,void,0.0152,-1.96,14.42,2024-02-01T01:19:14
D-0001102,W2401-0184,W2401-0184-W21,DEP-01,deposition,etch_pit,0.0869,-82.71,-79.26,2024-02-01T01:09:14
D-0001103,W2402-0185,W2402-0185-W25,LIT-01,litho,void,0.0111,-74.18,-79.7,2024-02-01T03:32:12
D-0001104,W2402-0185,W2402-0185-W20,LIT-01,litho,particle,0.0831,131.74,-44.97,2024-02-01T05:41:12
D-0001105,W2402-0185,W2402-0185-W21,LIT-01,litho,etch_pit,0.0875,-93.49,-110.94,2024-02-01T04:04:12
D-0001106,W2402-0185,W2402-0185-W12,LIT-01,litho,scratch,0.0233,-137.22,-70.93,2024-02-01T06:17:12
D-0001107,W2402-0185,W2402-0185-W06,LIT-01,litho,etch_pit,0.0286,-123.67,-138.61,2024-02-01T06:17:12
D-0001108,W2402-0185,W2402-0185-W12,LIT-01,litho,void,0.0207,-68.98,-65.71,2024-02-01T03:35:12
D-0001109,W2402-0186,W2402-0186-W23,DEP-01,deposition,bridge,0.0652,100.98,-67.91,2024-02-01T09:46:47
D-0001110,W2402-0186,W2402-0186-W07,DEP-01,deposition,scratch,0.0397,83.67,101.38,2024-02-01T10:06:47
D-0001111,W2402-0186,W2402-0186-W03,DEP-01,deposition,particle,0.0486,34.61,-119.56,2024-02-01T10:04:47
D-0001112,W2402-0186,W2402-0186-W05,DEP-01,deposition,particle,0.0322,134.73,-140.61,2024-02-01T10:28:47
D-0001113,W2402-0187,W2402-0187-W16,LIT-01,litho,scratch,0.0412,-72.78,129.12,2024-02-01T13:20:04
D-0001114,W2402-0187,W2402-0187-W07,LIT-01,litho,scratch,0.0399,146.57,101.91,2024-02-01T14:59:04
D-0001115,W2402-0187,W2402-0187-W05,LIT-01,litho,scratch,0.0111,99.05,57.78,2024-02-01T14:28:04
D-0001116,W2402-0187,W2402-0187-W07,LIT-01,litho,scratch,0.018,10.0,36.31,2024-02-01T11:45:04
D-0001117,W2402-0187,W2402-0187-W07,LIT-01,litho,scratch,0.0521,-119.43,-35.32,2024-02-01T11:48:04
D-0001118,W2402-0187,W2402-0187-W16,LIT-01,litho,particle,0.0537,-15.3,45.53,2024-02-01T11:50:04
D-0001119,W2402-0187,W2402-0187-W05,LIT-01,litho,etch_pit,0.0125,-49.1,87.14,2024-02-01T13:16:04
D-0001120,W2402-0187,W2402-0187-W14,LIT-01,litho,etch_pit,0.0156,-41.6,-27.04,2024-02-01T13:55:04
D-0001121,W2402-0188,W2402-0188-W01,CMP-02,cmp,particle,0.0472,31.26,-140.05,2024-02-01T15:56:40
D-0001122,W2402-0188,W2402-0188-W16,CMP-02,cmp,scratch,0.0367,88.79,138.78,2024-02-01T15:38:40
D-0001123,W2402-0188,W2402-0188-W15,CMP-02,cmp,scratch,0.0469,-92.53,83.05,2024-02-01T18:19:40
D-0001124,W2402-0188,W2402-0188-W15,CMP-02,cmp,scratch,0.0175,-88.15,93.27,2024-02-01T17:56:40
D-0001125,W2402-0188,W2402-0188-W02,CMP-02,cmp,etch_pit,0.0478,-126.48,-32.83,2024-02-01T16:08:40
D-0001126,W2402-0188,W2402-0188-W06,CMP-02,cmp,particle,0.0743,-73.34,110.3,2024-02-01T18:33:40
D-0001127,W2402-0188,W2402-0188-W25,CMP-02,cmp,scratch,0.0426,-115.66,-1.2,2024-02-01T17:57:40
D-0001128,W2402-0188,W2402-0188-W06,CMP-02,cmp,void,0.0894,-128.62,99.6,2024-02-01T17:28:40
D-0001129,W2402-0189,W2402-0189-W10,DEP-02,deposition,scratch,0.0143,142.55,96.87,2024-02-01T22:29:36
D-0001130,W2402-0189,W2402-0189-W10,DEP-02,deposition,scratch,0.0729,119.91,-94.27,2024-02-01T19:51:36
D-0001131,W2402-0189,W2402-0189-W03,DEP-02,deposition,bridge,0.0112,-46.99,-85.03,2024-02-01T21:45:36
D-0001132,W2402-0189,W2402-0189-W09,DEP-02,deposition,etch_pit,0.0214,69.31,130.08,2024-02-01T22:21:36
D-0001133,W2402-0189,W2402-0189-W01,DEP-02,deposition,bridge,0.0344,96.34,88.76,2024-02-01T21:16:36
D-0001134,W2402-0189,W2402-0189-W06,DEP-02,deposition,void,0.0118,51.97,-23.64,2024-02-01T21:55:36
D-0001135,W2402-0190,W2402-0190-W11,LIT-01,litho,particle,0.0838,-8.84,-125.49,2024-02-02T01:16:13
D-0001136,W2402-0190,W2402-0190-W20,LIT-01,litho,etch_pit,0.0676,-141.82,140.26,2024-02-01T23:51:13
D-0001137,W2402-0190,W2402-0190-W09,LIT-01,litho,patterning_defect,0.0762,-41.99,11.93,2024-02-01T23:45:13
D-0001138,W2402-0190,W2402-0190-W13,LIT-01,litho,particle,0.0185,22.34,-116.09,2024-02-02T01:34:13
D-0001139,W2402-0190,W2402-0190-W19,LIT-01,litho,patterning_defect,0.0173,91.02,12.07,2024-02-02T01:00:13
D-0001140,W2402-0190,W2402-0190-W25,LIT-01,litho,etch_pit,0.0686,90.1,114.7,2024-02-02T00:22:13
D-0001141,W2402-0191,W2402-0191-W18,DEP-01,deposition,void,0.0803,143.24,51.99,2024-02-02T03:22:30
D-0001142,W2402-0191,W2402-0191-W07,DEP-01,deposition,void,0.0899,121.54,0.06,2024-02-02T03:58:30
D-0001143,W2402-0191,W2402-0191-W10,DEP-01,deposition,void,0.0119,74.26,-18.38,2024-02-02T05:38:30
D-0001144,W2402-0191,W2402-0191-W18,DEP-01,deposition,patterning_defect,0.0881,-116.36,-139.31,2024-02-02T04:04:30
D-0001145,W2402-0191,W2402-0191-W20,DEP-01,deposition,etch_pit,0.0205,-18.72,-136.0,2024-02-02T04:33:30
D-0001146,W2402-0191,W2402-0191-W19,DEP-01,deposition,etch_pit,0.0711,129.12,80.02,2024-02-02T03:41:30
D-0001147,W2402-0191,W2402-0191-W13,DEP-01,deposition,bridge,0.0684,-110.9,-90.18,2024-02-02T04:13:30
D-0001148,W2402-0192,W2402-0192-W09,ETCH-01,etch,void,0.0508,-68.42,132.48,2024-02-02T07:00:20
D-0001149,W2402-0192,W2402-0192-W17,ETCH-01,etch,scratch,0.0279,138.71,-26.75,2024-02-02T08:00:20
D-0001150,W2402-0192,W2402-0192-W14,ETCH-01,etch,scratch,0.0672,-146.1,-129.36,2024-02-02T07:32:20
D-0001151,W2402-0192,W2402-0192-W07,ETCH-01,etch,etch_pit,0.0493,130.76,-104.78,2024-02-02T06:53:20
D-0001152,W2402-0192,W2402-0192-W12,ETCH-01,etch,patterning_defect,0.0101,-86.98,-84.09,2024-02-02T07:05:20
D-0001153,W2402-0193,W2402-0193-W01,LIT-02,litho,void,0.0402,87.4,72.65,2024-02-02T12:45:34
D-0001154,W2402-0193,W2402-0193-W15,LIT-02,litho,scratch,0.0189,-147.56,4.82,2024-02-02T13:28:34
D-0001155,W2402-0193,W2402-0193-W25,LIT-02,litho,etch_pit,0.0899,-112.85,-113.5,2024-02-02T14:26:34
D-0001156,W2402-0193,W2402-0193-W01,LIT-02,litho,particle,0.0864,104.42,-34.42,2024-02-02T14:14:34
D-0001157,W2402-0194,W2402-0194-W08,DIFF-02,diffusion,particle,0.0496,129.28,72.17,2024-02-02T17:05:14
D-0001158,W2402-0194,W2402-0194-W22,DIFF-02,diffusion,void,0.0719,67.57,71.52,2024-02-02T17:15:14
D-0001159,W2402-0194,W2402-0194-W02,DIFF-02,diffusion,void,0.0533,69.45,-59.54,2024-02-02T14:58:14
D-0001160,W2402-0194,W2402-0194-W18,DIFF-02,diffusion,void,0.09,-33.22,-136.89,2024-02-02T14:42:14
D-0001161,W2402-0194,W2402-0194-W20,DIFF-02,diffusion,etch_pit,0.0878,4.48,54.92,2024-02-02T15:40:14
D-0001162,W2402-0195,W2402-0195-W04,LIT-02,litho,etch_pit,0.0678,-76.19,-16.19,2024-02-02T18:48:36
D-0001163,W2402-0195,W2402-0195-W17,LIT-02,litho,etch_pit,0.0355,48.32,16.48,2024-02-02T19:58:36
D-0001164,W2402-0195,W2402-0195-W23,LIT-02,litho,scratch,0.0501,77.25,137.93,2024-02-02T19:43:36
D-0001165,W2402-0195,W2402-0195-W05,LIT-02,litho,patterning_defect,0.0251,-71.59,103.66,2024-02-02T18:27:36
D-0001166,W2402-0195,W2402-0195-W03,LIT-02,litho,void,0.0359,-77.73,-25.96,2024-02-02T18:31:36
D-0001167,W2402-0195,W2402-0195-W15,LIT-02,litho,scratch,0.0855,31.95,-74.39,2024-02-02T20:52:36
D-0001168,W2402-0195,W2402-0195-W23,LIT-02,litho,scratch,0.0424,-17.4,64.4,2024-02-02T18:48:36
D-0001169,W2402-0196,W2402-0196-W18,LIT-01,litho,particle,0.0805,65.86,92.41,2024-02-03T01:16:19
D-0001170,W2402-0196,W2402-0196-W25,LIT-01,litho,void,0.0173,2.08,125.35,2024-02-03T01:03:19
D-0001171,W2402-0196,W2402-0196-W08,LIT-01,litho,void,0.0577,79.58,139.51,2024-02-02T22:54:19
D-0001172,W2402-0196,W2402-0196-W13,LIT-01,litho,particle,0.0525,0.24,-128.13,2024-02-02T23:23:19
D-0001173,W2402-0197,W2402-0197-W05,CMP-02,cmp,void,0.0732,-42.16,140.34,2024-02-03T03:55:20
D-0001174,W2402-0197,W2402-0197-W10,CMP-02,cmp,scratch,0.0844,-46.36,-13.58,2024-02-03T02:12:20
D-0001175,W2402-0197,W2402-0197-W10,CMP-02,cmp,particle,0.0596,146.76,17.88,2024-02-03T02:45:20
D-0001176,W2402-0197,W2402-0197-W18,CMP-02,cmp,etch_pit,0.0186,-114.37,-24.24,2024-02-03T02:27:20
D-0001177,W2402-0197,W2402-0197-W21,CMP-02,cmp,scratch,0.0605,-51.45,19.21,2024-02-03T03:23:20
D-0001178,W2402-0197,W2402-0197-W22,CMP-02,cmp,etch_pit,0.0418,114.24,-130.87,2024-02-03T04:44:20
D-0001179,W2402-0198,W2402-0198-W08,DIFF-01,diffusion,particle,0.0441,-141.99,-123.59,2024-02-03T08:33:58
D-0001180,W2402-0198,W2402-0198-W08,DIFF-01,diffusion,void,0.0467,-140.17,66.58,2024-02-03T09:20:58
D-0001181,W2402-0198,W2402-0198-W06,DIFF-01,diffusion,scratch,0.0823,20.2,146.08,2024-02-03T08:50:58
D-0001182,W2402-0198,W2402-0198-W14,DIFF-01,diffusion,particle,0.0172,-140.25,120.53,2024-02-03T08:26:58
D-0001183,W2402-0198,W2402-0198-W23,DIFF-01,diffusion,void,0.0498,-21.04,74.93,2024-02-03T07:07:58
D-0001184,W2402-0199,W2402-0199-W10,ETCH-01,etch,void,0.0137,111.85,46.22,2024-02-03T11:00:37
D-0001185,W2402-0199,W2402-0199-W15,ETCH-01,etch,void,0.0275,39.94,-34.92,2024-02-03T10:30:37
D-0001186,W2402-0199,W2402-0199-W04,ETCH-01,etch,bridge,0.0366,-146.96,-0.23,2024-02-03T13:34:37
D-0001187,W2402-0199,W2402-0199-W21,ETCH-01,etch,patterning_defect,0.0871,-56.88,102.91,2024-02-03T11:30:37
D-0001188,W2402-0199,W2402-0199-W08,ETCH-01,etch,scratch,0.0869,-124.24,148.75,2024-02-03T12:40:37
D-0001189,W2402-0199,W2402-0199-W06,ETCH-01,etch,scratch,0.0354,-118.74,53.46,2024-02-03T12:21:37
D-0001190,W2402-0200,W2402-0200-W13,ETCH-03,etch,void,0.0103,-32.19,-24.34,2024-02-03T18:07:14
D-0001191,W2402-0200,W2402-0200-W13,ETCH-03,etch,patterning_defect,0.0846,84.39,134.91,2024-02-03T15:13:14
D-0001192,W2402-0200,W2402-0200-W09,ETCH-03,etch,patterning_defect,0.0865,36.18,-17.3,2024-02-03T16:24:14
D-0001193,W2402-0200,W2402-0200-W18,ETCH-03,etch,void,0.0785,-68.67,36.82,2024-02-03T16:41:14
D-0001194,W2402-0200,W2402-0200-W15,ETCH-03,etch,etch_pit,0.063,23.3,41.46,2024-02-03T16:12:14
D-0001195,W2402-0201,W2402-0201-W02,IMP-02,implant,void,0.0846,91.27,-58.61,2024-02-03T21:19:30
D-0001196,W2402-0201,W2402-0201-W16,IMP-02,implant,patterning_defect,0.0879,-111.58,-55.66,2024-02-03T20:04:30
D-0001197,W2402-0201,W2402-0201-W07,IMP-02,implant,scratch,0.0346,-24.06,71.2,2024-02-03T20:31:30
D-0001198,W2402-0201,W2402-0201-W18,IMP-02,implant,scratch,0.0188,-123.11,86.61,2024-02-03T20:45:30
D-0001199,W2402-0202,W2402-0202-W20,DIFF-01,diffusion,etch_pit,0.0385,-42.64,22.3,2024-02-03T23:47:22
D-0001200,W2402-0202,W2402-0202-W01,DIFF-01,diffusion,patterning_defect,0.0628,-66.63,-64.65,2024-02-04T02:32:22
D-0001201,W2402-0202,W2402-0202-W03,DIFF-01,diffusion,etch_pit,0.0181,62.66,-2.07,2024-02-03T23:53:22
D-0001202,W2402-0202,W2402-0202-W18,DIFF-01,diffusion,bridge,0.0525,-10.85,-148.25,2024-02-04T01:54:22
D-0001203,W2402-0202,W2402-0202-W14,DIFF-01,diffusion,scratch,0.028,52.8,86.11,2024-02-04T01:11:22
D-0001204,W2402-0202,W2402-0202-W17,DIFF-01,diffusion,etch_pit,0.0679,8.41,-66.39,2024-02-04T02:28:22
D-0001205,W2402-0203,W2402-0203-W18,CMP-01,cmp,particle,0.0424,-71.62,81.69,2024-02-04T04:05:50
D-0001206,W2402-0203,W2402-0203-W04,CMP-01,cmp,etch_pit,0.0894,-94.84,-101.02,2024-02-04T04:11:50
D-0001207,W2402-0203,W2402-0203-W10,CMP-01,cmp,scratch,0.07,-124.49,67.41,2024-02-04T03:40:50
D-0001208,W2402-0203,W2402-0203-W01,CMP-01,cmp,particle,0.0421,-56.34,72.7,2024-02-04T04:52:50
D-0001209,W2402-0203,W2402-0203-W14,CMP-01,cmp,particle,0.0857,-0.99,-119.06,2024-02-04T05:43:50
D-0001210,W2402-0203,W2402-0203-W21,CMP-01,cmp,etch_pit,0.0408,145.26,-88.61,2024-02-04T02:52:50
D-0001211,W2402-0203,W2402-0203-W23,CMP-01,cmp,scratch,0.0576,15.13,27.48,2024-02-04T05:11:50
D-0001212,W2402-0204,W2402-0204-W03,DIFF-02,diffusion,particle,0.0321,130.63,-86.46,2024-02-04T09:00:41
D-0001213,W2402-0204,W2402-0204-W04,DIFF-02,diffusion,scratch,0.07,-1.08,-119.53,2024-02-04T10:29:41
D-0001214,W2402-0204,W2402-0204-W15,DIFF-02,diffusion,etch_pit,0.0544,-135.42,74.27,2024-02-04T09:40:41
D-0001215,W2402-0204,W2402-0204-W25,DIFF-02,diffusion,void,0.0842,77.65,131.09,2024-02-04T09:54:41
D-0001216,W2402-0205,W2402-0205-W25,CMP-01,cmp,patterning_defect,0.0677,-72.01,24.39,2024-02-04T12:14:56
D-0001217,W2402-0205,W2402-0205-W21,CMP-01,cmp,void,0.0519,109.47,125.54,2024-02-04T13:42:56
D-0001218,W2402-0205,W2402-0205-W04,CMP-01,cmp,particle,0.0867,-47.46,-48.37,2024-02-04T11:44:56
D-0001219,W2402-0205,W2402-0205-W23,CMP-01,cmp,particle,0.0478,-99.39,8.49,2024-02-04T12:55:56
D-0001220,W2402-0205,W2402-0205-W17,CMP-01,cmp,etch_pit,0.0477,83.26,29.43,2024-02-04T11:16:56
D-0001221,W2402-0205,W2402-0205-W23,CMP-01,cmp,scratch,0.019,-25.18,-21.83,2024-02-04T13:23:56
D-0001222,W2402-0205,W2402-0205-W23,CMP-01,cmp,void,0.0723,-8.95,99.77,2024-02-04T11:35:56
D-0001223,W2402-0205,W2402-0205-W07,CMP-01,cmp,bridge,0.0803,26.25,145.38,2024-02-04T12:06:56
D-0001224,W2402-0206,W2402-0206-W16,DEP-03,deposition,etch_pit,0.0528,-4.42,100.58,2024-02-04T14:46:39
D-0001225,W2402-0206,W2402-0206-W15,DEP-03,deposition,etch_pit,0.0548,-117.4,120.08,2024-02-04T15:22:39
D-0001226,W2402-0206,W2402-0206-W10,DEP-03,deposition,void,0.0639,64.46,-39.83,2024-02-04T16:06:39
D-0001227,W2402-0206,W2402-0206-W15,DEP-03,deposition,etch_pit,0.05,-144.61,45.1,2024-02-04T17:27:39
D-0001228,W2402-0206,W2402-0206-W10,DEP-03,deposition,scratch,0.0714,-85.44,-31.21,2024-02-04T15:23:39
D-0001229,W2402-0206,W2402-0206-W06,DEP-03,deposition,patterning_defect,0.0197,25.35,86.22,2024-02-04T16:14:39
D-0001230,W2402-0206,W2402-0206-W20,DEP-03,deposition,bridge,0.0406,-43.98,-13.14,2024-02-04T16:17:39
D-0001231,W2402-0207,W2402-0207-W16,ETCH-03,etch,particle,0.3962,54.31,-42.76,2024-02-04T20:36:25
D-0001232,W2402-0207,W2402-0207-W20,ETCH-03,etch,void,0.2464,104.21,123.49,2024-02-04T20:18:25
D-0001233,W2402-0207,W2402-0207-W23,ETCH-03,etch,void,0.4169,-106.67,-53.09,2024-02-04T21:53:25
D-0001234,W2402-0207,W2402-0207-W04,ETCH-03,etch,bridge,0.4216,96.39,-33.26,2024-02-04T18:46:25
D-0001235,W2402-0207,W2402-0207-W16,ETCH-03,etch,etch_pit,0.2387,-40.53,142.81,2024-02-04T22:13:25
D-0001236,W2402-0207,W2402-0207-W21,ETCH-03,etch,scratch,0.2497,83.97,-64.94,2024-02-04T19:39:25
D-0001237,W2402-0207,W2402-0207-W23,ETCH-03,etch,void,0.2104,11.38,-82.8,2024-02-04T19:20:25
D-0001238,W2402-0207,W2402-0207-W10,ETCH-03,etch,scratch,0.2591,-129.34,-141.97,2024-02-04T20:02:25
D-0001239,W2402-0207,W2402-0207-W04,ETCH-03,etch,void,0.3422,92.23,93.59,2024-02-04T20:05:25
D-0001240,W2402-0207,W2402-0207-W08,ETCH-03,etch,particle,0.2073,122.65,-36.64,2024-02-04T21:49:25
D-0001241,W2402-0207,W2402-0207-W12,ETCH-03,etch,bridge,0.3729,145.77,59.09,2024-02-04T20:28:25
D-0001242,W2402-0207,W2402-0207-W23,ETCH-03,etch,bridge,0.2424,109.59,34.11,2024-02-04T20:09:25
D-0001243,W2402-0207,W2402-0207-W08,ETCH-03,etch,particle,0.2045,-148.06,-143.91,2024-02-04T19:15:25
D-0001244,W2402-0207,W2402-0207-W25,ETCH-03,etch,particle,0.3146,-71.65,147.1,2024-02-04T20:50:25
D-0001245,W2402-0207,W2402-0207-W17,ETCH-03,etch,bridge,0.338,-22.5,136.83,2024-02-04T20:06:25
D-0001246,W2402-0207,W2402-0207-W16,ETCH-03,etch,particle,0.271,72.85,123.49,2024-02-04T19:13:25
D-0001247,W2402-0207,W2402-0207-W05,ETCH-03,etch,scratch,0.2006,-15.19,-2.18,2024-02-04T22:11:25
D-0001248,W2402-0207,W2402-0207-W04,ETCH-03,etch,particle,0.3399,78.99,-0.67,2024-02-04T19:10:25
D-0001249,W2402-0207,W2402-0207-W11,ETCH-03,etch,particle,0.2218,105.52,41.57,2024-02-04T22:00:25
D-0001250,W2402-0207,W2402-0207-W22,ETCH-03,etch,bridge,0.3047,-81.33,-34.76,2024-02-04T19:24:25
D-0001251,W2402-0207,W2402-0207-W10,ETCH-03,etch,bridge,0.2975,70.97,146.25,2024-02-04T22:02:25
D-0001252,W2402-0207,W2402-0207-W09,ETCH-03,etch,particle,0.3049,-106.88,-42.29,2024-02-04T20:38:25
D-0001253,W2402-0208,W2402-0208-W01,CMP-02,cmp,void,0.0149,0.01,-112.49,2024-02-05T00:15:15
D-0001254,W2402-0208,W2402-0208-W09,CMP-02,cmp,etch_pit,0.0485,147.48,75.29,2024-02-05T00:40:15
D-0001255,W2402-0208,W2402-0208-W22,CMP-02,cmp,etch_pit,0.0273,-3.97,-57.55,2024-02-04T23:35:15
D-0001256,W2402-0208,W2402-0208-W17,CMP-02,cmp,particle,0.0249,-17.19,95.76,2024-02-04T23:54:15
D-0001257,W2402-0209,W2402-0209-W11,LIT-03,litho,etch_pit,0.0637,-34.77,-100.72,2024-02-05T03:11:20
D-0001258,W2402-0209,W2402-0209-W11,LIT-03,litho,scratch,0.0701,55.2,-28.96,2024-02-05T03:04:20
D-0001259,W2402-0209,W2402-0209-W15,LIT-03,litho,scratch,0.0513,-59.52,-135.38,2024-02-05T04:13:20
D-0001260,W2402-0209,W2402-0209-W14,LIT-03,litho,scratch,0.0108,45.51,-36.58,2024-02-05T03:19:20
D-0001261,W2402-0209,W2402-0209-W05,LIT-03,litho,void,0.0154,99.78,-87.45,2024-02-05T03:53:20
D-0001262,W2402-0209,W2402-0209-W07,LIT-03,litho,etch_pit,0.0874,-29.54,-24.56,2024-02-05T03:02:20
D-0001263,W2402-0209,W2402-0209-W12,LIT-03,litho,bridge,0.0274,8.65,66.17,2024-02-05T04:28:20
D-0001264,W2402-0209,W2402-0209-W20,LIT-03,litho,particle,0.0817,57.84,88.6,2024-02-05T04:39:20
D-0001265,W2402-0210,W2402-0210-W13,DEP-01,deposition,bridge,0.0287,-131.85,-49.29,2024-02-05T07:48:23
D-0001266,W2402-0210,W2402-0210-W25,DEP-01,deposition,scratch,0.0105,85.89,55.82,2024-02-05T08:48:23
D-0001267,W2402-0210,W2402-0210-W25,DEP-01,deposition,particle,0.026,-24.4,-124.03,2024-02-05T07:37:23
D-0001268,W2402-0210,W2402-0210-W20,DEP-01,deposition,etch_pit,0.0443,-72.3,-146.37,2024-02-05T07:03:23
D-0001269,W2402-0210,W2402-0210-W22,DEP-01,deposition,bridge,0.0357,-14.83,70.55,2024-02-05T08:22:23
D-0001270,W2402-0210,W2402-0210-W20,DEP-01,deposition,etch_pit,0.05,-47.98,-73.1,2024-02-05T08:05:23
D-0001271,W2402-0210,W2402-0210-W03,DEP-01,deposition,bridge,0.079,-77.11,83.81,2024-02-05T07:20:23
D-0001272,W2402-0210,W2402-0210-W05,DEP-01,deposition,etch_pit,0.0481,107.37,74.37,2024-02-05T06:47:23
D-0001273,W2402-0211,W2402-0211-W24,ETCH-03,etch,particle,0.1961,-96.53,132.22,2024-02-05T11:00:45
D-0001274,W2402-0211,W2402-0211-W16,ETCH-03,etch,particle,0.3856,100.1,98.38,2024-02-05T13:09:45
D-0001275,W2402-0211,W2402-0211-W16,ETCH-03,etch,particle,0.2126,-2.44,-22.97,2024-02-05T10:37:45
D-0001276,W2402-0211,W2402-0211-W25,ETCH-03,etch,particle,0.3465,12.87,-115.02,2024-02-05T11:31:45
D-0001277,W2402-0211,W2402-0211-W18,ETCH-03,etch,particle,0.3294,-139.35,-96.64,2024-02-05T10:49:45
D-0001278,W2402-0211,W2402-0211-W14,ETCH-03,etch,patterning_defect,0.1821,25.19,91.33,2024-02-05T11:10:45
D-0001279,W2402-0211,W2402-0211-W01,ETCH-03,etch,etch_pit,0.3817,147.48,144.22,2024-02-05T13:46:45
D-0001280,W2402-0211,W2402-0211-W18,ETCH-03,etch,particle,0.4492,116.36,-94.05,2024-02-05T12:04:45
D-0001281,W2402-0211,W2402-0211-W09,ETCH-03,etch,particle,0.2009,-23.15,-141.47,2024-02-05T10:41:45
D-0001282,W2402-0211,W2402-0211-W15,ETCH-03,etch,particle,0.4195,-143.24,-84.62,2024-02-05T10:43:45
D-0001283,W2402-0211,W2402-0211-W13,ETCH-03,etch,etch_pit,0.3003,83.0,115.68,2024-02-05T13:18:45
D-0001284,W2402-0211,W2402-0211-W01,ETCH-03,etch,etch_pit,0.2586,-89.91,-93.94,2024-02-05T12:20:45
D-0001285,W2402-0211,W2402-0211-W06,ETCH-03,etch,particle,0.2555,23.12,105.14,2024-02-05T13:49:45
D-0001286,W2402-0211,W2402-0211-W15,ETCH-03,etch,particle,0.2552,-16.81,142.71,2024-02-05T12:45:45
D-0001287,W2402-0211,W2402-0211-W01,ETCH-03,etch,scratch,0.4386,-139.31,-30.49,2024-02-05T11:46:45
D-0001288,W2402-0211,W2402-0211-W09,ETCH-03,etch,particle,0.4179,34.5,33.6,2024-02-05T12:43:45
D-0001289,W2402-0211,W2402-0211-W11,ETCH-03,etch,particle,0.343,70.97,-81.99,2024-02-05T12:21:45
D-0001290,W2402-0211,W2402-0211-W23,ETCH-03,etch,particle,0.3847,-95.31,107.63,2024-02-05T11:03:45
D-0001291,W2402-0211,W2402-0211-W19,ETCH-03,etch,particle,0.2847,-45.28,-134.77,2024-02-05T13:40:45
D-0001292,W2402-0212,W2402-0212-W14,IMP-01,implant,particle,0.0764,65.12,-14.14,2024-02-05T17:26:15
D-0001293,W2402-0212,W2402-0212-W11,IMP-01,implant,etch_pit,0.0463,-99.47,43.07,2024-02-05T16:12:15
D-0001294,W2402-0212,W2402-0212-W07,IMP-01,implant,bridge,0.0312,74.18,25.74,2024-02-05T14:46:15
D-0001295,W2402-0212,W2402-0212-W15,IMP-01,implant,etch_pit,0.0505,13.75,-59.2,2024-02-05T14:41:15
D-0001296,W2402-0212,W2402-0212-W14,IMP-01,implant,etch_pit,0.0895,75.55,103.25,2024-02-05T14:46:15
D-0001297,W2402-0212,W2402-0212-W06,IMP-01,implant,particle,0.0108,64.03,-118.22,2024-02-05T15:24:15
D-0001298,W2402-0212,W2402-0212-W20,IMP-01,implant,particle,0.0249,-125.83,-38.32,2024-02-05T15:57:15
D-0001299,W2402-0212,W2402-0212-W08,IMP-01,implant,bridge,0.0324,12.58,123.33,2024-02-05T17:10:15
D-0001300,W2402-0213,W2402-0213-W06,DEP-01,deposition,etch_pit,0.0379,-91.66,-87.53,2024-02-05T18:33:57
D-0001301,W2402-0213,W2402-0213-W06,DEP-01,deposition,scratch,0.0154,-103.12,-37.48,2024-02-05T21:18:57
D-0001302,W2402-0213,W2402-0213-W11,DEP-01,deposition,scratch,0.0879,-115.17,114.65,2024-02-05T19:29:57
D-0001303,W2402-0213,W2402-0213-W11,DEP-01,deposition,scratch,0.0737,54.52,-139.05,2024-02-05T20:15:57
D-0001304,W2402-0213,W2402-0213-W19,DEP-01,deposition,void,0.0544,17.96,58.15,2024-02-05T19:25:57
D-0001305,W2402-0214,W2402-0214-W07,ETCH-01,etch,etch_pit,0.0296,111.79,-61.23,2024-02-05T23:19:33
D-0001306,W2402-0214,W2402-0214-W13,ETCH-01,etch,patterning_defect,0.0574,-109.59,92.93,2024-02-05T22:22:33
D-0001307,W2402-0214,W2402-0214-W12,ETCH-01,etch,bridge,0.0692,148.95,-80.31,2024-02-05T22:48:33
D-0001308,W2402-0214,W2402-0214-W09,ETCH-01,etch,etch_pit,0.0172,113.15,-131.86,2024-02-06T01:35:33
D-0001309,W2402-0214,W2402-0214-W11,ETCH-01,etch,etch_pit,0.0414,121.49,33.3,2024-02-06T00:53:33
D-0001310,W2402-0214,W2402-0214-W05,ETCH-01,etch,patterning_defect,0.0194,-76.67,-1.07,2024-02-05T23:06:33
D-0001311,W2402-0214,W2402-0214-W03,ETCH-01,etch,void,0.0347,-38.23,-101.3,2024-02-05T22:19:33
D-0001312,W2402-0214,W2402-0214-W13,ETCH-01,etch,scratch,0.072,-69.08,-121.31,2024-02-05T23:08:33
D-0001313,W2402-0215,W2402-0215-W11,IMP-02,implant,bridge,0.0737,25.62,-95.12,2024-02-06T04:11:01
D-0001314,W2402-0215,W2402-0215-W03,IMP-02,implant,etch_pit,0.018,-38.03,66.32,2024-02-06T02:49:01
D-0001315,W2402-0215,W2402-0215-W14,IMP-02,implant,etch_pit,0.0319,-54.09,50.0,2024-02-06T04:27:01
D-0001316,W2402-0215,W2402-0215-W21,IMP-02,implant,patterning_defect,0.0301,-118.34,120.9,2024-02-06T05:16:01
D-0001317,W2402-0215,W2402-0215-W01,IMP-02,implant,etch_pit,0.0441,-15.33,79.4,2024-02-06T02:23:01
D-0001318,W2402-0215,W2402-0215-W01,IMP-02,implant,bridge,0.0227,72.06,9.85,2024-02-06T03:25:01
D-0001319,W2402-0215,W2402-0215-W11,IMP-02,implant,etch_pit,0.0316,-92.07,61.13,2024-02-06T02:33:01
D-0001320,W2402-0216,W2402-0216-W23,IMP-02,implant,scratch,0.0365,-146.04,-120.96,2024-02-06T07:29:53
D-0001321,W2402-0216,W2402-0216-W24,IMP-02,implant,etch_pit,0.018,41.67,-59.75,2024-02-06T09:26:53
D-0001322,W2402-0216,W2402-0216-W02,IMP-02,implant,void,0.0453,124.36,-11.62,2024-02-06T07:11:53
D-0001323,W2402-0216,W2402-0216-W09,IMP-02,implant,void,0.0879,-37.44,71.89,2024-02-06T07:09:53
D-0001324,W2402-0216,W2402-0216-W05,IMP-02,implant,patterning_defect,0.0501,-78.59,94.95,2024-02-06T09:16:53
D-0001325,W2402-0216,W2402-0216-W22,IMP-02,implant,scratch,0.0845,86.78,27.03,2024-02-06T09:44:53
D-0001326,W2402-0217,W2402-0217-W10,CMP-02,cmp,etch_pit,0.0486,-136.65,-2.17,2024-02-06T12:05:45
D-0001327,W2402-0217,W2402-0217-W19,CMP-02,cmp,scratch,0.0267,-79.13,-98.29,2024-02-06T12:58:45
D-0001328,W2402-0217,W2402-0217-W18,CMP-02,cmp,void,0.0176,111.04,131.94,2024-02-06T11:10:45
D-0001329,W2402-0217,W2402-0217-W11,CMP-02,cmp,void,0.0534,-62.63,-19.88,2024-02-06T10:42:45
D-0001330,W2402-0218,W2402-0218-W11,ETCH-02,etch,bridge,0.0728,-41.94,8.13,2024-02-06T15:36:16
D-0001331,W2402-0218,W2402-0218-W24,ETCH-02,etch,void,0.0878,-53.45,-18.7,2024-02-06T18:10:16
D-0001332,W2402-0218,W2402-0218-W16,ETCH-02,etch,particle,0.0731,-143.64,2.36,2024-02-06T16:28:16
D-0001333,W2402-0218,W2402-0218-W16,ETCH-02,etch,particle,0.0568,-98.85,-58.07,2024-02-06T15:42:16
D-0001334,W2402-0218,W2402-0218-W25,ETCH-02,etch,bridge,0.0355,-37.78,85.15,2024-02-06T16:27:16
D-0001335,W2402-0218,W2402-0218-W06,ETCH-02,etch,bridge,0.0238,110.13,-146.43,2024-02-06T15:14:16
D-0001336,W2402-0218,W2402-0218-W18,ETCH-02,etch,scratch,0.0683,48.78,40.42,2024-02-06T15:30:16
D-0001337,W2402-0218,W2402-0218-W25,ETCH-02,etch,etch_pit,0.034,-97.71,-26.47,2024-02-06T17:17:16
D-0001338,W2402-0219,W2402-0219-W06,DEP-02,deposition,bridge,0.0173,132.84,87.29,2024-02-06T20:18:20
D-0001339,W2402-0219,W2402-0219-W09,DEP-02,deposition,particle,0.0556,-96.85,-145.59,2024-02-06T19:19:20
D-0001340,W2402-0219,W2402-0219-W20,DEP-02,deposition,etch_pit,0.0434,-98.27,57.7,2024-02-06T19:26:20
D-0001341,W2402-0219,W2402-0219-W05,DEP-02,deposition,void,0.01,124.73,116.77,2024-02-06T19:29:20
D-0001342,W2402-0219,W2402-0219-W19,DEP-02,deposition,void,0.0255,-129.11,100.11,2024-02-06T22:01:20
D-0001343,W2402-0219,W2402-0219-W02,DEP-02,deposition,particle,0.0285,-126.69,70.72,2024-02-06T19:37:20
D-0001344,W2402-0220,W2402-0220-W08,DEP-01,deposition,scratch,0.071,11.55,-96.06,2024-02-06T23:39:19
D-0001345,W2402-0220,W2402-0220-W10,DEP-01,deposition,etch_pit,0.0175,133.99,-82.79,2024-02-06T22:59:19
D-0001346,W2402-0220,W2402-0220-W23,DEP-01,deposition,particle,0.0872,128.67,-106.22,2024-02-07T01:02:19
D-0001347,W2402-0220,W2402-0220-W22,DEP-01,deposition,particle,0.042,-29.73,126.19,2024-02-07T02:09:19
D-0001348,W2402-0220,W2402-0220-W14,DEP-01,deposition,etch_pit,0.0144,141.73,110.35,2024-02-07T00:38:19
D-0001349,W2402-0220,W2402-0220-W10,DEP-01,deposition,scratch,0.0521,130.94,-145.92,2024-02-07T01:24:19
D-0001350,W2402-0220,W2402-0220-W11,DEP-01,deposition,scratch,0.0239,-68.13,-122.14,2024-02-07T00:46:19
D-0001351,W2402-0220,W2402-0220-W22,DEP-01,deposition,particle,0.0278,-115.83,143.95,2024-02-06T23:48:19
D-0001352,W2402-0221,W2402-0221-W04,IMP-01,implant,particle,0.0849,34.93,-64.63,2024-02-07T03:43:46
D-0001353,W2402-0221,W2402-0221-W14,IMP-01,implant,scratch,0.0851,64.19,-33.05,2024-02-07T04:30:46
D-0001354,W2402-0221,W2402-0221-W10,IMP-01,implant,particle,0.0699,-11.99,-10.75,2024-02-07T06:08:46
D-0001355,W2402-0221,W2402-0221-W13,IMP-01,implant,void,0.0481,-23.77,124.74,2024-02-07T03:28:46
D-0001356,W2402-0221,W2402-0221-W14,IMP-01,implant,etch_pit,0.0267,-74.2,-61.89,2024-02-07T05:59:46
D-0001357,W2402-0221,W2402-0221-W02,IMP-01,implant,etch_pit,0.0804,92.04,-7.93,2024-02-07T04:47:46
D-0001358,W2402-0221,W2402-0221-W04,IMP-01,implant,void,0.0453,148.41,100.1,2024-02-07T05:26:46
D-0001359,W2402-0222,W2402-0222-W20,CMP-01,cmp,bridge,0.0238,58.81,-136.73,2024-02-07T08:28:05
D-0001360,W2402-0222,W2402-0222-W10,CMP-01,cmp,bridge,0.0456,-69.55,-69.34,2024-02-07T11:01:05
D-0001361,W2402-0222,W2402-0222-W16,CMP-01,cmp,scratch,0.0315,-21.34,-49.1,2024-02-07T08:35:05
D-0001362,W2402-0222,W2402-0222-W17,CMP-01,cmp,etch_pit,0.0558,-15.31,77.73,2024-02-07T07:47:05
D-0001363,W2402-0222,W2402-0222-W06,CMP-01,cmp,void,0.0335,10.75,73.12,2024-02-07T09:21:05
D-0001364,W2402-0222,W2402-0222-W25,CMP-01,cmp,particle,0.0548,-136.64,56.09,2024-02-07T08:29:05
D-0001365,W2402-0222,W2402-0222-W07,CMP-01,cmp,void,0.0687,-69.67,45.55,2024-02-07T07:45:05
D-0001366,W2402-0222,W2402-0222-W20,CMP-01,cmp,scratch,0.0501,-48.51,114.92,2024-02-07T09:48:05
D-0001367,W2402-0223,W2402-0223-W06,CMP-01,cmp,particle,0.0681,-79.13,83.51,2024-02-07T14:42:09
D-0001368,W2402-0223,W2402-0223-W01,CMP-01,cmp,etch_pit,0.0126,83.74,-6.87,2024-02-07T12:27:09
D-0001369,W2402-0223,W2402-0223-W09,CMP-01,cmp,bridge,0.014,-3.36,43.97,2024-02-07T13:53:09
D-0001370,W2402-0223,W2402-0223-W24,CMP-01,cmp,particle,0.0278,1.55,121.15,2024-02-07T13:15:09
D-0001371,W2402-0223,W2402-0223-W09,CMP-01,cmp,scratch,0.0141,67.87,-124.46,2024-02-07T15:20:09
D-0001372,W2402-0223,W2402-0223-W15,CMP-01,cmp,etch_pit,0.087,-44.28,-25.14,2024-02-07T13:54:09
D-0001373,W2402-0224,W2402-0224-W05,LIT-02,litho,bridge,0.041,-79.32,15.93,2024-02-07T19:10:03
D-0001374,W2402-0224,W2402-0224-W03,LIT-02,litho,void,0.0338,57.81,5.8,2024-02-07T19:12:03
D-0001375,W2402-0224,W2402-0224-W17,LIT-02,litho,etch_pit,0.0557,130.64,-104.55,2024-02-07T17:44:03
D-0001376,W2402-0224,W2402-0224-W23,LIT-02,litho,scratch,0.0774,-145.69,5.07,2024-02-07T17:08:03
D-0001377,W2402-0224,W2402-0224-W02,LIT-02,litho,bridge,0.062,100.61,-34.25,2024-02-07T16:57:03
D-0001378,W2402-0224,W2402-0224-W08,LIT-02,litho,void,0.0702,-21.34,-48.44,2024-02-07T15:52:03
D-0001379,W2402-0224,W2402-0224-W08,LIT-02,litho,etch_pit,0.0455,123.62,27.46,2024-02-07T16:45:03
D-0001380,W2402-0225,W2402-0225-W01,LIT-02,litho,void,0.0616,49.43,-142.37,2024-02-07T21:43:32
D-0001381,W2402-0225,W2402-0225-W16,LIT-02,litho,etch_pit,0.081,-113.17,129.04,2024-02-07T20:46:32
D-0001382,W2402-0225,W2402-0225-W24,LIT-02,litho,scratch,0.0428,106.57,122.54,2024-02-07T22:44:32
D-0001383,W2402-0225,W2402-0225-W09,LIT-02,litho,etch_pit,0.0591,80.79,-14.27,2024-02-07T22:45:32
D-0001384,W2402-0225,W2402-0225-W17,LIT-02,litho,void,0.0274,77.46,52.52,2024-02-07T23:26:32
D-0001385,W2402-0226,W2402-0226-W13,LIT-02,litho,void,0.0264,-25.42,-58.21,2024-02-08T03:35:27
D-0001386,W2402-0226,W2402-0226-W06,LIT-02,litho,bridge,0.0655,109.8,1.11,2024-02-08T02:10:27
D-0001387,W2402-0226,W2402-0226-W13,LIT-02,litho,particle,0.0775,89.05,41.03,2024-02-08T00:12:27
D-0001388,W2402-0226,W2402-0226-W22,LIT-02,litho,bridge,0.0557,-107.58,-113.85,2024-02-08T02:03:27
D-0001389,W2402-0227,W2402-0227-W09,LIT-02,litho,bridge,0.0549,78.97,78.92,2024-02-08T06:29:23
D-0001390,W2402-0227,W2402-0227-W13,LIT-02,litho,bridge,0.0454,-27.67,-87.63,2024-02-08T04:25:23
D-0001391,W2402-0227,W2402-0227-W25,LIT-02,litho,particle,0.071,23.21,137.72,2024-02-08T04:13:23
D-0001392,W2402-0227,W2402-0227-W16,LIT-02,litho,scratch,0.0748,24.24,79.49,2024-02-08T06:20:23
D-0001393,W2402-0228,W2402-0228-W03,LIT-01,litho,bridge,0.0553,10.88,-101.4,2024-02-08T08:48:43
D-0001394,W2402-0228,W2402-0228-W18,LIT-01,litho,scratch,0.0662,138.8,80.3,2024-02-08T11:35:43
D-0001395,W2402-0228,W2402-0228-W08,LIT-01,litho,void,0.0466,123.5,-147.19,2024-02-08T10:06:43
D-0001396,W2402-0228,W2402-0228-W10,LIT-01,litho,bridge,0.0237,26.02,-101.99,2024-02-08T09:10:43
D-0001397,W2402-0228,W2402-0228-W23,LIT-01,litho,bridge,0.0528,135.2,-79.14,2024-02-08T08:40:43
D-0001398,W2402-0228,W2402-0228-W22,LIT-01,litho,etch_pit,0.0866,-58.86,145.89,2024-02-08T10:51:43
D-0001399,W2402-0228,W2402-0228-W23,LIT-01,litho,particle,0.0326,81.98,32.93,2024-02-08T10:05:43
D-0001400,W2402-0228,W2402-0228-W15,LIT-01,litho,particle,0.0404,-95.47,34.85,2024-02-08T11:47:43
D-0001401,W2402-0229,W2402-0229-W15,IMP-01,implant,scratch,0.0394,147.88,9.09,2024-02-08T13:29:53
D-0001402,W2402-0229,W2402-0229-W08,IMP-01,implant,bridge,0.051,82.18,47.29,2024-02-08T13:22:53
D-0001403,W2402-0229,W2402-0229-W02,IMP-01,implant,bridge,0.0726,57.73,95.96,2024-02-08T12:39:53
D-0001404,W2402-0229,W2402-0229-W15,IMP-01,implant,etch_pit,0.0189,-8.5,107.29,2024-02-08T12:21:53
D-0001405,W2402-0229,W2402-0229-W13,IMP-01,implant,bridge,0.0863,-68.22,-82.91,2024-02-08T12:49:53
D-0001406,W2402-0229,W2402-0229-W11,IMP-01,implant,etch_pit,0.0522,108.38,77.07,2024-02-08T12:33:53
D-0001407,W2402-0229,W2402-0229-W04,IMP-01,implant,void,0.0781,113.98,24.11,2024-02-08T15:25:53
D-0001408,W2402-0229,W2402-0229-W22,IMP-01,implant,particle,0.078,3.28,-51.09,2024-02-08T13:11:53
D-0001409,W2402-0230,W2402-0230-W25,IMP-01,implant,particle,0.0481,130.2,142.24,2024-02-08T18:10:07
D-0001410,W2402-0230,W2402-0230-W21,IMP-01,implant,scratch,0.0457,-134.72,-139.74,2024-02-08T19:06:07
D-0001411,W2402-0230,W2402-0230-W18,IMP-01,implant,particle,0.0612,109.12,106.98,2024-02-08T18:21:07
D-0001412,W2402-0230,W2402-0230-W06,IMP-01,implant,void,0.0523,29.99,-25.44,2024-02-08T17:09:07
D-0001413,W2402-0230,W2402-0230-W21,IMP-01,implant,etch_pit,0.0337,-59.85,7.92,2024-02-08T19:37:07
D-0001414,W2402-0230,W2402-0230-W01,IMP-01,implant,bridge,0.0115,-105.1,2.28,2024-02-08T18:53:07
D-0001415,W2402-0230,W2402-0230-W11,IMP-01,implant,patterning_defect,0.0247,43.76,39.14,2024-02-08T16:47:07
D-0001416,W2402-0231,W2402-0231-W14,CMP-02,cmp,void,0.0438,27.52,-115.52,2024-02-08T23:25:20
D-0001417,W2402-0231,W2402-0231-W13,CMP-02,cmp,etch_pit,0.0237,-8.27,-32.21,2024-02-08T20:55:20
D-0001418,W2402-0231,W2402-0231-W18,CMP-02,cmp,particle,0.0207,-144.01,37.22,2024-02-08T22:48:20
D-0001419,W2402-0231,W2402-0231-W02,CMP-02,cmp,bridge,0.0744,147.29,-23.46,2024-02-08T23:44:20
D-0001420,W2402-0232,W2402-0232-W09,DEP-01,deposition,scratch,0.0361,28.27,38.8,2024-02-09T01:10:18
D-0001421,W2402-0232,W2402-0232-W21,DEP-01,deposition,scratch,0.0899,53.78,111.76,2024-02-09T00:24:18
D-0001422,W2402-0232,W2402-0232-W03,DEP-01,deposition,scratch,0.0689,-61.02,48.25,2024-02-09T03:11:18
D-0001423,W2402-0232,W2402-0232-W05,DEP-01,deposition,scratch,0.0626,-37.57,-27.47,2024-02-09T00:27:18
D-0001424,W2402-0232,W2402-0232-W19,DEP-01,deposition,particle,0.0841,136.13,-12.36,2024-02-09T01:26:18
D-0001425,W2402-0232,W2402-0232-W01,DEP-01,deposition,scratch,0.0828,20.82,-28.29,2024-02-09T03:51:18
D-0001426,W2402-0233,W2402-0233-W08,ETCH-01,etch,bridge,0.0619,-15.24,-109.71,2024-02-09T07:52:36
D-0001427,W2402-0233,W2402-0233-W10,ETCH-01,etch,scratch,0.0355,102.65,116.64,2024-02-09T05:57:36
D-0001428,W2402-0233,W2402-0233-W02,ETCH-01,etch,void,0.0278,78.7,-72.76,2024-02-09T07:51:36
D-0001429,W2402-0233,W2402-0233-W03,ETCH-01,etch,bridge,0.0752,86.35,83.11,2024-02-09T05:50:36
D-0001430,W2402-0234,W2402-0234-W08,IMP-02,implant,etch_pit,0.0762,-67.95,112.4,2024-02-09T11:09:25
D-0001431,W2402-0234,W2402-0234-W18,IMP-02,implant,particle,0.0382,64.62,-14.37,2024-02-09T11:06:25
D-0001432,W2402-0234,W2402-0234-W08,IMP-02,implant,void,0.0321,63.27,-26.49,2024-02-09T09:49:25
D-0001433,W2402-0234,W2402-0234-W05,IMP-02,implant,scratch,0.0131,-28.84,-10.85,2024-02-09T12:17:25
D-0001434,W2402-0235,W2402-0235-W17,LIT-02,litho,void,0.0568,-110.45,24.28,2024-02-09T14:58:12
D-0001435,W2402-0235,W2402-0235-W16,LIT-02,litho,patterning_defect,0.0784,49.64,-97.09,2024-02-09T15:44:12
D-0001436,W2402-0235,W2402-0235-W02,LIT-02,litho,patterning_defect,0.0249,7.28,-94.01,2024-02-09T14:18:12
D-0001437,W2402-0235,W2402-0235-W19,LIT-02,litho,bridge,0.0109,-24.75,-127.34,2024-02-09T14:29:12
D-0001438,W2402-0235,W2402-0235-W19,LIT-02,litho,bridge,0.0242,116.98,-36.67,2024-02-09T15:04:12
D-0001439,W2402-0235,W2402-0235-W20,LIT-02,litho,bridge,0.0223,123.61,30.75,2024-02-09T15:40:12
D-0001440,W2402-0235,W2402-0235-W18,LIT-02,litho,scratch,0.0356,15.75,-6.72,2024-02-09T14:15:12
D-0001441,W2402-0235,W2402-0235-W18,LIT-02,litho,void,0.0668,-14.62,-93.19,2024-02-09T15:52:12
D-0001442,W2402-0236,W2402-0236-W01,DIFF-02,diffusion,scratch,0.0298,7.51,-134.44,2024-02-09T19:48:08
D-0001443,W2402-0236,W2402-0236-W09,DIFF-02,diffusion,etch_pit,0.075,-120.5,-89.36,2024-02-09T18:37:08
D-0001444,W2402-0236,W2402-0236-W24,DIFF-02,diffusion,scratch,0.0712,-123.78,146.33,2024-02-09T18:05:08
D-0001445,W2402-0236,W2402-0236-W01,DIFF-02,diffusion,particle,0.0817,-62.7,-134.2,2024-02-09T19:10:08
D-0001446,W2402-0236,W2402-0236-W23,DIFF-02,diffusion,void,0.0419,101.34,66.86,2024-02-09T16:39:08
D-0001447,W2402-0236,W2402-0236-W10,DIFF-02,diffusion,etch_pit,0.0629,105.17,110.47,2024-02-09T19:29:08
D-0001448,W2402-0236,W2402-0236-W19,DIFF-02,diffusion,particle,0.034,-144.03,4.94,2024-02-09T18:49:08
D-0001449,W2402-0237,W2402-0237-W11,DEP-02,deposition,scratch,0.0608,12.98,-109.55,2024-02-09T22:25:20
D-0001450,W2402-0237,W2402-0237-W20,DEP-02,deposition,void,0.0616,99.18,-34.64,2024-02-09T20:34:20
D-0001451,W2402-0237,W2402-0237-W24,DEP-02,deposition,etch_pit,0.0852,-108.64,121.76,2024-02-09T21:18:20
D-0001452,W2402-0237,W2402-0237-W20,DEP-02,deposition,patterning_defect,0.0619,-132.43,-94.57,2024-02-09T21:20:20
D-0001453,W2402-0237,W2402-0237-W08,DEP-02,deposition,particle,0.0846,147.01,-21.42,2024-02-09T23:18:20
D-0001454,W2402-0237,W2402-0237-W04,DEP-02,deposition,bridge,0.0309,120.91,-29.6,2024-02-09T22:19:20
D-0001455,W2402-0237,W2402-0237-W25,DEP-02,deposition,void,0.0878,94.3,44.41,2024-02-09T21:28:20
D-0001456,W2402-0238,W2402-0238-W18,IMP-02,implant,particle,0.0103,-7.79,-40.38,2024-02-10T02:30:33
D-0001457,W2402-0238,W2402-0238-W01,IMP-02,implant,void,0.0427,-119.05,7.81,2024-02-10T02:16:33
D-0001458,W2402-0238,W2402-0238-W11,IMP-02,implant,patterning_defect,0.0222,78.82,123.77,2024-02-10T02:34:33
D-0001459,W2402-0238,W2402-0238-W25,IMP-02,implant,scratch,0.0777,-56.73,88.03,2024-02-10T01:08:33
D-0001460,W2402-0238,W2402-0238-W16,IMP-02,implant,scratch,0.0669,-54.24,138.38,2024-02-10T02:38:33
D-0001461,W2402-0238,W2402-0238-W07,IMP-02,implant,void,0.0595,104.43,-120.11,2024-02-10T00:03:33
D-0001462,W2402-0238,W2402-0238-W16,IMP-02,implant,void,0.0257,-98.47,-1.09,2024-02-10T01:19:33
D-0001463,W2402-0239,W2402-0239-W08,IMP-02,implant,void,0.0706,78.01,-95.56,2024-02-10T04:29:59
D-0001464,W2402-0239,W2402-0239-W05,IMP-02,implant,bridge,0.0767,72.77,24.98,2024-02-10T07:22:59
D-0001465,W2402-0239,W2402-0239-W03,IMP-02,implant,bridge,0.0513,-91.37,-12.03,2024-02-10T05:06:59
D-0001466,W2402-0239,W2402-0239-W10,IMP-02,implant,etch_pit,0.0748,104.83,-56.47,2024-02-10T06:12:59
D-0001467,W2402-0240,W2402-0240-W18,DIFF-01,diffusion,bridge,0.0724,-1.97,-141.35,2024-02-10T11:25:27
D-0001468,W2402-0240,W2402-0240-W18,DIFF-01,diffusion,void,0.0203,-81.8,144.96,2024-02-10T08:15:27
D-0001469,W2402-0240,W2402-0240-W23,DIFF-01,diffusion,etch_pit,0.0431,-126.29,76.6,2024-02-10T08:32:27
D-0001470,W2402-0240,W2402-0240-W16,DIFF-01,diffusion,bridge,0.0882,56.04,105.29,2024-02-10T09:45:27
D-0001471,W2402-0240,W2402-0240-W03,DIFF-01,diffusion,void,0.0291,46.91,108.44,2024-02-10T10:45:27
D-0001472,W2402-0240,W2402-0240-W12,DIFF-01,diffusion,particle,0.0381,-91.61,-72.77,2024-02-10T10:48:27
D-0001473,W2402-0241,W2402-0241-W18,IMP-02,implant,etch_pit,0.0507,-46.39,13.29,2024-02-10T12:10:36
D-0001474,W2402-0241,W2402-0241-W24,IMP-02,implant,etch_pit,0.0176,117.77,-14.34,2024-02-10T12:59:36
D-0001475,W2402-0241,W2402-0241-W23,IMP-02,implant,etch_pit,0.0414,-40.01,30.48,2024-02-10T12:19:36
D-0001476,W2402-0241,W2402-0241-W13,IMP-02,implant,particle,0.0494,-8.11,-133.93,2024-02-10T11:52:36
D-0001477,W2402-0242,W2402-0242-W08,CMP-01,cmp,etch_pit,0.0741,64.61,-53.96,2024-02-10T17:20:59
D-0001478,W2402-0242,W2402-0242-W04,CMP-01,cmp,void,0.0888,147.35,-74.9,2024-02-10T19:22:59
D-0001479,W2402-0242,W2402-0242-W23,CMP-01,cmp,void,0.0243,90.67,-141.81,2024-02-10T16:54:59
D-0001480,W2402-0242,W2402-0242-W19,CMP-01,cmp,void,0.0715,79.62,71.05,2024-02-10T16:11:59
D-0001481,W2402-0242,W2402-0242-W08,CMP-01,cmp,void,0.0832,13.11,-30.0,2024-02-10T17:12:59
D-0001482,W2402-0242,W2402-0242-W21,CMP-01,cmp,patterning_defect,0.0695,47.7,10.19,2024-02-10T16:04:59
D-0001483,W2402-0242,W2402-0242-W05,CMP-01,cmp,void,0.0226,58.95,-122.02,2024-02-10T17:38:59
D-0001484,W2402-0242,W2402-0242-W10,CMP-01,cmp,bridge,0.0667,-87.42,-88.29,2024-02-10T17:01:59
D-0001485,W2402-0243,W2402-0243-W24,IMP-01,implant,void,0.026,128.9,31.26,2024-02-10T22:30:53
D-0001486,W2402-0243,W2402-0243-W10,IMP-01,implant,scratch,0.0117,121.55,119.2,2024-02-10T23:46:53
D-0001487,W2402-0243,W2402-0243-W25,IMP-01,implant,etch_pit,0.049,1.67,138.56,2024-02-10T22:53:53
D-0001488,W2402-0243,W2402-0243-W16,IMP-01,implant,patterning_defect,0.0134,-98.88,142.76,2024-02-10T23:34:53
D-0001489,W2402-0243,W2402-0243-W04,IMP-01,implant,bridge,0.0592,12.17,66.42,2024-02-10T23:28:53
D-0001490,W2402-0243,W2402-0243-W21,IMP-01,implant,etch_pit,0.0326,-82.74,-121.62,2024-02-10T23:25:53
D-0001491,W2402-0244,W2402-0244-W13,ETCH-03,etch,particle,0.206,11.06,15.96,2024-02-11T03:05:38
D-0001492,W2402-0244,W2402-0244-W02,ETCH-03,etch,particle,0.3961,-77.19,47.13,2024-02-11T01:10:38
D-0001493,W2402-0244,W2402-0244-W20,ETCH-03,etch,void,0.1887,147.27,89.02,2024-02-11T03:34:38
D-0001494,W2402-0244,W2402-0244-W06,ETCH-03,etch,particle,0.2647,29.98,-8.83,2024-02-11T00:43:38
D-0001495,W2402-0244,W2402-0244-W16,ETCH-03,etch,particle,0.2536,62.93,-60.71,2024-02-11T03:47:38
D-0001496,W2402-0244,W2402-0244-W23,ETCH-03,etch,patterning_defect,0.1953,9.48,116.73,2024-02-11T03:59:38
D-0001497,W2402-0244,W2402-0244-W05,ETCH-03,etch,etch_pit,0.4218,-125.18,74.71,2024-02-11T01:56:38
D-0001498,W2402-0244,W2402-0244-W13,ETCH-03,etch,void,0.4022,21.54,68.3,2024-02-11T03:09:38
D-0001499,W2402-0244,W2402-0244-W09,ETCH-03,etch,particle,0.394,90.56,148.35,2024-02-11T01:15:38
D-0001500,W2402-0244,W2402-0244-W14,ETCH-03,etch,particle,0.2682,77.17,-36.97,2024-02-11T00:42:38
D-0001501,W2402-0244,W2402-0244-W12,ETCH-03,etch,particle,0.1837,74.21,-127.05,2024-02-11T02:58:38
D-0001502,W2402-0244,W2402-0244-W10,ETCH-03,etch,particle,0.281,93.26,121.35,2024-02-11T00:43:38
D-0001503,W2402-0244,W2402-0244-W07,ETCH-03,etch,etch_pit,0.3196,-134.57,127.58,2024-02-11T00:55:38
D-0001504,W2402-0244,W2402-0244-W13,ETCH-03,etch,particle,0.287,-77.87,98.11,2024-02-11T02:16:38
D-0001505,W2402-0245,W2402-0245-W05,DEP-02,deposition,etch_pit,0.081,-122.86,39.72,2024-02-11T06:07:21
D-0001506,W2402-0245,W2402-0245-W01,DEP-02,deposition,bridge,0.057,-145.74,-84.53,2024-02-11T05:10:21
D-0001507,W2402-0245,W2402-0245-W19,DEP-02,deposition,particle,0.0232,91.04,-78.3,2024-02-11T05:06:21
D-0001508,W2402-0245,W2402-0245-W05,DEP-02,deposition,void,0.0119,-70.84,-101.89,2024-02-11T05:50:21
D-0001509,W2402-0246,W2402-0246-W25,DEP-02,deposition,particle,0.3062,29.04,-80.08,2024-02-11T09:33:39
D-0001510,W2402-0246,W2402-0246-W19,DEP-02,deposition,void,0.2304,-32.06,-134.24,2024-02-11T12:08:39
D-0001511,W2402-0246,W2402-0246-W18,DEP-02,deposition,particle,0.2159,139.17,-45.05,2024-02-11T12:33:39
D-0001512,W2402-0246,W2402-0246-W16,DEP-02,deposition,etch_pit,0.3586,-72.18,-67.54,2024-02-11T11:46:39
D-0001513,W2402-0246,W2402-0246-W19,DEP-02,deposition,patterning_defect,0.1918,-63.82,16.94,2024-02-11T11:39:39
D-0001514,W2402-0246,W2402-0246-W10,DEP-02,deposition,void,0.4299,-81.91,-122.01,2024-02-11T11:27:39
D-0001515,W2402-0246,W2402-0246-W01,DEP-02,deposition,void,0.2126,14.31,-32.99,2024-02-11T11:46:39
D-0001516,W2402-0246,W2402-0246-W12,DEP-02,deposition,scratch,0.2565,101.01,-64.67,2024-02-11T10:29:39
D-0001517,W2402-0246,W2402-0246-W13,DEP-02,deposition,patterning_defect,0.2224,-98.97,87.67,2024-02-11T10:39:39
D-0001518,W2402-0246,W2402-0246-W05,DEP-02,deposition,particle,0.3465,-133.4,59.42,2024-02-11T10:42:39
D-0001519,W2402-0246,W2402-0246-W01,DEP-02,deposition,particle,0.3991,-118.44,-23.84,2024-02-11T09:40:39
D-0001520,W2402-0246,W2402-0246-W10,DEP-02,deposition,scratch,0.1882,-145.88,-15.22,2024-02-11T11:48:39
D-0001521,W2402-0246,W2402-0246-W05,DEP-02,deposition,bridge,0.4235,-27.98,-109.94,2024-02-11T10:35:39
D-0001522,W2402-0246,W2402-0246-W03,DEP-02,deposition,particle,0.2786,-127.84,135.56,2024-02-11T11:59:39
D-0001523,W2402-0246,W2402-0246-W01,DEP-02,deposition,particle,0.2422,67.3,134.44,2024-02-11T10:53:39
D-0001524,W2402-0246,W2402-0246-W16,DEP-02,deposition,bridge,0.2653,-132.92,7.91,2024-02-11T11:31:39
D-0001525,W2402-0246,W2402-0246-W02,DEP-02,deposition,particle,0.2284,-58.94,-86.66,2024-02-11T11:36:39
D-0001526,W2402-0246,W2402-0246-W11,DEP-02,deposition,particle,0.3331,-132.13,-37.14,2024-02-11T10:12:39
D-0001527,W2402-0246,W2402-0246-W24,DEP-02,deposition,void,0.2377,53.64,-53.68,2024-02-11T11:04:39
D-0001528,W2402-0247,W2402-0247-W02,ETCH-01,etch,scratch,0.0468,21.66,70.13,2024-02-11T16:13:32
D-0001529,W2402-0247,W2402-0247-W21,ETCH-01,etch,patterning_defect,0.061,9.39,-19.45,2024-02-11T16:09:32
D-0001530,W2402-0247,W2402-0247-W10,ETCH-01,etch,etch_pit,0.0424,-84.99,-50.63,2024-02-11T13:30:32
D-0001531,W2402-0247,W2402-0247-W18,ETCH-01,etch,scratch,0.0805,63.62,-1.52,2024-02-11T15:39:32
D-0001532,W2402-0247,W2402-0247-W22,ETCH-01,etch,bridge,0.0417,135.54,-37.47,2024-02-11T14:58:32
D-0001533,W2402-0247,W2402-0247-W02,ETCH-01,etch,etch_pit,0.0876,147.16,57.83,2024-02-11T15:00:32
D-0001534,W2402-0247,W2402-0247-W24,ETCH-01,etch,particle,0.0312,105.95,91.1,2024-02-11T13:24:32
D-0001535,W2402-0247,W2402-0247-W19,ETCH-01,etch,scratch,0.012,-41.76,-3.32,2024-02-11T13:54:32
D-0001536,W2402-0248,W2402-0248-W05,DEP-03,deposition,bridge,0.0583,-6.24,85.27,2024-02-11T17:37:14
D-0001537,W2402-0248,W2402-0248-W07,DEP-03,deposition,bridge,0.0788,-62.85,-137.1,2024-02-11T19:26:14
D-0001538,W2402-0248,W2402-0248-W05,DEP-03,deposition,scratch,0.071,94.01,129.56,2024-02-11T19:00:14
D-0001539,W2402-0248,W2402-0248-W13,DEP-03,deposition,bridge,0.0575,-93.32,-99.73,2024-02-11T19:04:14
D-0001540,W2402-0248,W2402-0248-W08,DEP-03,deposition,bridge,0.0667,-82.3,10.41,2024-02-11T18:29:14
D-0001541,W2402-0249,W2402-0249-W02,IMP-02,implant,particle,0.0649,-142.54,-121.01,2024-02-12T00:29:01
D-0001542,W2402-0249,W2402-0249-W01,IMP-02,implant,particle,0.0593,-81.07,88.92,2024-02-11T23:45:01
D-0001543,W2402-0249,W2402-0249-W09,IMP-02,implant,scratch,0.027,-60.52,47.63,2024-02-12T00:07:01
D-0001544,W2402-0249,W2402-0249-W19,IMP-02,implant,void,0.0812,-146.29,51.46,2024-02-11T22:57:01
D-0001545,W2402-0249,W2402-0249-W11,IMP-02,implant,etch_pit,0.0363,-68.92,-47.06,2024-02-11T23:12:01
D-0001546,W2402-0250,W2402-0250-W15,LIT-03,litho,scratch,0.0555,32.59,-128.31,2024-02-12T03:34:23
D-0001547,W2402-0250,W2402-0250-W08,LIT-03,litho,particle,0.0103,99.04,86.0,2024-02-12T02:15:23
D-0001548,W2402-0250,W2402-0250-W07,LIT-03,litho,bridge,0.0247,76.99,146.88,2024-02-12T04:18:23
D-0001549,W2402-0250,W2402-0250-W25,LIT-03,litho,scratch,0.0203,-15.08,-9.88,2024-02-12T02:05:23
D-0001550,W2402-0251,W2402-0251-W14,DEP-01,deposition,etch_pit,0.0505,137.11,135.57,2024-02-12T07:07:57
D-0001551,W2402-0251,W2402-0251-W10,DEP-01,deposition,etch_pit,0.0123,90.19,-147.97,2024-02-12T07:47:57
D-0001552,W2402-0251,W2402-0251-W12,DEP-01,deposition,particle,0.0403,-138.7,34.08,2024-02-12T06:08:57
D-0001553,W2402-0251,W2402-0251-W20,DEP-01,deposition,void,0.0343,38.79,-123.73,2024-02-12T08:55:57
D-0001554,W2402-0252,W2402-0252-W21,ETCH-01,etch,void,0.0666,67.92,-109.58,2024-02-12T11:09:14
D-0001555,W2402-0252,W2402-0252-W09,ETCH-01,etch,particle,0.0618,-19.57,83.89,2024-02-12T10:36:14
D-0001556,W2402-0252,W2402-0252-W17,ETCH-01,etch,scratch,0.0463,-107.96,20.61,2024-02-12T09:03:14
D-0001557,W2402-0252,W2402-0252-W14,ETCH-01,etch,etch_pit,0.0111,-137.08,61.56,2024-02-12T09:51:14
D-0001558,W2402-0253,W2402-0253-W22,CMP-01,cmp,patterning_defect,0.0607,87.57,132.26,2024-02-12T16:17:53
D-0001559,W2402-0253,W2402-0253-W09,CMP-01,cmp,patterning_defect,0.0683,-64.75,-15.55,2024-02-12T14:14:53
D-0001560,W2402-0253,W2402-0253-W20,CMP-01,cmp,void,0.0569,-117.86,126.74,2024-02-12T15:24:53
D-0001561,W2402-0253,W2402-0253-W23,CMP-01,cmp,etch_pit,0.0644,74.07,100.92,2024-02-12T15:55:53
D-0001562,W2402-0253,W2402-0253-W09,CMP-01,cmp,etch_pit,0.0579,-125.94,29.43,2024-02-12T15:54:53
D-0001563,W2402-0253,W2402-0253-W17,CMP-01,cmp,void,0.0571,35.83,-55.13,2024-02-12T14:14:53
D-0001564,W2402-0253,W2402-0253-W01,CMP-01,cmp,etch_pit,0.0578,89.53,-87.15,2024-02-12T16:24:53
D-0001565,W2402-0253,W2402-0253-W14,CMP-01,cmp,etch_pit,0.0449,-84.49,-109.73,2024-02-12T13:50:53
D-0001566,W2402-0254,W2402-0254-W09,CMP-01,cmp,etch_pit,0.0181,-118.95,65.14,2024-02-12T19:37:01
D-0001567,W2402-0254,W2402-0254-W23,CMP-01,cmp,patterning_defect,0.0527,44.97,47.84,2024-02-12T17:34:01
D-0001568,W2402-0254,W2402-0254-W11,CMP-01,cmp,bridge,0.055,-47.85,-74.06,2024-02-12T17:09:01
D-0001569,W2402-0254,W2402-0254-W23,CMP-01,cmp,particle,0.0648,-18.79,59.31,2024-02-12T17:49:01
D-0001570,W2402-0254,W2402-0254-W05,CMP-01,cmp,patterning_defect,0.0753,140.71,60.55,2024-02-12T18:25:01
D-0001571,W2402-0254,W2402-0254-W16,CMP-01,cmp,scratch,0.0761,127.88,-100.84,2024-02-12T18:49:01
D-0001572,W2402-0254,W2402-0254-W23,CMP-01,cmp,void,0.0503,-2.47,103.48,2024-02-12T20:26:01
D-0001573,W2402-0254,W2402-0254-W17,CMP-01,cmp,void,0.0827,-110.63,-14.83,2024-02-12T19:52:01
D-0001574,W2402-0255,W2402-0255-W21,CMP-02,cmp,void,0.0364,13.9,103.65,2024-02-12T21:33:34
D-0001575,W2402-0255,W2402-0255-W13,CMP-02,cmp,void,0.0408,-126.04,68.92,2024-02-13T00:14:34
D-0001576,W2402-0255,W2402-0255-W24,CMP-02,cmp,scratch,0.0614,-29.56,-9.67,2024-02-12T23:43:34
D-0001577,W2402-0255,W2402-0255-W20,CMP-02,cmp,void,0.0796,-68.24,-141.7,2024-02-13T00:09:34
D-0001578,W2402-0255,W2402-0255-W11,CMP-02,cmp,void,0.0649,36.81,20.08,2024-02-13T00:39:34
D-0001579,W2402-0255,W2402-0255-W13,CMP-02,cmp,scratch,0.0643,-77.05,-147.9,2024-02-12T23:54:34
D-0001580,W2402-0255,W2402-0255-W15,CMP-02,cmp,scratch,0.0416,-113.44,101.14,2024-02-12T21:31:34
D-0001581,W2402-0255,W2402-0255-W19,CMP-02,cmp,etch_pit,0.0434,-34.51,-109.54,2024-02-12T21:41:34
D-0001582,W2402-0256,W2402-0256-W11,DIFF-01,diffusion,void,0.0355,-15.01,1.96,2024-02-13T02:55:32
D-0001583,W2402-0256,W2402-0256-W11,DIFF-01,diffusion,void,0.0841,133.21,-52.9,2024-02-13T04:56:32
D-0001584,W2402-0256,W2402-0256-W25,DIFF-01,diffusion,void,0.0495,-119.24,138.89,2024-02-13T02:49:32
D-0001585,W2402-0256,W2402-0256-W16,DIFF-01,diffusion,void,0.0105,-133.41,7.08,2024-02-13T03:10:32
D-0001586,W2402-0256,W2402-0256-W17,DIFF-01,diffusion,etch_pit,0.0432,9.22,-109.43,2024-02-13T04:38:32
D-0001587,W2402-0256,W2402-0256-W02,DIFF-01,diffusion,void,0.0432,-43.84,-52.12,2024-02-13T02:23:32
D-0001588,W2402-0256,W2402-0256-W06,DIFF-01,diffusion,etch_pit,0.0789,-71.52,80.41,2024-02-13T04:14:32
D-0001589,W2402-0257,W2402-0257-W16,ETCH-02,etch,patterning_defect,0.0104,89.9,99.29,2024-02-13T06:14:43
D-0001590,W2402-0257,W2402-0257-W17,ETCH-02,etch,void,0.0528,-22.11,3.74,2024-02-13T06:22:43
D-0001591,W2402-0257,W2402-0257-W11,ETCH-02,etch,etch_pit,0.0794,68.6,-14.11,2024-02-13T06:25:43
D-0001592,W2402-0257,W2402-0257-W14,ETCH-02,etch,scratch,0.0806,-60.11,130.11,2024-02-13T06:02:43
D-0001593,W2402-0257,W2402-0257-W07,ETCH-02,etch,void,0.0429,-97.34,88.6,2024-02-13T06:48:43
D-0001594,W2402-0257,W2402-0257-W24,ETCH-02,etch,particle,0.0589,10.33,-139.94,2024-02-13T07:58:43
D-0001595,W2402-0257,W2402-0257-W25,ETCH-02,etch,etch_pit,0.0697,-85.65,50.06,2024-02-13T05:26:43
D-0001596,W2402-0257,W2402-0257-W19,ETCH-02,etch,etch_pit,0.061,96.45,-7.26,2024-02-13T07:27:43
D-0001597,W2402-0258,W2402-0258-W16,DEP-01,deposition,particle,0.0318,146.03,16.46,2024-02-13T10:15:25
D-0001598,W2402-0258,W2402-0258-W07,DEP-01,deposition,void,0.0588,7.93,-59.95,2024-02-13T09:57:25
D-0001599,W2402-0258,W2402-0258-W15,DEP-01,deposition,scratch,0.0703,-36.46,57.01,2024-02-13T11:03:25
D-0001600,W2402-0258,W2402-0258-W17,DEP-01,deposition,patterning_defect,0.0111,-53.08,41.79,2024-02-13T10:44:25
D-0001601,W2402-0258,W2402-0258-W19,DEP-01,deposition,scratch,0.0115,-48.64,97.86,2024-02-13T13:01:25
D-0001602,W2402-0258,W2402-0258-W18,DEP-01,deposition,particle,0.0626,-20.21,-98.76,2024-02-13T12:24:25
D-0001603,W2402-0258,W2402-0258-W09,DEP-01,deposition,scratch,0.0621,92.01,-135.8,2024-02-13T10:46:25
D-0001604,W2402-0258,W2402-0258-W03,DEP-01,deposition,void,0.0524,141.54,-107.31,2024-02-13T12:00:25
D-0001605,W2402-0259,W2402-0259-W20,DIFF-01,diffusion,etch_pit,0.0114,-92.02,-55.97,2024-02-13T13:43:53
D-0001606,W2402-0259,W2402-0259-W08,DIFF-01,diffusion,particle,0.0695,49.17,-8.59,2024-02-13T15:49:53
D-0001607,W2402-0259,W2402-0259-W14,DIFF-01,diffusion,void,0.0588,135.79,-115.12,2024-02-13T14:52:53
D-0001608,W2402-0259,W2402-0259-W03,DIFF-01,diffusion,void,0.044,-69.34,121.9,2024-02-13T15:46:53
D-0001609,W2402-0259,W2402-0259-W24,DIFF-01,diffusion,scratch,0.0103,6.55,66.72,2024-02-13T16:08:53
D-0001610,W2402-0259,W2402-0259-W11,DIFF-01,diffusion,etch_pit,0.0516,-30.86,4.26,2024-02-13T14:43:53
D-0001611,W2402-0260,W2402-0260-W19,DIFF-01,diffusion,void,0.0296,79.4,-98.84,2024-02-13T19:32:24
D-0001612,W2402-0260,W2402-0260-W01,DIFF-01,diffusion,etch_pit,0.0388,14.49,64.5,2024-02-13T20:56:24
D-0001613,W2402-0260,W2402-0260-W09,DIFF-01,diffusion,scratch,0.0436,-5.79,127.57,2024-02-13T18:36:24
D-0001614,W2402-0260,W2402-0260-W04,DIFF-01,diffusion,etch_pit,0.0455,59.54,-34.58,2024-02-13T18:29:24
D-0001615,W2402-0261,W2402-0261-W07,IMP-01,implant,bridge,0.0614,54.05,-38.28,2024-02-14T00:43:08
D-0001616,W2402-0261,W2402-0261-W17,IMP-01,implant,patterning_defect,0.0739,-122.08,12.18,2024-02-13T21:54:08
D-0001617,W2402-0261,W2402-0261-W10,IMP-01,implant,etch_pit,0.0809,96.35,95.87,2024-02-13T23:40:08
D-0001618,W2402-0261,W2402-0261-W10,IMP-01,implant,void,0.0539,100.12,129.2,2024-02-13T21:55:08
D-0001619,W2402-0261,W2402-0261-W08,IMP-01,implant,particle,0.068,-83.42,-7.82,2024-02-13T23:11:08
D-0001620,W2402-0261,W2402-0261-W20,IMP-01,implant,void,0.0563,143.25,114.4,2024-02-13T22:14:08
D-0001621,W2402-0261,W2402-0261-W16,IMP-01,implant,bridge,0.0559,-138.3,93.14,2024-02-14T00:31:08
D-0001622,W2402-0261,W2402-0261-W14,IMP-01,implant,scratch,0.0318,89.24,12.56,2024-02-13T23:59:08
D-0001623,W2402-0262,W2402-0262-W02,IMP-02,implant,bridge,0.0542,92.36,144.36,2024-02-14T03:51:46
D-0001624,W2402-0262,W2402-0262-W11,IMP-02,implant,etch_pit,0.0156,86.74,-23.63,2024-02-14T02:43:46
D-0001625,W2402-0262,W2402-0262-W11,IMP-02,implant,scratch,0.052,145.67,112.8,2024-02-14T03:42:46
D-0001626,W2402-0262,W2402-0262-W18,IMP-02,implant,bridge,0.0132,-14.17,-86.38,2024-02-14T03:34:46
D-0001627,W2402-0262,W2402-0262-W03,IMP-02,implant,void,0.0152,-1.75,-131.69,2024-02-14T03:51:46
D-0001628,W2402-0262,W2402-0262-W10,IMP-02,implant,void,0.089,78.11,37.9,2024-02-14T02:05:46
D-0001629,W2402-0262,W2402-0262-W13,IMP-02,implant,etch_pit,0.0268,-70.45,3.49,2024-02-14T03:08:46
D-0001630,W2402-0263,W2402-0263-W17,DEP-02,deposition,particle,0.0224,-143.97,-6.26,2024-02-14T06:02:03
D-0001631,W2402-0263,W2402-0263-W05,DEP-02,deposition,scratch,0.0419,-116.59,-114.87,2024-02-14T08:23:03
D-0001632,W2402-0263,W2402-0263-W22,DEP-02,deposition,bridge,0.0606,-49.55,-122.71,2024-02-14T09:08:03
D-0001633,W2402-0263,W2402-0263-W18,DEP-02,deposition,particle,0.0843,43.82,11.93,2024-02-14T08:26:03
D-0001634,W2402-0263,W2402-0263-W13,DEP-02,deposition,etch_pit,0.0727,-119.71,79.57,2024-02-14T09:10:03
D-0001635,W2402-0264,W2402-0264-W21,DIFF-01,diffusion,etch_pit,0.0106,-29.27,64.15,2024-02-14T12:11:55
D-0001636,W2402-0264,W2402-0264-W02,DIFF-01,diffusion,etch_pit,0.0138,25.67,-83.61,2024-02-14T12:58:55
D-0001637,W2402-0264,W2402-0264-W05,DIFF-01,diffusion,bridge,0.0215,15.88,117.25,2024-02-14T10:36:55
D-0001638,W2402-0264,W2402-0264-W09,DIFF-01,diffusion,patterning_defect,0.0509,128.05,-18.88,2024-02-14T10:56:55
D-0001639,W2402-0265,W2402-0265-W15,CMP-01,cmp,patterning_defect,0.0294,-54.78,-23.62,2024-02-14T15:16:58
D-0001640,W2402-0265,W2402-0265-W15,CMP-01,cmp,void,0.0431,5.53,68.42,2024-02-14T14:50:58
D-0001641,W2402-0265,W2402-0265-W07,CMP-01,cmp,scratch,0.0652,-145.05,-3.92,2024-02-14T14:53:58
D-0001642,W2402-0265,W2402-0265-W24,CMP-01,cmp,particle,0.0237,91.01,118.84,2024-02-14T14:48:58
D-0001643,W2402-0265,W2402-0265-W04,CMP-01,cmp,scratch,0.0372,-136.27,102.56,2024-02-14T15:14:58
D-0001644,W2402-0265,W2402-0265-W15,CMP-01,cmp,bridge,0.0126,-111.16,-121.1,2024-02-14T15:55:58
D-0001645,W2402-0265,W2402-0265-W20,CMP-01,cmp,bridge,0.0802,-82.65,-67.39,2024-02-14T17:23:58
D-0001646,W2402-0265,W2402-0265-W09,CMP-01,cmp,scratch,0.0349,143.59,11.14,2024-02-14T14:19:58
D-0001647,W2402-0266,W2402-0266-W10,CMP-01,cmp,particle,0.081,134.39,45.12,2024-02-14T20:50:57
D-0001648,W2402-0266,W2402-0266-W04,CMP-01,cmp,etch_pit,0.0849,142.38,87.4,2024-02-14T18:03:57
D-0001649,W2402-0266,W2402-0266-W07,CMP-01,cmp,void,0.0892,-115.08,38.08,2024-02-14T19:31:57
D-0001650,W2402-0266,W2402-0266-W25,CMP-01,cmp,void,0.016,-137.83,41.38,2024-02-14T19:46:57
D-0001651,W2402-0267,W2402-0267-W15,DIFF-02,diffusion,void,0.0799,-106.65,41.37,2024-02-14T22:41:59
D-0001652,W2402-0267,W2402-0267-W25,DIFF-02,diffusion,bridge,0.0386,3.69,-70.51,2024-02-14T23:25:59
D-0001653,W2402-0267,W2402-0267-W19,DIFF-02,diffusion,etch_pit,0.012,77.86,-79.89,2024-02-15T00:41:59
D-0001654,W2402-0267,W2402-0267-W14,DIFF-02,diffusion,etch_pit,0.0442,-60.15,-142.55,2024-02-14T23:14:59
D-0001655,W2402-0267,W2402-0267-W07,DIFF-02,diffusion,patterning_defect,0.0591,-6.03,77.0,2024-02-14T23:33:59
D-0001656,W2402-0267,W2402-0267-W22,DIFF-02,diffusion,scratch,0.0195,24.52,-0.53,2024-02-14T23:19:59
D-0001657,W2402-0267,W2402-0267-W23,DIFF-02,diffusion,patterning_defect,0.0581,60.58,-105.1,2024-02-14T23:16:59
D-0001658,W2402-0267,W2402-0267-W08,DIFF-02,diffusion,particle,0.0415,17.75,72.43,2024-02-15T00:25:59
D-0001659,W2402-0268,W2402-0268-W05,ETCH-02,etch,bridge,0.0171,17.64,125.69,2024-02-15T04:27:15
D-0001660,W2402-0268,W2402-0268-W10,ETCH-02,etch,bridge,0.0897,-81.42,-96.83,2024-02-15T02:01:15
D-0001661,W2402-0268,W2402-0268-W13,ETCH-02,etch,etch_pit,0.0689,-128.45,-45.61,2024-02-15T04:47:15
D-0001662,W2402-0268,W2402-0268-W09,ETCH-02,etch,void,0.0566,88.53,-141.86,2024-02-15T03:37:15
D-0001663,W2402-0269,W2402-0269-W10,CMP-01,cmp,scratch,0.0407,-8.66,-73.13,2024-02-15T06:23:11
D-0001664,W2402-0269,W2402-0269-W24,CMP-01,cmp,particle,0.0694,21.55,13.34,2024-02-15T08:24:11
D-0001665,W2402-0269,W2402-0269-W03,CMP-01,cmp,patterning_defect,0.049,71.74,126.16,2024-02-15T08:14:11
D-0001666,W2402-0269,W2402-0269-W04,CMP-01,cmp,void,0.0454,-48.67,133.59,2024-02-15T06:20:11
D-0001667,W2402-0269,W2402-0269-W03,CMP-01,cmp,void,0.0175,19.23,-127.6,2024-02-15T06:51:11
D-0001668,W2402-0270,W2402-0270-W08,LIT-01,litho,etch_pit,0.034,-67.51,-6.11,2024-02-15T12:19:05
D-0001669,W2402-0270,W2402-0270-W02,LIT-01,litho,etch_pit,0.0304,18.61,57.81,2024-02-15T12:48:05
D-0001670,W2402-0270,W2402-0270-W15,LIT-01,litho,scratch,0.0689,-110.72,92.49,2024-02-15T09:53:05
D-0001671,W2402-0270,W2402-0270-W18,LIT-01,litho,void,0.0632,148.08,140.39,2024-02-15T12:38:05
D-0001672,W2402-0271,W2402-0271-W05,DEP-03,deposition,void,0.0782,-45.33,128.98,2024-02-15T13:33:56
D-0001673,W2402-0271,W2402-0271-W19,DEP-03,deposition,etch_pit,0.0568,61.71,-93.22,2024-02-15T15:48:56
D-0001674,W2402-0271,W2402-0271-W07,DEP-03,deposition,void,0.0462,-112.31,73.38,2024-02-15T15:12:56
D-0001675,W2402-0271,W2402-0271-W14,DEP-03,deposition,void,0.0162,-107.41,-55.59,2024-02-15T15:06:56
D-0001676,W2402-0272,W2402-0272-W09,DEP-01,deposition,scratch,0.086,-139.44,87.44,2024-02-15T18:12:35
D-0001677,W2402-0272,W2402-0272-W05,DEP-01,deposition,bridge,0.0883,-68.94,26.34,2024-02-15T17:50:35
D-0001678,W2402-0272,W2402-0272-W03,DEP-01,deposition,etch_pit,0.0267,-18.56,-22.83,2024-02-15T18:36:35
D-0001679,W2402-0272,W2402-0272-W14,DEP-01,deposition,void,0.0594,-144.19,-7.64,2024-02-15T19:35:35
D-0001680,W2402-0272,W2402-0272-W20,DEP-01,deposition,particle,0.022,-58.28,93.65,2024-02-15T18:10:35
D-0001681,W2402-0273,W2402-0273-W10,DEP-03,deposition,particle,0.0231,-75.9,106.79,2024-02-15T22:00:48
D-0001682,W2402-0273,W2402-0273-W15,DEP-03,deposition,scratch,0.0416,-41.57,113.74,2024-02-15T22:19:48
D-0001683,W2402-0273,W2402-0273-W13,DEP-03,deposition,etch_pit,0.0188,-34.65,-3.09,2024-02-15T22:16:48
D-0001684,W2402-0273,W2402-0273-W13,DEP-03,deposition,scratch,0.0554,84.12,-42.7,2024-02-16T00:28:48
D-0001685,W2402-0273,W2402-0273-W13,DEP-03,deposition,etch_pit,0.0607,-42.91,76.86,2024-02-16T00:27:48
D-0001686,W2402-0273,W2402-0273-W06,DEP-03,deposition,void,0.0451,104.54,-70.71,2024-02-15T22:07:48
D-0001687,W2402-0274,W2402-0274-W20,ETCH-01,etch,particle,0.0273,106.78,87.26,2024-02-16T05:15:48
D-0001688,W2402-0274,W2402-0274-W18,ETCH-01,etch,scratch,0.0878,72.4,-49.31,2024-02-16T02:03:48
D-0001689,W2402-0274,W2402-0274-W24,ETCH-01,etch,etch_pit,0.0267,130.16,139.63,2024-02-16T05:06:48
D-0001690,W2402-0274,W2402-0274-W10,ETCH-01,etch,patterning_defect,0.0305,14.7,-5.63,2024-02-16T02:33:48
D-0001691,W2402-0274,W2402-0274-W18,ETCH-01,etch,patterning_defect,0.0283,-148.76,-9.29,2024-02-16T02:48:48
D-0001692,W2402-0274,W2402-0274-W08,ETCH-01,etch,particle,0.084,-66.75,68.9,2024-02-16T04:45:48
D-0001693,W2402-0275,W2402-0275-W12,DIFF-02,diffusion,bridge,0.0334,98.18,-104.65,2024-02-16T06:28:30
D-0001694,W2402-0275,W2402-0275-W04,DIFF-02,diffusion,scratch,0.0725,-12.52,5.08,2024-02-16T08:35:30
D-0001695,W2402-0275,W2402-0275-W11,DIFF-02,diffusion,scratch,0.0207,56.08,-62.73,2024-02-16T08:34:30
D-0001696,W2402-0275,W2402-0275-W11,DIFF-02,diffusion,scratch,0.0453,44.89,-22.37,2024-02-16T08:16:30
D-0001697,W2402-0276,W2402-0276-W02,ETCH-03,etch,void,0.3972,0.61,-131.19,2024-02-16T12:42:55
D-0001698,W2402-0276,W2402-0276-W23,ETCH-03,etch,scratch,0.4406,-123.44,-87.57,2024-02-16T09:58:55
D-0001699,W2402-0276,W2402-0276-W11,ETCH-03,etch,particle,0.1975,-80.81,-5.55,2024-02-16T11:22:55
D-0001700,W2402-0276,W2402-0276-W06,ETCH-03,etch,void,0.4352,-144.59,88.93,2024-02-16T09:56:55
D-0001701,W2402-0276,W2402-0276-W18,ETCH-03,etch,particle,0.1922,51.07,39.0,2024-02-16T10:58:55
D-0001702,W2402-0276,W2402-0276-W14,ETCH-03,etch,particle,0.2693,-13.67,-133.24,2024-02-16T12:21:55
D-0001703,W2402-0276,W2402-0276-W18,ETCH-03,etch,void,0.1806,108.39,95.95,2024-02-16T12:25:55
D-0001704,W2402-0276,W2402-0276-W07,ETCH-03,etch,particle,0.3983,-127.51,131.74,2024-02-16T10:22:55
D-0001705,W2402-0276,W2402-0276-W23,ETCH-03,etch,void,0.1833,-139.09,-93.96,2024-02-16T09:50:55
D-0001706,W2402-0276,W2402-0276-W06,ETCH-03,etch,patterning_defect,0.2966,-49.1,43.82,2024-02-16T11:02:55
D-0001707,W2402-0276,W2402-0276-W23,ETCH-03,etch,particle,0.2681,98.62,-98.88,2024-02-16T12:46:55
D-0001708,W2402-0276,W2402-0276-W04,ETCH-03,etch,particle,0.3928,-140.86,-27.16,2024-02-16T09:46:55
D-0001709,W2402-0276,W2402-0276-W04,ETCH-03,etch,particle,0.2491,71.08,19.78,2024-02-16T09:41:55
D-0001710,W2402-0276,W2402-0276-W04,ETCH-03,etch,patterning_defect,0.2885,117.07,-87.67,2024-02-16T12:46:55
D-0001711,W2402-0276,W2402-0276-W17,ETCH-03,etch,particle,0.2166,-108.28,-137.87,2024-02-16T10:58:55
D-0001712,W2402-0277,W2402-0277-W19,DEP-03,deposition,particle,0.0632,-134.94,-36.42,2024-02-16T16:48:30
D-0001713,W2402-0277,W2402-0277-W01,DEP-03,deposition,particle,0.0631,33.96,-135.19,2024-02-16T14:20:30
D-0001714,W2402-0277,W2402-0277-W04,DEP-03,deposition,etch_pit,0.0305,-57.59,-82.36,2024-02-16T14:26:30
D-0001715,W2402-0277,W2402-0277-W07,DEP-03,deposition,scratch,0.0239,-94.9,-36.11,2024-02-16T14:30:30
D-0001716,W2402-0277,W2402-0277-W07,DEP-03,deposition,scratch,0.0686,-73.26,99.06,2024-02-16T15:46:30
D-0001717,W2402-0278,W2402-0278-W11,DIFF-02,diffusion,particle,0.0343,0.18,-60.08,2024-02-16T21:20:04
D-0001718,W2402-0278,W2402-0278-W10,DIFF-02,diffusion,bridge,0.0443,-147.52,-70.41,2024-02-16T20:06:04
D-0001719,W2402-0278,W2402-0278-W14,DIFF-02,diffusion,void,0.0314,73.14,68.45,2024-02-16T20:24:04
D-0001720,W2402-0278,W2402-0278-W12,DIFF-02,diffusion,scratch,0.07,40.72,-7.88,2024-02-16T21:25:04
D-0001721,W2402-0278,W2402-0278-W08,DIFF-02,diffusion,scratch,0.0558,40.82,-41.56,2024-02-16T20:34:04
D-0001722,W2402-0278,W2402-0278-W16,DIFF-02,diffusion,etch_pit,0.0385,99.78,-121.55,2024-02-16T20:51:04
D-0001723,W2402-0279,W2402-0279-W13,CMP-02,cmp,patterning_defect,0.0423,93.59,18.69,2024-02-16T22:03:11
D-0001724,W2402-0279,W2402-0279-W09,CMP-02,cmp,void,0.0818,137.21,-38.82,2024-02-16T22:50:11
D-0001725,W2402-0279,W2402-0279-W21,CMP-02,cmp,void,0.0596,-24.87,-59.56,2024-02-16T22:55:11
D-0001726,W2402-0279,W2402-0279-W16,CMP-02,cmp,etch_pit,0.0396,-74.73,104.0,2024-02-17T00:45:11
D-0001727,W2402-0279,W2402-0279-W12,CMP-02,cmp,scratch,0.0803,82.68,133.79,2024-02-17T01:02:11
D-0001728,W2402-0280,W2402-0280-W14,IMP-01,implant,etch_pit,0.0634,-48.26,18.24,2024-02-17T04:43:39
D-0001729,W2402-0280,W2402-0280-W23,IMP-01,implant,bridge,0.0426,78.04,113.45,2024-02-17T04:12:39
D-0001730,W2402-0280,W2402-0280-W18,IMP-01,implant,etch_pit,0.0698,-103.08,-88.64,2024-02-17T04:46:39
D-0001731,W2402-0280,W2402-0280-W25,IMP-01,implant,patterning_defect,0.0495,27.53,-60.25,2024-02-17T03:11:39
D-0001732,W2402-0280,W2402-0280-W16,IMP-01,implant,particle,0.0613,108.3,58.96,2024-02-17T03:32:39
D-0001733,W2402-0280,W2402-0280-W07,IMP-01,implant,etch_pit,0.0538,-82.07,-68.11,2024-02-17T04:33:39
D-0001734,W2402-0280,W2402-0280-W10,IMP-01,implant,void,0.0363,74.23,-75.59,2024-02-17T04:12:39
D-0001735,W2402-0281,W2402-0281-W14,ETCH-03,etch,bridge,0.2862,11.44,-60.78,2024-02-17T08:02:08
D-0001736,W2402-0281,W2402-0281-W19,ETCH-03,etch,void,0.3463,75.11,77.16,2024-02-17T09:23:08
D-0001737,W2402-0281,W2402-0281-W22,ETCH-03,etch,particle,0.206,107.41,51.8,2024-02-17T08:10:08
D-0001738,W2402-0281,W2402-0281-W03,ETCH-03,etch,particle,0.4222,4.55,-90.37,2024-02-17T08:00:08
D-0001739,W2402-0281,W2402-0281-W03,ETCH-03,etch,particle,0.1862,91.31,-7.75,2024-02-17T07:39:08
D-0001740,W2402-0281,W2402-0281-W02,ETCH-03,etch,particle,0.2248,98.37,-147.79,2024-02-17T06:26:08
D-0001741,W2402-0281,W2402-0281-W09,ETCH-03,etch,scratch,0.2944,-5.37,16.06,2024-02-17T09:04:08
D-0001742,W2402-0281,W2402-0281-W01,ETCH-03,etch,scratch,0.2178,69.11,22.0,2024-02-17T06:32:08
D-0001743,W2402-0281,W2402-0281-W05,ETCH-03,etch,patterning_defect,0.4443,-30.33,-90.46,2024-02-17T09:18:08
D-0001744,W2402-0281,W2402-0281-W10,ETCH-03,etch,bridge,0.2993,-94.18,42.45,2024-02-17T06:38:08
D-0001745,W2402-0281,W2402-0281-W24,ETCH-03,etch,scratch,0.4045,-99.99,102.05,2024-02-17T07:17:08
D-0001746,W2402-0281,W2402-0281-W12,ETCH-03,etch,bridge,0.2354,94.15,29.16,2024-02-17T07:59:08
D-0001747,W2402-0282,W2402-0282-W24,DEP-02,deposition,patterning_defect,0.0788,26.41,118.98,2024-02-17T09:45:34
D-0001748,W2402-0282,W2402-0282-W07,DEP-02,deposition,void,0.0558,1.68,49.15,2024-02-17T12:33:34
D-0001749,W2402-0282,W2402-0282-W04,DEP-02,deposition,scratch,0.0431,122.49,65.14,2024-02-17T12:08:34
D-0001750,W2402-0282,W2402-0282-W15,DEP-02,deposition,particle,0.0428,145.89,-141.38,2024-02-17T12:37:34
D-0001751,W2402-0282,W2402-0282-W18,DEP-02,deposition,scratch,0.0363,29.82,-139.21,2024-02-17T11:22:34
D-0001752,W2402-0283,W2402-0283-W06,DIFF-02,diffusion,scratch,0.0719,-140.79,-29.4,2024-02-17T16:58:00
D-0001753,W2402-0283,W2402-0283-W08,DIFF-02,diffusion,bridge,0.0318,25.36,77.9,2024-02-17T14:15:00
D-0001754,W2402-0283,W2402-0283-W07,DIFF-02,diffusion,scratch,0.0318,-67.97,-7.08,2024-02-17T16:45:00
D-0001755,W2402-0283,W2402-0283-W14,DIFF-02,diffusion,etch_pit,0.0625,-87.87,55.32,2024-02-17T16:11:00
D-0001756,W2402-0284,W2402-0284-W10,DIFF-02,diffusion,particle,0.0551,88.55,-69.94,2024-02-17T21:30:53
D-0001757,W2402-0284,W2402-0284-W02,DIFF-02,diffusion,patterning_defect,0.0792,-1.9,-84.48,2024-02-17T18:42:53
D-0001758,W2402-0284,W2402-0284-W09,DIFF-02,diffusion,patterning_defect,0.0173,-29.66,141.65,2024-02-17T20:52:53
D-0001759,W2402-0284,W2402-0284-W21,DIFF-02,diffusion,etch_pit,0.063,-124.25,-141.58,2024-02-17T19:43:53
D-0001760,W2402-0285,W2402-0285-W02,DIFF-02,diffusion,scratch,0.0549,113.75,105.26,2024-02-17T22:52:28
D-0001761,W2402-0285,W2402-0285-W13,DIFF-02,diffusion,patterning_defect,0.0899,73.9,-127.44,2024-02-18T01:00:28
D-0001762,W2402-0285,W2402-0285-W20,DIFF-02,diffusion,particle,0.0334,-112.65,103.0,2024-02-17T23:13:28
D-0001763,W2402-0285,W2402-0285-W09,DIFF-02,diffusion,void,0.0694,-50.92,15.95,2024-02-17T23:01:28
D-0001764,W2402-0285,W2402-0285-W02,DIFF-02,diffusion,scratch,0.0258,-22.21,58.22,2024-02-18T00:46:28
D-0001765,W2402-0286,W2402-0286-W16,ETCH-02,etch,etch_pit,0.0843,-119.29,125.39,2024-02-18T03:46:13
D-0001766,W2402-0286,W2402-0286-W02,ETCH-02,etch,particle,0.073,-119.53,60.16,2024-02-18T02:31:13
D-0001767,W2402-0286,W2402-0286-W16,ETCH-02,etch,particle,0.0802,84.24,-119.87,2024-02-18T05:03:13
D-0001768,W2402-0286,W2402-0286-W10,ETCH-02,etch,patterning_defect,0.0754,147.91,-58.57,2024-02-18T04:07:13
D-0001769,W2402-0287,W2402-0287-W01,DEP-02,deposition,particle,0.4319,16.58,46.25,2024-02-18T07:34:38
D-0001770,W2402-0287,W2402-0287-W03,DEP-02,deposition,particle,0.4069,-12.11,39.34,2024-02-18T07:41:38
D-0001771,W2402-0287,W2402-0287-W05,DEP-02,deposition,etch_pit,0.4321,-126.63,127.97,2024-02-18T07:14:38
D-0001772,W2402-0287,W2402-0287-W14,DEP-02,deposition,particle,0.3177,-2.72,-61.22,2024-02-18T08:09:38
D-0001773,W2402-0287,W2402-0287-W07,DEP-02,deposition,void,0.2445,86.01,-125.25,2024-02-18T09:03:38
D-0001774,W2402-0287,W2402-0287-W16,DEP-02,deposition,particle,0.4421,46.97,-36.07,2024-02-18T09:40:38
D-0001775,W2402-0287,W2402-0287-W19,DEP-02,deposition,patterning_defect,0.2257,42.14,-113.55,2024-02-18T07:32:38
D-0001776,W2402-0287,W2402-0287-W02,DEP-02,deposition,particle,0.2441,125.18,-84.1,2024-02-18T06:33:38
D-0001777,W2402-0287,W2402-0287-W14,DEP-02,deposition,scratch,0.297,48.24,-33.22,2024-02-18T08:04:38
D-0001778,W2402-0287,W2402-0287-W18,DEP-02,deposition,particle,0.273,-99.17,-52.69,2024-02-18T09:33:38
D-0001779,W2402-0287,W2402-0287-W21,DEP-02,deposition,particle,0.2642,-126.63,-107.6,2024-02-18T07:53:38
D-0001780,W2402-0287,W2402-0287-W10,DEP-02,deposition,particle,0.3984,129.4,-9.97,2024-02-18T08:38:38
D-0001781,W2402-0287,W2402-0287-W20,DEP-02,deposition,void,0.2545,7.66,122.13,2024-02-18T08:09:38
D-0001782,W2402-0287,W2402-0287-W13,DEP-02,deposition,void,0.3168,143.63,29.17,2024-02-18T06:34:38
D-0001783,W2402-0287,W2402-0287-W01,DEP-02,deposition,particle,0.3395,38.34,68.68,2024-02-18T08:10:38
D-0001784,W2402-0287,W2402-0287-W15,DEP-02,deposition,particle,0.3591,-29.24,-40.05,2024-02-18T09:39:38
D-0001785,W2402-0287,W2402-0287-W17,DEP-02,deposition,particle,0.2193,146.18,-15.42,2024-02-18T09:25:38
D-0001786,W2402-0287,W2402-0287-W03,DEP-02,deposition,particle,0.2852,-109.29,45.72,2024-02-18T08:03:38
D-0001787,W2402-0287,W2402-0287-W12,DEP-02,deposition,particle,0.2834,-146.62,-142.28,2024-02-18T06:30:38
D-0001788,W2402-0287,W2402-0287-W03,DEP-02,deposition,particle,0.4497,125.45,-115.85,2024-02-18T07:16:38
D-0001789,W2402-0287,W2402-0287-W01,DEP-02,deposition,patterning_defect,0.2821,44.19,137.38,2024-02-18T07:06:38
D-0001790,W2402-0287,W2402-0287-W09,DEP-02,deposition,particle,0.3691,-16.37,91.79,2024-02-18T06:21:38
D-0001791,W2402-0288,W2402-0288-W21,DIFF-02,diffusion,patterning_defect,0.0429,12.37,-131.42,2024-02-18T11:16:02
D-0001792,W2402-0288,W2402-0288-W25,DIFF-02,diffusion,particle,0.0208,-107.07,-8.43,2024-02-18T10:50:02
D-0001793,W2402-0288,W2402-0288-W07,DIFF-02,diffusion,void,0.0189,-44.35,87.24,2024-02-18T10:48:02
D-0001794,W2402-0288,W2402-0288-W05,DIFF-02,diffusion,scratch,0.0542,-95.07,16.71,2024-02-18T11:19:02
D-0001795,W2402-0289,W2402-0289-W18,IMP-01,implant,scratch,0.0361,-102.65,-91.6,2024-02-18T16:29:28
D-0001796,W2402-0289,W2402-0289-W19,IMP-01,implant,bridge,0.0126,-67.67,-137.37,2024-02-18T17:06:28
D-0001797,W2402-0289,W2402-0289-W18,IMP-01,implant,scratch,0.0584,-114.49,-37.84,2024-02-18T17:14:28
D-0001798,W2402-0289,W2402-0289-W04,IMP-01,implant,etch_pit,0.0849,-45.59,-140.15,2024-02-18T17:12:28
D-0001799,W2402-0290,W2402-0290-W07,ETCH-01,etch,scratch,0.0724,-16.99,-105.61,2024-02-18T21:19:49
D-0001800,W2402-0290,W2402-0290-W21,ETCH-01,etch,void,0.0205,97.04,86.88,2024-02-18T19:54:49
D-0001801,W2402-0290,W2402-0290-W10,ETCH-01,etch,particle,0.066,49.14,136.04,2024-02-18T20:25:49
D-0001802,W2402-0290,W2402-0290-W02,ETCH-01,etch,bridge,0.0471,-77.4,-110.97,2024-02-18T20:21:49
D-0001803,W2402-0290,W2402-0290-W01,ETCH-01,etch,etch_pit,0.0119,-59.57,36.37,2024-02-18T21:05:49
D-0001804,W2402-0290,W2402-0290-W11,ETCH-01,etch,scratch,0.0162,-49.79,77.2,2024-02-18T21:24:49
D-0001805,W2402-0291,W2402-0291-W25,ETCH-01,etch,patterning_defect,0.0844,-70.73,-9.08,2024-02-18T23:26:03
D-0001806,W2402-0291,W2402-0291-W15,ETCH-01,etch,scratch,0.0807,-110.59,-138.15,2024-02-18T22:03:03
D-0001807,W2402-0291,W2402-0291-W21,ETCH-01,etch,void,0.0544,32.85,-142.27,2024-02-18T22:38:03
D-0001808,W2402-0291,W2402-0291-W25,ETCH-01,etch,scratch,0.0885,17.66,62.69,2024-02-18T21:48:03
D-0001809,W2402-0291,W2402-0291-W22,ETCH-01,etch,patterning_defect,0.0472,25.38,-114.61,2024-02-18T22:19:03
D-0001810,W2402-0291,W2402-0291-W04,ETCH-01,etch,scratch,0.0629,67.16,65.18,2024-02-18T22:46:03
D-0001811,W2402-0291,W2402-0291-W08,ETCH-01,etch,etch_pit,0.0422,22.56,-53.96,2024-02-18T23:06:03
D-0001812,W2402-0291,W2402-0291-W18,ETCH-01,etch,scratch,0.0376,-2.09,-38.12,2024-02-19T00:08:03
D-0001813,W2402-0292,W2402-0292-W23,LIT-01,litho,etch_pit,0.0536,-66.08,22.62,2024-02-19T04:33:36
D-0001814,W2402-0292,W2402-0292-W01,LIT-01,litho,etch_pit,0.0582,-20.88,41.01,2024-02-19T04:21:36
D-0001815,W2402-0292,W2402-0292-W10,LIT-01,litho,void,0.0223,32.11,12.88,2024-02-19T01:28:36
D-0001816,W2402-0292,W2402-0292-W13,LIT-01,litho,particle,0.0139,-50.2,-12.01,2024-02-19T02:24:36
D-0001817,W2402-0292,W2402-0292-W15,LIT-01,litho,etch_pit,0.0397,117.32,-124.27,2024-02-19T02:46:36
D-0001818,W2402-0292,W2402-0292-W05,LIT-01,litho,void,0.0175,-82.64,48.84,2024-02-19T01:42:36
D-0001819,W2402-0293,W2402-0293-W19,DIFF-01,diffusion,etch_pit,0.0147,-42.4,40.24,2024-02-19T07:52:51
D-0001820,W2402-0293,W2402-0293-W09,DIFF-01,diffusion,scratch,0.0678,34.56,-101.1,2024-02-19T08:17:51
D-0001821,W2402-0293,W2402-0293-W13,DIFF-01,diffusion,scratch,0.0341,81.61,-0.33,2024-02-19T06:27:51
D-0001822,W2402-0293,W2402-0293-W11,DIFF-01,diffusion,etch_pit,0.0749,9.39,52.24,2024-02-19T06:42:51
D-0001823,W2402-0293,W2402-0293-W24,DIFF-01,diffusion,particle,0.03,-85.65,3.66,2024-02-19T08:57:51
D-0001824,W2402-0293,W2402-0293-W02,DIFF-01,diffusion,scratch,0.0463,-111.45,-116.04,2024-02-19T07:05:51
D-0001825,W2402-0294,W2402-0294-W08,DEP-02,deposition,etch_pit,0.2875,-116.81,10.3,2024-02-19T11:00:29
D-0001826,W2402-0294,W2402-0294-W15,DEP-02,deposition,particle,0.4383,127.59,-34.52,2024-02-19T11:47:29
D-0001827,W2402-0294,W2402-0294-W19,DEP-02,deposition,bridge,0.184,-66.29,-39.06,2024-02-19T09:55:29
D-0001828,W2402-0294,W2402-0294-W08,DEP-02,deposition,patterning_defect,0.2375,46.83,35.93,2024-02-19T11:06:29
D-0001829,W2402-0294,W2402-0294-W22,DEP-02,deposition,scratch,0.2769,128.41,103.8,2024-02-19T11:02:29
D-0001830,W2402-0294,W2402-0294-W21,DEP-02,deposition,scratch,0.3988,7.56,-81.54,2024-02-19T10:51:29
D-0001831,W2402-0294,W2402-0294-W01,DEP-02,deposition,etch_pit,0.2178,-19.35,-94.22,2024-02-19T12:36:29
D-0001832,W2402-0294,W2402-0294-W20,DEP-02,deposition,void,0.2995,-119.44,-60.94,2024-02-19T10:20:29
D-0001833,W2402-0294,W2402-0294-W20,DEP-02,deposition,particle,0.2154,-58.99,-27.63,2024-02-19T11:58:29
D-0001834,W2402-0294,W2402-0294-W25,DEP-02,deposition,particle,0.2122,54.98,26.92,2024-02-19T11:23:29
D-0001835,W2402-0294,W2402-0294-W13,DEP-02,deposition,void,0.3082,146.17,-147.52,2024-02-19T10:36:29
D-0001836,W2402-0294,W2402-0294-W05,DEP-02,deposition,bridge,0.3829,140.41,-112.91,2024-02-19T10:39:29
D-0001837,W2402-0294,W2402-0294-W19,DEP-02,deposition,particle,0.1922,9.43,130.41,2024-02-19T11:11:29
D-0001838,W2402-0294,W2402-0294-W01,DEP-02,deposition,particle,0.1922,-120.62,25.34,2024-02-19T10:07:29
D-0001839,W2402-0294,W2402-0294-W19,DEP-02,deposition,particle,0.2458,-37.65,-81.74,2024-02-19T12:14:29
D-0001840,W2402-0294,W2402-0294-W16,DEP-02,deposition,particle,0.1967,-131.68,-142.54,2024-02-19T12:41:29
D-0001841,W2402-0294,W2402-0294-W19,DEP-02,deposition,void,0.2962,-36.72,-94.11,2024-02-19T11:07:29
D-0001842,W2402-0295,W2402-0295-W23,ETCH-02,etch,etch_pit,0.0325,-2.32,4.21,2024-02-19T15:18:56
D-0001843,W2402-0295,W2402-0295-W12,ETCH-02,etch,patterning_defect,0.0347,67.67,23.65,2024-02-19T16:23:56
D-0001844,W2402-0295,W2402-0295-W05,ETCH-02,etch,scratch,0.0329,83.33,67.63,2024-02-19T14:39:56
D-0001845,W2402-0295,W2402-0295-W05,ETCH-02,etch,etch_pit,0.0166,-34.25,38.0,2024-02-19T15:43:56
D-0001846,W2402-0295,W2402-0295-W18,ETCH-02,etch,etch_pit,0.0328,-36.7,-17.55,2024-02-19T14:57:56
D-0001847,W2402-0295,W2402-0295-W08,ETCH-02,etch,void,0.0726,-113.76,-60.88,2024-02-19T16:57:56
D-0001848,W2402-0295,W2402-0295-W12,ETCH-02,etch,scratch,0.0591,122.91,125.16,2024-02-19T16:35:56
D-0001849,W2402-0296,W2402-0296-W16,LIT-01,litho,void,0.0437,-21.45,-131.59,2024-02-19T18:29:40
D-0001850,W2402-0296,W2402-0296-W22,LIT-01,litho,void,0.0817,-24.41,-111.74,2024-02-19T21:04:40
D-0001851,W2402-0296,W2402-0296-W19,LIT-01,litho,scratch,0.0169,59.69,-53.3,2024-02-19T20:04:40
D-0001852,W2402-0296,W2402-0296-W02,LIT-01,litho,void,0.0159,65.97,-131.16,2024-02-19T18:17:40
D-0001853,W2402-0296,W2402-0296-W08,LIT-01,litho,particle,0.0191,-6.42,14.03,2024-02-19T19:37:40
D-0001854,W2402-0296,W2402-0296-W01,LIT-01,litho,void,0.0761,39.52,-88.06,2024-02-19T18:46:40
D-0001855,W2402-0296,W2402-0296-W05,LIT-01,litho,scratch,0.0647,-112.31,-42.99,2024-02-19T18:23:40
D-0001856,W2402-0297,W2402-0297-W05,DEP-02,deposition,void,0.0609,65.7,43.84,2024-02-19T23:24:50
D-0001857,W2402-0297,W2402-0297-W14,DEP-02,deposition,scratch,0.0498,-124.23,103.05,2024-02-20T00:25:50
D-0001858,W2402-0297,W2402-0297-W10,DEP-02,deposition,scratch,0.0132,130.81,-76.04,2024-02-19T23:16:50
D-0001859,W2402-0297,W2402-0297-W25,DEP-02,deposition,patterning_defect,0.0556,11.29,121.54,2024-02-19T22:28:50
D-0001860,W2402-0298,W2402-0298-W23,DEP-01,deposition,bridge,0.0266,-71.62,-46.32,2024-02-20T04:16:53
D-0001861,W2402-0298,W2402-0298-W21,DEP-01,deposition,void,0.0404,33.56,-111.21,2024-02-20T03:30:53
D-0001862,W2402-0298,W2402-0298-W25,DEP-01,deposition,patterning_defect,0.0671,-118.22,47.42,2024-02-20T02:19:53
D-0001863,W2402-0298,W2402-0298-W22,DEP-01,deposition,void,0.0374,-127.67,144.66,2024-02-20T02:21:53
D-0001864,W2402-0298,W2402-0298-W17,DEP-01,deposition,particle,0.0175,83.13,49.86,2024-02-20T01:35:53
D-0001865,W2402-0299,W2402-0299-W12,IMP-02,implant,scratch,0.0442,-61.73,-20.54,2024-02-20T08:31:38
D-0001866,W2402-0299,W2402-0299-W08,IMP-02,implant,etch_pit,0.0395,91.03,-3.62,2024-02-20T06:19:38
D-0001867,W2402-0299,W2402-0299-W11,IMP-02,implant,patterning_defect,0.0276,91.72,-74.83,2024-02-20T06:41:38
D-0001868,W2402-0299,W2402-0299-W22,IMP-02,implant,void,0.0844,-34.0,-9.16,2024-02-20T06:53:38
D-0001869,W2402-0299,W2402-0299-W09,IMP-02,implant,void,0.0509,26.43,-101.4,2024-02-20T06:19:38
D-0001870,W2402-0299,W2402-0299-W19,IMP-02,implant,scratch,0.0394,-113.15,-57.57,2024-02-20T07:48:38
D-0001871,W2402-0299,W2402-0299-W05,IMP-02,implant,scratch,0.0867,23.42,140.27,2024-02-20T06:55:38
D-0001872,W2402-0300,W2402-0300-W13,ETCH-03,etch,scratch,0.2701,-116.26,94.89,2024-02-20T09:25:42
D-0001873,W2402-0300,W2402-0300-W14,ETCH-03,etch,bridge,0.3827,111.99,62.87,2024-02-20T09:57:42
D-0001874,W2402-0300,W2402-0300-W20,ETCH-03,etch,etch_pit,0.3797,60.24,33.94,2024-02-20T11:41:42
D-0001875,W2402-0300,W2402-0300-W25,ETCH-03,etch,particle,0.3649,-68.75,-107.73,2024-02-20T09:45:42
D-0001876,W2402-0300,W2402-0300-W19,ETCH-03,etch,particle,0.298,84.21,-38.37,2024-02-20T09:13:42
D-0001877,W2402-0300,W2402-0300-W06,ETCH-03,etch,particle,0.2329,117.11,-11.48,2024-02-20T12:08:42
D-0001878,W2402-0300,W2402-0300-W23,ETCH-03,etch,void,0.3687,-63.51,-46.22,2024-02-20T11:18:42
D-0001879,W2402-0300,W2402-0300-W24,ETCH-03,etch,scratch,0.4117,-108.19,-114.37,2024-02-20T11:25:42
D-0001880,W2402-0300,W2402-0300-W10,ETCH-03,etch,void,0.194,-141.78,-80.41,2024-02-20T11:48:42
D-0001881,W2402-0300,W2402-0300-W17,ETCH-03,etch,particle,0.259,16.54,101.58,2024-02-20T09:48:42
D-0001882,W2402-0300,W2402-0300-W25,ETCH-03,etch,particle,0.3001,68.88,-102.49,2024-02-20T09:26:42
D-0001883,W2402-0300,W2402-0300-W19,ETCH-03,etch,void,0.2528,-129.92,125.91,2024-02-20T11:16:42
D-0001884,W2402-0300,W2402-0300-W13,ETCH-03,etch,bridge,0.3002,-31.16,-27.72,2024-02-20T10:08:42
D-0001885,W2402-0300,W2402-0300-W22,ETCH-03,etch,particle,0.413,142.9,6.03,2024-02-20T10:03:42
D-0001886,W2402-0300,W2402-0300-W01,ETCH-03,etch,particle,0.4469,114.22,96.98,2024-02-20T09:18:42
D-0001887,W2402-0300,W2402-0300-W02,ETCH-03,etch,etch_pit,0.3744,5.36,1.01,2024-02-20T10:20:42
D-0001888,W2402-0300,W2402-0300-W05,ETCH-03,etch,particle,0.2483,138.48,12.85,2024-02-20T10:04:42
D-0001889,W2402-0301,W2402-0301-W14,ETCH-01,etch,etch_pit,0.0641,-35.45,133.2,2024-02-20T14:57:54
D-0001890,W2402-0301,W2402-0301-W06,ETCH-01,etch,patterning_defect,0.0653,31.37,-0.37,2024-02-20T15:56:54
D-0001891,W2402-0301,W2402-0301-W21,ETCH-01,etch,particle,0.0265,-146.4,-49.0,2024-02-20T15:40:54
D-0001892,W2402-0301,W2402-0301-W09,ETCH-01,etch,bridge,0.0329,-19.41,123.96,2024-02-20T13:21:54
D-0001893,W2402-0301,W2402-0301-W01,ETCH-01,etch,bridge,0.0396,-24.05,20.34,2024-02-20T13:00:54
D-0001894,W2402-0302,W2402-0302-W07,DEP-02,deposition,particle,0.0597,78.55,-121.11,2024-02-20T19:38:03
D-0001895,W2402-0302,W2402-0302-W07,DEP-02,deposition,void,0.076,139.8,111.64,2024-02-20T17:33:03
D-0001896,W2402-0302,W2402-0302-W04,DEP-02,deposition,etch_pit,0.0333,-116.3,-46.2,2024-02-20T19:29:03
D-0001897,W2402-0302,W2402-0302-W23,DEP-02,deposition,bridge,0.0667,-131.12,112.58,2024-02-20T18:09:03
D-0001898,W2402-0303,W2402-0303-W24,DEP-03,deposition,void,0.0611,68.02,-138.35,2024-02-20T22:07:10
D-0001899,W2402-0303,W2402-0303-W21,DEP-03,deposition,particle,0.0325,-67.96,-129.97,2024-02-20T22:45:10
D-0001900,W2402-0303,W2402-0303-W13,DEP-03,deposition,etch_pit,0.0372,55.76,99.42,2024-02-20T21:50:10
D-0001901,W2402-0303,W2402-0303-W17,DEP-03,deposition,bridge,0.0182,4.49,-84.26,2024-02-20T22:21:10
D-0001902,W2402-0303,W2402-0303-W15,DEP-03,deposition,scratch,0.0505,-90.27,37.09,2024-02-20T21:05:10
D-0001903,W2402-0303,W2402-0303-W04,DEP-03,deposition,patterning_defect,0.0513,-54.31,-65.01,2024-02-20T21:30:10
D-0001904,W2402-0303,W2402-0303-W16,DEP-03,deposition,etch_pit,0.0461,-70.85,-121.82,2024-02-20T23:37:10
D-0001905,W2402-0303,W2402-0303-W02,DEP-03,deposition,scratch,0.047,122.75,-118.39,2024-02-20T23:37:10
D-0001906,W2402-0304,W2402-0304-W23,CMP-02,cmp,bridge,0.0663,-4.85,-118.36,2024-02-21T00:58:54
D-0001907,W2402-0304,W2402-0304-W04,CMP-02,cmp,void,0.0842,-22.56,89.05,2024-02-21T02:23:54
D-0001908,W2402-0304,W2402-0304-W04,CMP-02,cmp,particle,0.0557,97.33,-34.16,2024-02-21T02:06:54
D-0001909,W2402-0304,W2402-0304-W19,CMP-02,cmp,etch_pit,0.0517,48.87,-101.37,2024-02-21T00:51:54
D-0001910,W2402-0304,W2402-0304-W16,CMP-02,cmp,etch_pit,0.0676,108.72,-49.81,2024-02-21T02:52:54
D-0001911,W2402-0304,W2402-0304-W07,CMP-02,cmp,void,0.0304,42.8,-129.04,2024-02-21T02:04:54
D-0001912,W2402-0304,W2402-0304-W14,CMP-02,cmp,scratch,0.0664,13.54,-75.42,2024-02-21T01:36:54
D-0001913,W2402-0304,W2402-0304-W08,CMP-02,cmp,bridge,0.0575,77.8,-100.4,2024-02-21T01:15:54
D-0001914,W2402-0305,W2402-0305-W13,IMP-01,implant,bridge,0.0175,120.82,59.72,2024-02-21T06:24:10
D-0001915,W2402-0305,W2402-0305-W18,IMP-01,implant,particle,0.0645,11.75,-69.23,2024-02-21T06:47:10
D-0001916,W2402-0305,W2402-0305-W14,IMP-01,implant,void,0.0584,-87.01,93.81,2024-02-21T08:17:10
D-0001917,W2402-0305,W2402-0305-W07,IMP-01,implant,particle,0.0731,-47.39,-102.04,2024-02-21T06:57:10
D-0001918,W2402-0305,W2402-0305-W06,IMP-01,implant,void,0.0407,27.57,92.71,2024-02-21T05:55:10
D-0001919,W2402-0305,W2402-0305-W09,IMP-01,implant,scratch,0.061,92.68,62.62,2024-02-21T05:41:10
D-0001920,W2402-0305,W2402-0305-W11,IMP-01,implant,particle,0.0514,132.13,-21.91,2024-02-21T06:00:10
D-0001921,W2402-0306,W2402-0306-W18,ETCH-02,etch,void,0.0252,123.75,10.48,2024-02-21T11:30:02
D-0001922,W2402-0306,W2402-0306-W16,ETCH-02,etch,particle,0.0678,-146.62,-12.91,2024-02-21T10:03:02
D-0001923,W2402-0306,W2402-0306-W18,ETCH-02,etch,etch_pit,0.0776,134.14,87.42,2024-02-21T11:06:02
D-0001924,W2402-0306,W2402-0306-W15,ETCH-02,etch,patterning_defect,0.086,-114.45,112.89,2024-02-21T11:14:02
D-0001925,W2402-0307,W2402-0307-W05,DIFF-01,diffusion,scratch,0.0655,-5.74,1.18,2024-02-21T14:39:59
D-0001926,W2402-0307,W2402-0307-W07,DIFF-01,diffusion,particle,0.0582,-146.43,121.41,2024-02-21T13:37:59
D-0001927,W2402-0307,W2402-0307-W03,DIFF-01,diffusion,particle,0.0213,106.55,-107.04,2024-02-21T14:15:59
D-0001928,W2402-0307,W2402-0307-W22,DIFF-01,diffusion,scratch,0.0273,52.99,-133.55,2024-02-21T16:09:59
D-0001929,W2402-0307,W2402-0307-W22,DIFF-01,diffusion,void,0.0757,48.34,144.67,2024-02-21T13:24:59
D-0001930,W2402-0307,W2402-0307-W25,DIFF-01,diffusion,bridge,0.0842,63.12,-21.7,2024-02-21T13:30:59
D-0001931,W2402-0308,W2402-0308-W19,DIFF-02,diffusion,bridge,0.0187,-40.3,32.75,2024-02-21T18:52:23
D-0001932,W2402-0308,W2402-0308-W25,DIFF-02,diffusion,void,0.0716,-27.8,-136.87,2024-02-21T19:59:23
D-0001933,W2402-0308,W2402-0308-W24,DIFF-02,diffusion,bridge,0.0519,-79.11,-63.3,2024-02-21T18:31:23
D-0001934,W2402-0308,W2402-0308-W01,DIFF-02,diffusion,particle,0.0671,-103.6,129.98,2024-02-21T18:35:23
D-0001935,W2402-0308,W2402-0308-W05,DIFF-02,diffusion,patterning_defect,0.0404,63.37,-90.51,2024-02-21T19:20:23
D-0001936,W2402-0308,W2402-0308-W20,DIFF-02,diffusion,scratch,0.0656,-111.1,-122.7,2024-02-21T17:42:23
D-0001937,W2402-0308,W2402-0308-W25,DIFF-02,diffusion,scratch,0.0887,60.62,-12.32,2024-02-21T18:55:23
D-0001938,W2402-0308,W2402-0308-W23,DIFF-02,diffusion,scratch,0.0637,-23.44,78.15,2024-02-21T18:48:23
D-0001939,W2402-0309,W2402-0309-W21,DIFF-01,diffusion,bridge,0.0166,132.52,-137.93,2024-02-22T00:42:06
D-0001940,W2402-0309,W2402-0309-W04,DIFF-01,diffusion,particle,0.0418,97.98,-103.89,2024-02-21T21:45:06
D-0001941,W2402-0309,W2402-0309-W01,DIFF-01,diffusion,void,0.0208,-45.1,21.4,2024-02-21T22:36:06
D-0001942,W2402-0309,W2402-0309-W22,DIFF-01,diffusion,scratch,0.0475,-48.79,-13.2,2024-02-22T00:05:06
D-0001943,W2402-0309,W2402-0309-W07,DIFF-01,diffusion,scratch,0.0331,0.12,-87.31,2024-02-21T23:48:06
D-0001944,W2402-0309,W2402-0309-W03,DIFF-01,diffusion,bridge,0.0186,21.0,-8.35,2024-02-21T22:06:06
D-0001945,W2402-0309,W2402-0309-W09,DIFF-01,diffusion,void,0.0876,62.84,126.39,2024-02-22T00:25:06
D-0001946,W2402-0310,W2402-0310-W10,LIT-03,litho,bridge,0.0292,-102.58,112.23,2024-02-22T02:27:22
D-0001947,W2402-0310,W2402-0310-W16,LIT-03,litho,bridge,0.0754,-27.51,-40.27,2024-02-22T05:23:22
D-0001948,W2402-0310,W2402-0310-W17,LIT-03,litho,particle,0.0414,-49.74,106.78,2024-02-22T04:35:22
D-0001949,W2402-0310,W2402-0310-W06,LIT-03,litho,patterning_defect,0.0498,-110.7,-148.22,2024-02-22T05:31:22
D-0001950,W2402-0310,W2402-0310-W02,LIT-03,litho,bridge,0.0688,47.03,-142.8,2024-02-22T03:44:22
D-0001951,W2402-0310,W2402-0310-W22,LIT-03,litho,particle,0.0343,73.39,86.39,2024-02-22T03:25:22
D-0001952,W2402-0310,W2402-0310-W03,LIT-03,litho,bridge,0.0548,-48.3,-86.88,2024-02-22T02:40:22
D-0001953,W2402-0311,W2402-0311-W04,CMP-01,cmp,void,0.0621,68.43,112.97,2024-02-22T08:59:06
D-0001954,W2402-0311,W2402-0311-W24,CMP-01,cmp,scratch,0.0288,118.78,102.81,2024-02-22T06:56:06
D-0001955,W2402-0311,W2402-0311-W13,CMP-01,cmp,bridge,0.071,118.24,92.92,2024-02-22T06:23:06
D-0001956,W2402-0311,W2402-0311-W02,CMP-01,cmp,particle,0.013,-133.38,95.59,2024-02-22T08:31:06
D-0001957,W2402-0311,W2402-0311-W08,CMP-01,cmp,particle,0.0455,-115.04,-147.94,2024-02-22T07:20:06
D-0001958,W2402-0311,W2402-0311-W18,CMP-01,cmp,patterning_defect,0.0239,42.82,133.61,2024-02-22T07:26:06
D-0001959,W2402-0311,W2402-0311-W23,CMP-01,cmp,patterning_defect,0.0152,13.04,132.11,2024-02-22T09:14:06
D-0001960,W2402-0312,W2402-0312-W20,IMP-02,implant,bridge,0.0597,-80.43,126.19,2024-02-22T13:04:56
D-0001961,W2402-0312,W2402-0312-W08,IMP-02,implant,bridge,0.0434,-122.62,80.55,2024-02-22T11:44:56
D-0001962,W2402-0312,W2402-0312-W06,IMP-02,implant,void,0.0614,3.53,92.61,2024-02-22T10:39:56
D-0001963,W2402-0312,W2402-0312-W05,IMP-02,implant,bridge,0.0443,-129.1,105.21,2024-02-22T13:18:56
D-0001964,W2402-0312,W2402-0312-W19,IMP-02,implant,scratch,0.0467,58.83,-72.58,2024-02-22T12:01:56
D-0001965,W2402-0313,W2402-0313-W12,LIT-02,litho,patterning_defect,0.0276,147.07,108.22,2024-02-22T14:10:01
D-0001966,W2402-0313,W2402-0313-W02,LIT-02,litho,patterning_defect,0.0645,133.17,51.95,2024-02-22T16:57:01
D-0001967,W2402-0313,W2402-0313-W08,LIT-02,litho,particle,0.059,-0.84,-88.56,2024-02-22T15:42:01
D-0001968,W2402-0313,W2402-0313-W20,LIT-02,litho,void,0.0883,-120.79,25.19,2024-02-22T14:19:01
D-0001969,W2402-0314,W2402-0314-W05,LIT-02,litho,bridge,0.0585,-7.64,-27.36,2024-02-22T19:21:29
D-0001970,W2402-0314,W2402-0314-W21,LIT-02,litho,particle,0.0683,-28.15,-4.23,2024-02-22T19:52:29
D-0001971,W2402-0314,W2402-0314-W23,LIT-02,litho,etch_pit,0.0507,-6.34,110.18,2024-02-22T18:22:29
D-0001972,W2402-0314,W2402-0314-W22,LIT-02,litho,void,0.0748,-84.41,127.2,2024-02-22T19:40:29
D-0001973,W2402-0314,W2402-0314-W18,LIT-02,litho,void,0.0632,-42.45,-122.84,2024-02-22T20:37:29
D-0001974,W2402-0314,W2402-0314-W13,LIT-02,litho,etch_pit,0.0726,-100.88,126.45,2024-02-22T18:34:29
D-0001975,W2402-0315,W2402-0315-W06,DEP-02,deposition,particle,0.2967,-16.73,98.58,2024-02-23T00:17:26
D-0001976,W2402-0315,W2402-0315-W01,DEP-02,deposition,scratch,0.3657,-15.63,-30.67,2024-02-22T23:47:26
D-0001977,W2402-0315,W2402-0315-W11,DEP-02,deposition,particle,0.3286,41.97,52.44,2024-02-23T01:08:26
D-0001978,W2402-0315,W2402-0315-W18,DEP-02,deposition,patterning_defect,0.1802,-62.15,24.95,2024-02-23T01:32:26
D-0001979,W2402-0315,W2402-0315-W11,DEP-02,deposition,scratch,0.2087,-52.61,36.5,2024-02-23T00:08:26
D-0001980,W2402-0315,W2402-0315-W15,DEP-02,deposition,particle,0.2671,30.77,-1.19,2024-02-22T23:21:26
D-0001981,W2402-0315,W2402-0315-W01,DEP-02,deposition,scratch,0.2307,17.0,136.96,2024-02-23T00:22:26
D-0001982,W2402-0315,W2402-0315-W01,DEP-02,deposition,particle,0.4296,124.7,131.47,2024-02-22T23:20:26
D-0001983,W2402-0315,W2402-0315-W04,DEP-02,deposition,bridge,0.2095,133.27,-33.52,2024-02-23T00:09:26
D-0001984,W2402-0315,W2402-0315-W18,DEP-02,deposition,scratch,0.3343,135.11,-107.56,2024-02-22T23:36:26
D-0001985,W2402-0315,W2402-0315-W13,DEP-02,deposition,particle,0.2051,9.8,-125.08,2024-02-22T22:35:26
D-0001986,W2402-0315,W2402-0315-W10,DEP-02,deposition,scratch,0.1906,111.17,-41.4,2024-02-22T22:17:26
D-0001987,W2402-0315,W2402-0315-W01,DEP-02,deposition,void,0.2296,-68.61,60.79,2024-02-22T22:52:26
D-0001988,W2402-0315,W2402-0315-W17,DEP-02,deposition,etch_pit,0.3315,115.92,-44.82,2024-02-23T00:04:26
D-0001989,W2402-0315,W2402-0315-W02,DEP-02,deposition,void,0.3535,81.63,26.72,2024-02-22T22:10:26
D-0001990,W2402-0315,W2402-0315-W04,DEP-02,deposition,particle,0.4168,-47.71,-145.07,2024-02-23T00:50:26
D-0001991,W2402-0315,W2402-0315-W17,DEP-02,deposition,particle,0.3489,-1.96,-98.07,2024-02-23T01:19:26
D-0001992,W2402-0315,W2402-0315-W01,DEP-02,deposition,particle,0.3536,-46.3,147.65,2024-02-22T22:47:26
D-0001993,W2402-0315,W2402-0315-W08,DEP-02,deposition,etch_pit,0.2902,-86.18,-113.52,2024-02-23T00:29:26
D-0001994,W2402-0315,W2402-0315-W01,DEP-02,deposition,particle,0.4193,-144.94,134.76,2024-02-23T00:49:26
D-0001995,W2402-0315,W2402-0315-W07,DEP-02,deposition,particle,0.2167,-71.02,-97.52,2024-02-22T23:44:26
D-0001996,W2402-0316,W2402-0316-W05,IMP-02,implant,scratch,0.0744,-14.53,-77.71,2024-02-23T05:38:08
D-0001997,W2402-0316,W2402-0316-W24,IMP-02,implant,bridge,0.0895,58.79,-51.66,2024-02-23T05:36:08
D-0001998,W2402-0316,W2402-0316-W23,IMP-02,implant,particle,0.0614,-66.43,-32.47,2024-02-23T05:05:08
D-0001999,W2402-0316,W2402-0316-W20,IMP-02,implant,void,0.0426,82.54,-1.18,2024-02-23T02:28:08
D-0002000,W2402-0316,W2402-0316-W24,IMP-02,implant,void,0.0823,86.12,-41.16,2024-02-23T03:33:08
D-0002001,W2402-0316,W2402-0316-W09,IMP-02,implant,patterning_defect,0.0275,-50.57,-129.46,2024-02-23T03:53:08
D-0002002,W2402-0316,W2402-0316-W21,IMP-02,implant,void,0.0539,10.86,96.17,2024-02-23T03:46:08
D-0002003,W2402-0317,W2402-0317-W07,DIFF-01,diffusion,bridge,0.0798,1.99,85.39,2024-02-23T09:08:43
D-0002004,W2402-0317,W2402-0317-W24,DIFF-01,diffusion,etch_pit,0.0629,127.2,46.16,2024-02-23T08:34:43
D-0002005,W2402-0317,W2402-0317-W21,DIFF-01,diffusion,scratch,0.0433,-1.63,-19.62,2024-02-23T08:25:43
D-0002006,W2402-0317,W2402-0317-W10,DIFF-01,diffusion,void,0.0292,-140.27,48.57,2024-02-23T08:42:43
D-0002007,W2402-0317,W2402-0317-W16,DIFF-01,diffusion,void,0.0477,126.44,119.53,2024-02-23T07:59:43
D-0002008,W2402-0317,W2402-0317-W08,DIFF-01,diffusion,scratch,0.0807,-27.26,90.65,2024-02-23T09:08:43
D-0002009,W2402-0317,W2402-0317-W07,DIFF-01,diffusion,bridge,0.0619,-59.37,110.64,2024-02-23T09:51:43
D-0002010,W2402-0317,W2402-0317-W14,DIFF-01,diffusion,patterning_defect,0.0652,109.22,-139.56,2024-02-23T06:51:43
D-0002011,W2402-0318,W2402-0318-W11,DIFF-02,diffusion,etch_pit,0.0389,65.78,28.57,2024-02-23T12:59:29
D-0002012,W2402-0318,W2402-0318-W09,DIFF-02,diffusion,void,0.0232,96.17,-133.76,2024-02-23T11:33:29
D-0002013,W2402-0318,W2402-0318-W09,DIFF-02,diffusion,scratch,0.0889,30.85,-90.55,2024-02-23T10:54:29
D-0002014,W2402-0318,W2402-0318-W23,DIFF-02,diffusion,void,0.0282,71.01,121.28,2024-02-23T13:14:29
D-0002015,W2402-0318,W2402-0318-W11,DIFF-02,diffusion,scratch,0.0731,-46.08,38.41,2024-02-23T13:38:29
D-0002016,W2402-0318,W2402-0318-W01,DIFF-02,diffusion,scratch,0.084,-130.1,-107.96,2024-02-23T13:06:29
D-0002017,W2402-0319,W2402-0319-W04,DEP-01,deposition,void,0.0641,56.36,40.54,2024-02-23T15:57:08
D-0002018,W2402-0319,W2402-0319-W11,DEP-01,deposition,particle,0.0248,18.57,-56.13,2024-02-23T16:08:08
D-0002019,W2402-0319,W2402-0319-W08,DEP-01,deposition,etch_pit,0.0211,-10.73,-70.08,2024-02-23T17:36:08
D-0002020,W2402-0319,W2402-0319-W22,DEP-01,deposition,bridge,0.0286,-82.31,-2.54,2024-02-23T17:55:08
D-0002021,W2402-0319,W2402-0319-W11,DEP-01,deposition,scratch,0.0738,67.02,-119.03,2024-02-23T15:17:08
D-0002022,W2402-0319,W2402-0319-W08,DEP-01,deposition,bridge,0.0561,-67.12,109.94,2024-02-23T16:23:08
D-0002023,W2402-0320,W2402-0320-W06,ETCH-01,etch,etch_pit,0.0754,-104.6,-19.63,2024-02-23T21:40:01
D-0002024,W2402-0320,W2402-0320-W13,ETCH-01,etch,patterning_defect,0.0745,-46.5,57.19,2024-02-23T21:02:01
D-0002025,W2402-0320,W2402-0320-W12,ETCH-01,etch,void,0.0523,16.09,52.72,2024-02-23T20:17:01
D-0002026,W2402-0320,W2402-0320-W10,ETCH-01,etch,scratch,0.0164,39.31,-20.45,2024-02-23T18:58:01
D-0002027,W2402-0320,W2402-0320-W20,ETCH-01,etch,etch_pit,0.0601,25.21,-52.39,2024-02-23T19:08:01
D-0002028,W2402-0320,W2402-0320-W16,ETCH-01,etch,bridge,0.0839,-46.48,-42.47,2024-02-23T22:01:01
D-0002029,W2402-0321,W2402-0321-W23,DIFF-01,diffusion,void,0.0125,78.93,-108.56,2024-02-23T23:40:40
D-0002030,W2402-0321,W2402-0321-W18,DIFF-01,diffusion,etch_pit,0.0433,-89.46,-17.21,2024-02-24T00:31:40
D-0002031,W2402-0321,W2402-0321-W04,DIFF-01,diffusion,patterning_defect,0.0212,-123.11,-54.4,2024-02-24T00:54:40
D-0002032,W2402-0321,W2402-0321-W12,DIFF-01,diffusion,patterning_defect,0.0675,78.22,73.65,2024-02-24T02:07:40
D-0002033,W2402-0321,W2402-0321-W14,DIFF-01,diffusion,scratch,0.0181,75.47,-140.43,2024-02-23T23:58:40
D-0002034,W2402-0322,W2402-0322-W04,ETCH-03,etch,scratch,0.3916,-17.26,-101.38,2024-02-24T05:06:42
D-0002035,W2402-0322,W2402-0322-W20,ETCH-03,etch,etch_pit,0.2945,-79.26,30.85,2024-02-24T04:26:42
D-0002036,W2402-0322,W2402-0322-W08,ETCH-03,etch,particle,0.4079,126.04,29.12,2024-02-24T02:54:42
D-0002037,W2402-0322,W2402-0322-W14,ETCH-03,etch,void,0.4341,-56.39,-139.32,2024-02-24T04:00:42
D-0002038,W2402-0322,W2402-0322-W24,ETCH-03,etch,void,0.3393,-106.43,95.62,2024-02-24T05:29:42
D-0002039,W2402-0322,W2402-0322-W23,ETCH-03,etch,void,0.299,52.66,-119.21,2024-02-24T03:20:42
D-0002040,W2402-0322,W2402-0322-W25,ETCH-03,etch,particle,0.391,97.68,9.24,2024-02-24T04:58:42
D-0002041,W2402-0322,W2402-0322-W17,ETCH-03,etch,patterning_defect,0.2633,-46.44,129.86,2024-02-24T05:24:42
D-0002042,W2402-0322,W2402-0322-W10,ETCH-03,etch,void,0.1954,-38.95,94.14,2024-02-24T04:18:42
D-0002043,W2402-0322,W2402-0322-W10,ETCH-03,etch,particle,0.4119,-105.86,-96.64,2024-02-24T05:40:42
D-0002044,W2402-0322,W2402-0322-W08,ETCH-03,etch,particle,0.2489,-8.53,79.6,2024-02-24T04:29:42
D-0002045,W2402-0322,W2402-0322-W13,ETCH-03,etch,particle,0.3437,-129.95,65.06,2024-02-24T03:50:42
D-0002046,W2402-0322,W2402-0322-W19,ETCH-03,etch,particle,0.257,-71.89,117.8,2024-02-24T04:49:42
D-0002047,W2402-0322,W2402-0322-W23,ETCH-03,etch,particle,0.2608,-19.11,34.28,2024-02-24T03:33:42
D-0002048,W2402-0322,W2402-0322-W03,ETCH-03,etch,etch_pit,0.3651,106.01,49.01,2024-02-24T05:05:42
D-0002049,W2402-0322,W2402-0322-W16,ETCH-03,etch,particle,0.3631,-117.05,-144.29,2024-02-24T03:13:42
D-0002050,W2402-0322,W2402-0322-W22,ETCH-03,etch,scratch,0.4362,129.97,31.28,2024-02-24T04:15:42
D-0002051,W2402-0322,W2402-0322-W11,ETCH-03,etch,bridge,0.4256,-85.34,-100.81,2024-02-24T03:04:42
D-0002052,W2402-0322,W2402-0322-W14,ETCH-03,etch,particle,0.3459,72.6,68.88,2024-02-24T04:41:42
D-0002053,W2402-0322,W2402-0322-W08,ETCH-03,etch,bridge,0.222,-119.81,14.88,2024-02-24T04:17:42
D-0002054,W2402-0323,W2402-0323-W03,ETCH-02,etch,etch_pit,0.0454,53.46,-19.33,2024-02-24T08:28:50
D-0002055,W2402-0323,W2402-0323-W04,ETCH-02,etch,etch_pit,0.0387,19.33,54.37,2024-02-24T08:29:50
D-0002056,W2402-0323,W2402-0323-W01,ETCH-02,etch,void,0.0334,104.43,71.66,2024-02-24T09:31:50
D-0002057,W2402-0323,W2402-0323-W03,ETCH-02,etch,void,0.0257,-73.22,-54.3,2024-02-24T06:27:50
D-0002058,W2402-0323,W2402-0323-W06,ETCH-02,etch,particle,0.0721,-36.57,91.46,2024-02-24T07:27:50
D-0002059,W2402-0323,W2402-0323-W18,ETCH-02,etch,void,0.059,115.34,72.94,2024-02-24T07:44:50
D-0002060,W2402-0323,W2402-0323-W21,ETCH-02,etch,scratch,0.0144,28.14,0.89,2024-02-24T08:20:50
D-0002061,W2402-0323,W2402-0323-W25,ETCH-02,etch,void,0.029,83.18,-67.88,2024-02-24T08:59:50
D-0002062,W2402-0324,W2402-0324-W09,DEP-01,deposition,void,0.0652,53.47,-60.32,2024-02-24T10:26:05
D-0002063,W2402-0324,W2402-0324-W18,DEP-01,deposition,etch_pit,0.0217,86.06,12.43,2024-02-24T10:33:05
D-0002064,W2402-0324,W2402-0324-W02,DEP-01,deposition,particle,0.0295,14.74,-109.62,2024-02-24T10:53:05
D-0002065,W2402-0324,W2402-0324-W03,DEP-01,deposition,particle,0.07,-119.16,-76.12,2024-02-24T11:45:05
D-0002066,W2402-0324,W2402-0324-W02,DEP-01,deposition,particle,0.0348,-104.63,-119.64,2024-02-24T12:26:05
D-0002067,W2402-0325,W2402-0325-W06,DIFF-02,diffusion,void,0.0289,-139.61,14.95,2024-02-24T15:06:39
D-0002068,W2402-0325,W2402-0325-W22,DIFF-02,diffusion,etch_pit,0.0805,51.29,6.85,2024-02-24T17:21:39
D-0002069,W2402-0325,W2402-0325-W25,DIFF-02,diffusion,bridge,0.0278,101.65,-78.21,2024-02-24T16:40:39
D-0002070,W2402-0325,W2402-0325-W22,DIFF-02,diffusion,bridge,0.0169,130.65,-6.29,2024-02-24T15:18:39
D-0002071,W2402-0325,W2402-0325-W24,DIFF-02,diffusion,void,0.011,74.23,27.57,2024-02-24T15:34:39
D-0002072,W2402-0325,W2402-0325-W21,DIFF-02,diffusion,void,0.0486,-135.24,-142.11,2024-02-24T14:49:39
D-0002073,W2402-0325,W2402-0325-W03,DIFF-02,diffusion,scratch,0.0674,83.6,139.02,2024-02-24T14:18:39
D-0002074,W2402-0325,W2402-0325-W15,DIFF-02,diffusion,particle,0.0293,18.07,110.67,2024-02-24T14:23:39
D-0002075,W2402-0326,W2402-0326-W20,DIFF-02,diffusion,scratch,0.0244,-12.28,8.67,2024-02-24T19:03:09
D-0002076,W2402-0326,W2402-0326-W25,DIFF-02,diffusion,particle,0.0725,75.54,36.42,2024-02-24T22:07:09
D-0002077,W2402-0326,W2402-0326-W21,DIFF-02,diffusion,scratch,0.0308,-40.72,31.44,2024-02-24T19:19:09
D-0002078,W2402-0326,W2402-0326-W20,DIFF-02,diffusion,void,0.0371,96.17,29.81,2024-02-24T20:39:09
D-0002079,W2402-0326,W2402-0326-W14,DIFF-02,diffusion,void,0.0289,-16.05,54.94,2024-02-24T19:12:09
D-0002080,W2402-0326,W2402-0326-W23,DIFF-02,diffusion,etch_pit,0.0501,-25.25,-106.87,2024-02-24T20:31:09
D-0002081,W2402-0326,W2402-0326-W08,DIFF-02,diffusion,bridge,0.0421,-108.93,-29.29,2024-02-24T20:20:09
D-0002082,W2402-0326,W2402-0326-W25,DIFF-02,diffusion,void,0.0275,-141.47,-40.69,2024-02-24T19:36:09
D-0002083,W2402-0327,W2402-0327-W04,ETCH-01,etch,scratch,0.0777,7.38,73.74,2024-02-25T02:28:25
D-0002084,W2402-0327,W2402-0327-W02,ETCH-01,etch,scratch,0.0212,55.84,127.43,2024-02-25T02:12:25
D-0002085,W2402-0327,W2402-0327-W10,ETCH-01,etch,bridge,0.0869,-59.03,85.66,2024-02-25T00:35:25
D-0002086,W2402-0327,W2402-0327-W06,ETCH-01,etch,void,0.0264,-83.91,-60.54,2024-02-25T01:52:25
D-0002087,W2402-0327,W2402-0327-W04,ETCH-01,etch,particle,0.0466,83.18,54.89,2024-02-24T23:42:25
D-0002088,W2402-0327,W2402-0327-W21,ETCH-01,etch,bridge,0.04,-60.93,-81.42,2024-02-25T01:31:25
D-0002089,W2402-0327,W2402-0327-W13,ETCH-01,etch,patterning_defect,0.069,-87.25,126.08,2024-02-25T00:05:25
D-0002090,W2402-0328,W2402-0328-W01,DIFF-02,diffusion,etch_pit,0.0411,-36.62,142.13,2024-02-25T04:55:45
D-0002091,W2402-0328,W2402-0328-W19,DIFF-02,diffusion,void,0.0486,-142.49,-36.53,2024-02-25T05:39:45
D-0002092,W2402-0328,W2402-0328-W25,DIFF-02,diffusion,patterning_defect,0.0102,-66.07,-83.47,2024-02-25T06:10:45
D-0002093,W2402-0328,W2402-0328-W20,DIFF-02,diffusion,patterning_defect,0.0282,68.22,56.65,2024-02-25T03:36:45
D-0002094,W2402-0328,W2402-0328-W25,DIFF-02,diffusion,scratch,0.088,73.55,-105.8,2024-02-25T06:16:45
D-0002095,W2402-0328,W2402-0328-W20,DIFF-02,diffusion,particle,0.0615,-5.2,-131.82,2024-02-25T04:40:45
D-0002096,W2402-0328,W2402-0328-W20,DIFF-02,diffusion,scratch,0.0152,121.54,-134.14,2024-02-25T06:26:45
D-0002097,W2402-0329,W2402-0329-W19,IMP-01,implant,particle,0.0535,-98.24,4.04,2024-02-25T08:13:03
D-0002098,W2402-0329,W2402-0329-W16,IMP-01,implant,particle,0.0254,-122.92,-114.96,2024-02-25T10:00:03
D-0002099,W2402-0329,W2402-0329-W19,IMP-01,implant,etch_pit,0.0857,45.3,103.7,2024-02-25T09:04:03
D-0002100,W2402-0329,W2402-0329-W11,IMP-01,implant,bridge,0.0521,68.27,100.28,2024-02-25T09:15:03
D-0002101,W2402-0329,W2402-0329-W21,IMP-01,implant,scratch,0.0561,117.53,24.33,2024-02-25T08:56:03
D-0002102,W2402-0330,W2402-0330-W20,LIT-02,litho,particle,0.0229,109.74,-117.28,2024-02-25T11:08:36
D-0002103,W2402-0330,W2402-0330-W04,LIT-02,litho,scratch,0.0783,86.58,145.38,2024-02-25T12:08:36
D-0002104,W2402-0330,W2402-0330-W17,LIT-02,litho,etch_pit,0.0542,10.29,-118.6,2024-02-25T10:39:36
D-0002105,W2402-0330,W2402-0330-W14,LIT-02,litho,particle,0.0269,89.64,105.54,2024-02-25T13:37:36
D-0002106,W2402-0330,W2402-0330-W11,LIT-02,litho,void,0.0295,146.96,-89.37,2024-02-25T11:01:36
D-0002107,W2402-0330,W2402-0330-W06,LIT-02,litho,bridge,0.0885,-39.78,-43.99,2024-02-25T14:06:36
D-0002108,W2402-0330,W2402-0330-W06,LIT-02,litho,etch_pit,0.0703,-118.2,28.81,2024-02-25T13:12:36
D-0002109,W2402-0330,W2402-0330-W14,LIT-02,litho,scratch,0.0831,2.12,-122.57,2024-02-25T11:31:36
D-0002110,W2402-0331,W2402-0331-W23,CMP-01,cmp,etch_pit,0.0619,115.34,-133.04,2024-02-25T16:33:54
D-0002111,W2402-0331,W2402-0331-W06,CMP-01,cmp,bridge,0.0191,-87.26,96.34,2024-02-25T16:25:54
D-0002112,W2402-0331,W2402-0331-W03,CMP-01,cmp,void,0.0495,-92.82,54.61,2024-02-25T15:01:54
D-0002113,W2402-0331,W2402-0331-W04,CMP-01,cmp,void,0.0742,56.93,-23.37,2024-02-25T14:48:54
D-0002114,W2402-0331,W2402-0331-W08,CMP-01,cmp,particle,0.0591,8.01,-69.21,2024-02-25T14:27:54
D-0002115,W2402-0331,W2402-0331-W25,CMP-01,cmp,etch_pit,0.0348,30.41,-132.23,2024-02-25T16:19:54
D-0002116,W2402-0331,W2402-0331-W22,CMP-01,cmp,scratch,0.0386,-60.84,4.73,2024-02-25T15:43:54
D-0002117,W2402-0331,W2402-0331-W17,CMP-01,cmp,scratch,0.0656,120.33,95.46,2024-02-25T15:18:54
D-0002118,W2402-0332,W2402-0332-W19,ETCH-01,etch,void,0.0765,-103.36,104.48,2024-02-25T21:53:19
D-0002119,W2402-0332,W2402-0332-W07,ETCH-01,etch,bridge,0.0223,122.41,82.6,2024-02-25T20:13:19
D-0002120,W2402-0332,W2402-0332-W04,ETCH-01,etch,void,0.0318,99.42,59.77,2024-02-25T19:33:19
D-0002121,W2402-0332,W2402-0332-W11,ETCH-01,etch,bridge,0.0803,38.55,102.23,2024-02-25T19:51:19
D-0002122,W2402-0332,W2402-0332-W16,ETCH-01,etch,etch_pit,0.0818,120.57,-117.32,2024-02-25T21:46:19
D-0002123,W2402-0332,W2402-0332-W06,ETCH-01,etch,etch_pit,0.0425,-137.88,58.47,2024-02-25T20:27:19
D-0002124,W2402-0332,W2402-0332-W08,ETCH-01,etch,bridge,0.0309,-72.05,96.79,2024-02-25T21:51:19
D-0002125,W2402-0332,W2402-0332-W25,ETCH-01,etch,bridge,0.0355,-121.04,-32.9,2024-02-25T22:04:19
D-0002126,W2402-0333,W2402-0333-W20,CMP-01,cmp,scratch,0.0816,89.69,29.15,2024-02-26T01:24:11
D-0002127,W2402-0333,W2402-0333-W22,CMP-01,cmp,etch_pit,0.072,36.29,44.88,2024-02-26T01:00:11
D-0002128,W2402-0333,W2402-0333-W23,CMP-01,cmp,bridge,0.039,85.9,11.44,2024-02-25T23:45:11
D-0002129,W2402-0333,W2402-0333-W21,CMP-01,cmp,scratch,0.0684,18.6,74.28,2024-02-26T01:45:11
D-0002130,W2402-0334,W2402-0334-W23,DEP-02,deposition,particle,0.3105,82.37,-92.92,2024-02-26T05:50:01
D-0002131,W2402-0334,W2402-0334-W25,DEP-02,deposition,etch_pit,0.293,2.45,-129.17,2024-02-26T03:56:01
D-0002132,W2402-0334,W2402-0334-W07,DEP-02,deposition,patterning_defect,0.307,129.42,-14.06,2024-02-26T05:06:01
D-0002133,W2402-0334,W2402-0334-W23,DEP-02,deposition,particle,0.3093,-81.54,-61.47,2024-02-26T03:06:01
D-0002134,W2402-0334,W2402-0334-W23,DEP-02,deposition,etch_pit,0.2625,44.84,43.61,2024-02-26T06:12:01
D-0002135,W2402-0334,W2402-0334-W09,DEP-02,deposition,particle,0.3465,113.11,101.17,2024-02-26T04:02:01
D-0002136,W2402-0334,W2402-0334-W02,DEP-02,deposition,particle,0.4263,-93.92,-79.06,2024-02-26T04:24:01
D-0002137,W2402-0334,W2402-0334-W10,DEP-02,deposition,etch_pit,0.2054,13.19,44.35,2024-02-26T04:23:01
D-0002138,W2402-0334,W2402-0334-W10,DEP-02,deposition,particle,0.2601,140.66,111.04,2024-02-26T04:13:01
D-0002139,W2402-0334,W2402-0334-W05,DEP-02,deposition,void,0.3604,-102.11,-65.71,2024-02-26T06:30:01
D-0002140,W2402-0334,W2402-0334-W25,DEP-02,deposition,particle,0.3684,-57.32,-26.42,2024-02-26T06:03:01
D-0002141,W2402-0334,W2402-0334-W03,DEP-02,deposition,particle,0.3787,-22.11,-129.59,2024-02-26T04:30:01
D-0002142,W2402-0334,W2402-0334-W14,DEP-02,deposition,patterning_defect,0.1822,90.21,-64.07,2024-02-26T04:23:01
D-0002143,W2402-0334,W2402-0334-W16,DEP-02,deposition,particle,0.3477,35.77,-129.64,2024-02-26T03:53:01
D-0002144,W2402-0335,W2402-0335-W02,DEP-01,deposition,scratch,0.0765,-109.0,100.95,2024-02-26T07:45:11
D-0002145,W2402-0335,W2402-0335-W22,DEP-01,deposition,bridge,0.0145,121.97,-95.63,2024-02-26T07:41:11
D-0002146,W2402-0335,W2402-0335-W22,DEP-01,deposition,patterning_defect,0.0724,-140.91,-89.51,2024-02-26T09:00:11
D-0002147,W2402-0335,W2402-0335-W11,DEP-01,deposition,bridge,0.0245,23.22,146.04,2024-02-26T07:31:11
D-0002148,W2402-0335,W2402-0335-W21,DEP-01,deposition,patterning_defect,0.0293,-35.1,-35.28,2024-02-26T09:51:11
D-0002149,W2402-0335,W2402-0335-W22,DEP-01,deposition,patterning_defect,0.0439,-97.37,-98.97,2024-02-26T08:50:11
D-0002150,W2402-0335,W2402-0335-W08,DEP-01,deposition,scratch,0.0407,20.47,-121.33,2024-02-26T07:38:11
D-0002151,W2402-0336,W2402-0336-W25,LIT-02,litho,scratch,0.0641,100.06,87.33,2024-02-26T14:25:28
D-0002152,W2402-0336,W2402-0336-W10,LIT-02,litho,particle,0.0623,106.88,-61.37,2024-02-26T12:41:28
D-0002153,W2402-0336,W2402-0336-W14,LIT-02,litho,bridge,0.051,-93.03,-26.79,2024-02-26T11:56:28
D-0002154,W2402-0336,W2402-0336-W10,LIT-02,litho,bridge,0.0531,-80.44,-78.04,2024-02-26T11:58:28
D-0002155,W2402-0336,W2402-0336-W16,LIT-02,litho,void,0.0851,70.8,-35.39,2024-02-26T13:41:28
D-0002156,W2402-0336,W2402-0336-W09,LIT-02,litho,etch_pit,0.0506,82.26,-41.13,2024-02-26T12:18:28
D-0002157,W2402-0336,W2402-0336-W06,LIT-02,litho,scratch,0.0682,-96.37,132.25,2024-02-26T11:39:28
D-0002158,W2402-0336,W2402-0336-W18,LIT-02,litho,scratch,0.0117,-68.84,-47.67,2024-02-26T11:10:28
D-0002159,W2402-0337,W2402-0337-W12,DEP-01,deposition,scratch,0.0707,17.71,120.22,2024-02-26T17:23:13
D-0002160,W2402-0337,W2402-0337-W20,DEP-01,deposition,patterning_defect,0.0587,112.98,125.51,2024-02-26T17:51:13
D-0002161,W2402-0337,W2402-0337-W01,DEP-01,deposition,scratch,0.0442,120.48,111.34,2024-02-26T16:58:13
D-0002162,W2402-0337,W2402-0337-W10,DEP-01,deposition,scratch,0.0358,-120.35,107.84,2024-02-26T16:53:13
D-0002163,W2402-0337,W2402-0337-W11,DEP-01,deposition,particle,0.0466,90.17,6.86,2024-02-26T15:11:13
D-0002164,W2402-0337,W2402-0337-W02,DEP-01,deposition,etch_pit,0.0739,-47.61,-108.36,2024-02-26T17:20:13
D-0002165,W2402-0337,W2402-0337-W15,DEP-01,deposition,scratch,0.032,-64.13,68.46,2024-02-26T17:55:13
D-0002166,W2402-0337,W2402-0337-W13,DEP-01,deposition,bridge,0.0513,-19.78,-14.91,2024-02-26T17:27:13
D-0002167,W2402-0338,W2402-0338-W19,DEP-02,deposition,scratch,0.0113,59.84,-12.64,2024-02-26T21:38:58
D-0002168,W2402-0338,W2402-0338-W01,DEP-02,deposition,etch_pit,0.0793,-19.9,-133.66,2024-02-26T20:00:58
D-0002169,W2402-0338,W2402-0338-W20,DEP-02,deposition,void,0.0166,-141.16,77.1,2024-02-26T22:18:58
D-0002170,W2402-0338,W2402-0338-W17,DEP-02,deposition,scratch,0.0861,64.32,132.71,2024-02-26T19:20:58
D-0002171,W2402-0338,W2402-0338-W11,DEP-02,deposition,void,0.0763,-24.19,67.91,2024-02-26T18:54:58
D-0002172,W2402-0338,W2402-0338-W21,DEP-02,deposition,scratch,0.0534,1.54,132.22,2024-02-26T21:49:58
D-0002173,W2402-0338,W2402-0338-W04,DEP-02,deposition,void,0.063,-71.29,115.27,2024-02-26T21:48:58
D-0002174,W2402-0338,W2402-0338-W06,DEP-02,deposition,scratch,0.0655,139.96,-39.35,2024-02-26T21:37:58
D-0002175,W2402-0339,W2402-0339-W19,ETCH-01,etch,void,0.0115,141.97,127.05,2024-02-27T00:14:37
D-0002176,W2402-0339,W2402-0339-W25,ETCH-01,etch,patterning_defect,0.0617,83.9,-27.26,2024-02-27T01:53:37
D-0002177,W2402-0339,W2402-0339-W19,ETCH-01,etch,etch_pit,0.0283,-46.74,-135.42,2024-02-27T01:54:37
D-0002178,W2402-0339,W2402-0339-W24,ETCH-01,etch,patterning_defect,0.0821,88.03,-19.48,2024-02-27T00:52:37
D-0002179,W2402-0339,W2402-0339-W23,ETCH-01,etch,void,0.0234,-50.32,-16.18,2024-02-27T00:08:37
D-0002180,W2402-0339,W2402-0339-W02,ETCH-01,etch,etch_pit,0.0364,143.14,54.38,2024-02-26T23:53:37
D-0002181,W2402-0339,W2402-0339-W18,ETCH-01,etch,scratch,0.0665,-2.83,72.88,2024-02-27T02:05:37
D-0002182,W2402-0340,W2402-0340-W10,DIFF-01,diffusion,void,0.0732,38.5,77.66,2024-02-27T03:58:08
D-0002183,W2402-0340,W2402-0340-W17,DIFF-01,diffusion,bridge,0.0558,77.1,-27.65,2024-02-27T05:18:08
D-0002184,W2402-0340,W2402-0340-W02,DIFF-01,diffusion,bridge,0.0257,3.62,-83.22,2024-02-27T05:59:08
D-0002185,W2402-0340,W2402-0340-W03,DIFF-01,diffusion,particle,0.0164,78.71,-18.1,2024-02-27T05:22:08
D-0002186,W2402-0340,W2402-0340-W13,DIFF-01,diffusion,bridge,0.0167,91.34,44.26,2024-02-27T02:55:08
D-0002187,W2402-0340,W2402-0340-W25,DIFF-01,diffusion,scratch,0.0837,107.18,-105.07,2024-02-27T05:56:08
D-0002188,W2402-0340,W2402-0340-W16,DIFF-01,diffusion,void,0.0519,77.18,-134.47,2024-02-27T03:50:08
D-0002189,W2402-0341,W2402-0341-W11,ETCH-03,etch,particle,0.1939,-91.1,-23.11,2024-02-27T08:15:00
D-0002190,W2402-0341,W2402-0341-W10,ETCH-03,etch,void,0.237,28.35,-28.92,2024-02-27T10:30:00
D-0002191,W2402-0341,W2402-0341-W20,ETCH-03,etch,particle,0.3795,-76.11,-117.72,2024-02-27T07:29:00
D-0002192,W2402-0341,W2402-0341-W22,ETCH-03,etch,patterning_defect,0.233,-38.51,53.53,2024-02-27T07:33:00
D-0002193,W2402-0341,W2402-0341-W16,ETCH-03,etch,void,0.3806,-134.75,114.07,2024-02-27T07:42:00
D-0002194,W2402-0341,W2402-0341-W15,ETCH-03,etch,particle,0.4139,-11.63,115.07,2024-02-27T07:55:00
D-0002195,W2402-0341,W2402-0341-W22,ETCH-03,etch,particle,0.2167,-75.99,-32.06,2024-02-27T09:28:00
D-0002196,W2402-0341,W2402-0341-W11,ETCH-03,etch,void,0.3175,119.72,16.17,2024-02-27T09:45:00
D-0002197,W2402-0341,W2402-0341-W16,ETCH-03,etch,bridge,0.2515,-1.25,81.47,2024-02-27T08:46:00
D-0002198,W2402-0341,W2402-0341-W20,ETCH-03,etch,particle,0.2575,-77.65,-63.99,2024-02-27T09:19:00
D-0002199,W2402-0341,W2402-0341-W23,ETCH-03,etch,particle,0.3386,103.84,-16.05,2024-02-27T09:08:00
D-0002200,W2402-0341,W2402-0341-W09,ETCH-03,etch,etch_pit,0.4147,137.77,84.63,2024-02-27T09:12:00
D-0002201,W2402-0341,W2402-0341-W13,ETCH-03,etch,particle,0.3305,-65.15,-69.99,2024-02-27T07:49:00
D-0002202,W2402-0341,W2402-0341-W01,ETCH-03,etch,patterning_defect,0.3096,-9.76,-125.01,2024-02-27T09:43:00
D-0002203,W2402-0341,W2402-0341-W15,ETCH-03,etch,particle,0.2605,-126.34,75.81,2024-02-27T10:27:00
D-0002204,W2402-0341,W2402-0341-W07,ETCH-03,etch,void,0.2361,36.35,-131.66,2024-02-27T07:19:00
D-0002205,W2402-0341,W2402-0341-W21,ETCH-03,etch,void,0.3342,-66.23,-139.02,2024-02-27T08:55:00
D-0002206,W2402-0341,W2402-0341-W12,ETCH-03,etch,particle,0.376,-104.3,72.97,2024-02-27T10:15:00
D-0002207,W2402-0342,W2402-0342-W11,LIT-03,litho,scratch,0.0887,89.55,46.1,2024-02-27T12:59:21
D-0002208,W2402-0342,W2402-0342-W12,LIT-03,litho,scratch,0.0863,123.31,108.75,2024-02-27T11:44:21
D-0002209,W2402-0342,W2402-0342-W14,LIT-03,litho,void,0.0126,54.69,123.8,2024-02-27T14:26:21
D-0002210,W2402-0342,W2402-0342-W01,LIT-03,litho,etch_pit,0.0129,-10.01,105.93,2024-02-27T13:37:21
D-0002211,W2402-0342,W2402-0342-W24,LIT-03,litho,particle,0.0148,-75.84,-57.32,2024-02-27T14:23:21
D-0002212,W2402-0342,W2402-0342-W22,LIT-03,litho,void,0.0437,-125.56,56.45,2024-02-27T13:44:21
D-0002213,W2402-0343,W2402-0343-W19,LIT-01,litho,bridge,0.0419,-55.32,-125.06,2024-02-27T17:02:17
D-0002214,W2402-0343,W2402-0343-W04,LIT-01,litho,bridge,0.0355,-84.92,137.58,2024-02-27T18:03:17
D-0002215,W2402-0343,W2402-0343-W09,LIT-01,litho,void,0.0161,68.59,-8.83,2024-02-27T16:30:17
D-0002216,W2402-0343,W2402-0343-W03,LIT-01,litho,void,0.0711,-27.31,-3.92,2024-02-27T14:42:17
D-0002217,W2402-0343,W2402-0343-W09,LIT-01,litho,etch_pit,0.0686,-26.34,51.02,2024-02-27T18:02:17
D-0002218,W2402-0343,W2402-0343-W13,LIT-01,litho,void,0.0218,34.0,71.63,2024-02-27T17:44:17
D-0002219,W2402-0343,W2402-0343-W05,LIT-01,litho,void,0.0374,29.92,-37.27,2024-02-27T16:56:17
D-0002220,W2402-0343,W2402-0343-W21,LIT-01,litho,bridge,0.0321,-100.11,-79.66,2024-02-27T15:41:17
D-0002221,W2402-0344,W2402-0344-W24,LIT-03,litho,scratch,0.0663,-1.08,121.66,2024-02-27T18:48:26
D-0002222,W2402-0344,W2402-0344-W11,LIT-03,litho,scratch,0.0485,-76.89,10.44,2024-02-27T19:28:26
D-0002223,W2402-0344,W2402-0344-W05,LIT-03,litho,particle,0.0144,-128.96,111.95,2024-02-27T21:00:26
D-0002224,W2402-0344,W2402-0344-W13,LIT-03,litho,void,0.0347,-57.36,109.55,2024-02-27T19:38:26
D-0002225,W2402-0345,W2402-0345-W19,DIFF-01,diffusion,etch_pit,0.0303,69.5,0.1,2024-02-27T23:02:51
D-0002226,W2402-0345,W2402-0345-W09,DIFF-01,diffusion,void,0.0792,97.63,-148.21,2024-02-27T23:43:51
D-0002227,W2402-0345,W2402-0345-W20,DIFF-01,diffusion,scratch,0.0182,128.15,73.4,2024-02-28T01:12:51
D-0002228,W2402-0345,W2402-0345-W06,DIFF-01,diffusion,patterning_defect,0.0281,1.36,43.25,2024-02-27T23:51:51
D-0002229,W2402-0345,W2402-0345-W03,DIFF-01,diffusion,void,0.0698,59.51,107.1,2024-02-28T00:05:51
D-0002230,W2402-0345,W2402-0345-W10,DIFF-01,diffusion,patterning_defect,0.0792,-6.24,-120.54,2024-02-27T22:43:51
D-0002231,W2402-0345,W2402-0345-W07,DIFF-01,diffusion,patterning_defect,0.0161,51.95,-146.42,2024-02-27T23:50:51
D-0002232,W2402-0345,W2402-0345-W17,DIFF-01,diffusion,void,0.0314,132.51,-24.31,2024-02-27T23:41:51
D-0002233,W2402-0346,W2402-0346-W03,DEP-02,deposition,particle,0.4367,129.83,82.19,2024-02-28T04:01:02
D-0002234,W2402-0346,W2402-0346-W21,DEP-02,deposition,particle,0.2121,15.01,-51.3,2024-02-28T05:07:02
D-0002235,W2402-0346,W2402-0346-W20,DEP-02,deposition,particle,0.3359,-58.53,115.09,2024-02-28T05:51:02
D-0002236,W2402-0346,W2402-0346-W03,DEP-02,deposition,etch_pit,0.4422,16.09,-37.22,2024-02-28T04:00:02
D-0002237,W2402-0346,W2402-0346-W17,DEP-02,deposition,bridge,0.4427,-116.04,-11.71,2024-02-28T05:42:02
D-0002238,W2402-0346,W2402-0346-W20,DEP-02,deposition,particle,0.3253,131.85,-120.06,2024-02-28T03:24:02
D-0002239,W2402-0346,W2402-0346-W10,DEP-02,deposition,scratch,0.4377,-121.67,116.68,2024-02-28T05:43:02
D-0002240,W2402-0346,W2402-0346-W02,DEP-02,deposition,void,0.448,137.23,-129.62,2024-02-28T03:34:02
D-0002241,W2402-0346,W2402-0346-W13,DEP-02,deposition,particle,0.2143,31.8,94.3,2024-02-28T03:47:02
D-0002242,W2402-0346,W2402-0346-W06,DEP-02,deposition,particle,0.3442,-38.75,-10.93,2024-02-28T03:29:02
D-0002243,W2402-0346,W2402-0346-W25,DEP-02,deposition,bridge,0.4069,70.18,-118.72,2024-02-28T02:44:02
D-0002244,W2402-0346,W2402-0346-W17,DEP-02,deposition,particle,0.3075,-91.43,-121.98,2024-02-28T02:50:02
D-0002245,W2402-0346,W2402-0346-W10,DEP-02,deposition,void,0.2038,-74.66,-49.96,2024-02-28T05:12:02
D-0002246,W2402-0346,W2402-0346-W12,DEP-02,deposition,particle,0.4092,134.78,-53.42,2024-02-28T02:37:02
D-0002247,W2402-0346,W2402-0346-W07,DEP-02,deposition,particle,0.263,-145.94,-17.6,2024-02-28T02:50:02
D-0002248,W2402-0346,W2402-0346-W22,DEP-02,deposition,void,0.4213,34.76,115.62,2024-02-28T04:12:02
D-0002249,W2402-0346,W2402-0346-W12,DEP-02,deposition,void,0.2618,79.88,-53.71,2024-02-28T04:12:02
D-0002250,W2402-0346,W2402-0346-W24,DEP-02,deposition,bridge,0.2967,74.3,-57.98,2024-02-28T03:45:02
D-0002251,W2402-0346,W2402-0346-W04,DEP-02,deposition,bridge,0.3803,-94.24,27.12,2024-02-28T03:04:02
D-0002252,W2402-0346,W2402-0346-W14,DEP-02,deposition,etch_pit,0.4116,29.19,-47.31,2024-02-28T02:42:02
D-0002253,W2402-0347,W2402-0347-W10,DEP-03,deposition,bridge,0.0848,124.37,90.5,2024-02-28T06:36:56
D-0002254,W2402-0347,W2402-0347-W14,DEP-03,deposition,patterning_defect,0.0834,73.97,143.7,2024-02-28T08:08:56
D-0002255,W2402-0347,W2402-0347-W23,DEP-03,deposition,bridge,0.0114,117.76,115.68,2024-02-28T09:30:56
D-0002256,W2402-0347,W2402-0347-W24,DEP-03,deposition,void,0.0206,48.92,-109.07,2024-02-28T09:40:56
D-0002257,W2402-0347,W2402-0347-W04,DEP-03,deposition,void,0.0213,96.62,126.67,2024-02-28T07:09:56
D-0002258,W2402-0347,W2402-0347-W22,DEP-03,deposition,particle,0.0748,-42.96,41.13,2024-02-28T07:14:56
D-0002259,W2402-0347,W2402-0347-W21,DEP-03,deposition,etch_pit,0.0769,20.41,-35.33,2024-02-28T07:08:56
D-0002260,W2402-0348,W2402-0348-W17,IMP-01,implant,scratch,0.0317,21.73,128.85,2024-02-28T10:57:06
D-0002261,W2402-0348,W2402-0348-W24,IMP-01,implant,particle,0.0376,-80.34,48.29,2024-02-28T13:17:06
D-0002262,W2402-0348,W2402-0348-W21,IMP-01,implant,patterning_defect,0.0858,-44.19,-110.41,2024-02-28T11:08:06
D-0002263,W2402-0348,W2402-0348-W18,IMP-01,implant,bridge,0.0139,-89.03,-105.56,2024-02-28T10:46:06
D-0002264,W2402-0349,W2402-0349-W09,IMP-02,implant,bridge,0.0593,70.03,-73.28,2024-02-28T15:23:06
D-0002265,W2402-0349,W2402-0349-W18,IMP-02,implant,void,0.0198,32.8,-122.67,2024-02-28T16:00:06
D-0002266,W2402-0349,W2402-0349-W06,IMP-02,implant,patterning_defect,0.0749,-50.31,147.76,2024-02-28T18:00:06
D-0002267,W2402-0349,W2402-0349-W21,IMP-02,implant,particle,0.0844,123.23,133.42,2024-02-28T16:17:06
D-0002268,W2402-0349,W2402-0349-W01,IMP-02,implant,etch_pit,0.0135,15.62,-97.3,2024-02-28T15:21:06
D-0002269,W2402-0349,W2402-0349-W09,IMP-02,implant,particle,0.0727,103.47,115.15,2024-02-28T15:42:06
D-0002270,W2402-0349,W2402-0349-W15,IMP-02,implant,patterning_defect,0.0419,142.96,138.88,2024-02-28T14:45:06
D-0002271,W2402-0350,W2402-0350-W01,DEP-01,deposition,scratch,0.0167,0.8,68.15,2024-02-28T21:08:10
D-0002272,W2402-0350,W2402-0350-W11,DEP-01,deposition,void,0.087,-71.64,-138.49,2024-02-28T20:38:10
D-0002273,W2402-0350,W2402-0350-W11,DEP-01,deposition,bridge,0.0384,90.97,-83.27,2024-02-28T21:22:10
D-0002274,W2402-0350,W2402-0350-W16,DEP-01,deposition,void,0.0841,-17.05,113.26,2024-02-28T20:27:10
D-0002275,W2402-0350,W2402-0350-W14,DEP-01,deposition,bridge,0.0829,33.78,98.22,2024-02-28T19:17:10
D-0002276,W2402-0350,W2402-0350-W07,DEP-01,deposition,void,0.0867,-24.83,-110.86,2024-02-28T19:34:10
D-0002277,W2402-0350,W2402-0350-W19,DEP-01,deposition,particle,0.0171,-119.89,67.62,2024-02-28T19:48:10
D-0002278,W2402-0350,W2402-0350-W18,DEP-01,deposition,void,0.0838,-5.37,26.56,2024-02-28T21:49:10
D-0002279,W2402-0351,W2402-0351-W03,ETCH-02,etch,etch_pit,0.0592,-85.13,-144.03,2024-02-29T00:47:08
D-0002280,W2402-0351,W2402-0351-W04,ETCH-02,etch,etch_pit,0.0684,106.34,6.27,2024-02-29T02:47:08
D-0002281,W2402-0351,W2402-0351-W25,ETCH-02,etch,scratch,0.0297,-98.79,65.04,2024-02-29T00:37:08
D-0002282,W2402-0351,W2402-0351-W10,ETCH-02,etch,particle,0.0669,-112.63,-12.04,2024-02-29T01:47:08
D-0002283,W2402-0351,W2402-0351-W24,ETCH-02,etch,particle,0.0389,-57.33,-110.81,2024-02-29T00:24:08
D-0002284,W2402-0351,W2402-0351-W19,ETCH-02,etch,void,0.0174,70.15,-7.68,2024-02-29T02:06:08
D-0002285,W2402-0351,W2402-0351-W02,ETCH-02,etch,etch_pit,0.0365,-83.12,46.94,2024-02-29T01:03:08
D-0002286,W2402-0352,W2402-0352-W01,LIT-02,litho,etch_pit,0.0305,3.14,5.09,2024-02-29T07:03:53
D-0002287,W2402-0352,W2402-0352-W21,LIT-02,litho,void,0.0716,99.74,-50.14,2024-02-29T06:31:53
D-0002288,W2402-0352,W2402-0352-W22,LIT-02,litho,particle,0.0813,-39.47,48.73,2024-02-29T06:24:53
D-0002289,W2402-0352,W2402-0352-W18,LIT-02,litho,bridge,0.0798,-101.66,121.06,2024-02-29T06:38:53
D-0002290,W2402-0352,W2402-0352-W18,LIT-02,litho,patterning_defect,0.0708,-115.99,-83.94,2024-02-29T04:37:53
D-0002291,W2402-0352,W2402-0352-W12,LIT-02,litho,scratch,0.0449,2.97,-46.83,2024-02-29T05:52:53
D-0002292,W2402-0352,W2402-0352-W24,LIT-02,litho,scratch,0.0854,-23.12,121.18,2024-02-29T06:18:53
D-0002293,W2402-0353,W2402-0353-W17,IMP-02,implant,particle,0.0859,-65.99,89.91,2024-02-29T08:16:19
D-0002294,W2402-0353,W2402-0353-W16,IMP-02,implant,patterning_defect,0.0687,22.21,98.62,2024-02-29T09:21:19
D-0002295,W2402-0353,W2402-0353-W11,IMP-02,implant,particle,0.0285,40.58,-124.81,2024-02-29T09:22:19
D-0002296,W2402-0353,W2402-0353-W11,IMP-02,implant,etch_pit,0.0647,62.32,29.71,2024-02-29T08:00:19
D-0002297,W2402-0353,W2402-0353-W17,IMP-02,implant,etch_pit,0.0491,11.16,-12.71,2024-02-29T08:30:19
D-0002298,W2402-0353,W2402-0353-W03,IMP-02,implant,patterning_defect,0.0151,40.56,140.28,2024-02-29T08:58:19
D-0002299,W2402-0353,W2402-0353-W22,IMP-02,implant,etch_pit,0.0843,-21.29,-52.68,2024-02-29T07:50:19
D-0002300,W2402-0354,W2402-0354-W20,LIT-01,litho,bridge,0.044,-49.28,-69.07,2024-02-29T12:39:01
D-0002301,W2402-0354,W2402-0354-W12,LIT-01,litho,etch_pit,0.0158,-42.26,42.12,2024-02-29T12:14:01
D-0002302,W2402-0354,W2402-0354-W04,LIT-01,litho,bridge,0.0452,29.46,-78.2,2024-02-29T13:59:01
D-0002303,W2402-0354,W2402-0354-W01,LIT-01,litho,patterning_defect,0.014,135.71,-44.41,2024-02-29T13:04:01
D-0002304,W2402-0355,W2402-0355-W02,DIFF-02,diffusion,etch_pit,0.0417,-91.88,-137.78,2024-02-29T18:29:21
D-0002305,W2402-0355,W2402-0355-W24,DIFF-02,diffusion,scratch,0.048,41.51,-97.58,2024-02-29T16:26:21
D-0002306,W2402-0355,W2402-0355-W05,DIFF-02,diffusion,particle,0.0325,12.35,73.04,2024-02-29T16:33:21
D-0002307,W2402-0355,W2402-0355-W25,DIFF-02,diffusion,bridge,0.0234,-35.29,15.88,2024-02-29T17:40:21
D-0002308,W2402-0355,W2402-0355-W21,DIFF-02,diffusion,void,0.0303,46.16,-134.3,2024-02-29T15:36:21
D-0002309,W2402-0356,W2402-0356-W02,DEP-03,deposition,scratch,0.0735,-90.43,-59.6,2024-02-29T19:13:23
D-0002310,W2402-0356,W2402-0356-W03,DEP-03,deposition,etch_pit,0.0367,-83.69,73.83,2024-02-29T20:47:23
D-0002311,W2402-0356,W2402-0356-W17,DEP-03,deposition,void,0.0889,-4.18,127.71,2024-02-29T20:35:23
D-0002312,W2402-0356,W2402-0356-W09,DEP-03,deposition,scratch,0.0805,-46.18,25.56,2024-02-29T20:52:23
D-0002313,W2402-0356,W2402-0356-W02,DEP-03,deposition,bridge,0.045,106.03,128.56,2024-02-29T20:55:23
D-0002314,W2402-0356,W2402-0356-W21,DEP-03,deposition,etch_pit,0.0497,-134.67,-49.84,2024-02-29T20:04:23
D-0002315,W2402-0356,W2402-0356-W13,DEP-03,deposition,patterning_defect,0.0782,-59.92,21.87,2024-02-29T19:39:23
D-0002316,W2402-0356,W2402-0356-W20,DEP-03,deposition,bridge,0.0668,95.66,-44.99,2024-02-29T21:05:23
D-0002317,W2402-0357,W2402-0357-W17,LIT-03,litho,void,0.0134,143.37,113.08,2024-03-01T00:24:31
D-0002318,W2402-0357,W2402-0357-W11,LIT-03,litho,etch_pit,0.078,44.4,46.6,2024-03-01T01:15:31
D-0002319,W2402-0357,W2402-0357-W08,LIT-03,litho,etch_pit,0.0639,-13.71,111.68,2024-03-01T01:13:31
D-0002320,W2402-0357,W2402-0357-W05,LIT-03,litho,particle,0.0227,-94.65,-71.57,2024-03-01T01:28:31
D-0002321,W2402-0357,W2402-0357-W12,LIT-03,litho,void,0.0613,-69.44,74.02,2024-02-29T22:53:31
D-0002322,W2403-0358,W2403-0358-W18,IMP-02,implant,bridge,0.0766,98.69,98.38,2024-03-01T02:53:47
D-0002323,W2403-0358,W2403-0358-W22,IMP-02,implant,etch_pit,0.055,20.72,-119.18,2024-03-01T04:41:47
D-0002324,W2403-0358,W2403-0358-W03,IMP-02,implant,void,0.04,-128.58,21.63,2024-03-01T05:28:47
D-0002325,W2403-0358,W2403-0358-W09,IMP-02,implant,scratch,0.0735,31.0,-99.77,2024-03-01T03:24:47
D-0002326,W2403-0358,W2403-0358-W22,IMP-02,implant,particle,0.0834,35.73,-96.0,2024-03-01T05:46:47
D-0002327,W2403-0358,W2403-0358-W22,IMP-02,implant,etch_pit,0.0514,42.94,48.56,2024-03-01T04:33:47
D-0002328,W2403-0358,W2403-0358-W09,IMP-02,implant,void,0.0447,-35.99,-53.87,2024-03-01T02:41:47
D-0002329,W2403-0359,W2403-0359-W01,DEP-02,deposition,particle,0.2618,33.6,44.3,2024-03-01T09:10:10
D-0002330,W2403-0359,W2403-0359-W07,DEP-02,deposition,void,0.2626,144.23,-20.29,2024-03-01T08:09:10
D-0002331,W2403-0359,W2403-0359-W22,DEP-02,deposition,particle,0.2708,-26.66,18.98,2024-03-01T06:45:10
D-0002332,W2403-0359,W2403-0359-W24,DEP-02,deposition,particle,0.3372,79.77,106.86,2024-03-01T06:22:10
D-0002333,W2403-0359,W2403-0359-W16,DEP-02,deposition,particle,0.4364,-77.18,108.81,2024-03-01T07:37:10
D-0002334,W2403-0359,W2403-0359-W07,DEP-02,deposition,particle,0.3052,-111.75,-133.82,2024-03-01T06:21:10
D-0002335,W2403-0359,W2403-0359-W04,DEP-02,deposition,particle,0.2699,-73.83,-13.45,2024-03-01T07:07:10
D-0002336,W2403-0359,W2403-0359-W25,DEP-02,deposition,particle,0.4395,-77.36,-127.62,2024-03-01T08:57:10
D-0002337,W2403-0359,W2403-0359-W09,DEP-02,deposition,void,0.3106,-97.46,131.89,2024-03-01T08:08:10
D-0002338,W2403-0359,W2403-0359-W17,DEP-02,deposition,particle,0.2487,-82.47,-68.43,2024-03-01T09:16:10
D-0002339,W2403-0359,W2403-0359-W21,DEP-02,deposition,particle,0.2057,10.12,111.91,2024-03-01T07:44:10
D-0002340,W2403-0359,W2403-0359-W15,DEP-02,deposition,particle,0.3596,-103.81,107.49,2024-03-01T08:26:10
D-0002341,W2403-0359,W2403-0359-W12,DEP-02,deposition,patterning_defect,0.2744,-143.74,82.02,2024-03-01T09:20:10
D-0002342,W2403-0359,W2403-0359-W19,DEP-02,deposition,bridge,0.4059,-4.18,29.15,2024-03-01T08:13:10
D-0002343,W2403-0359,W2403-0359-W12,DEP-02,deposition,etch_pit,0.2064,-27.18,-135.8,2024-03-01T09:30:10
D-0002344,W2403-0359,W2403-0359-W17,DEP-02,deposition,bridge,0.2509,41.8,82.46,2024-03-01T07:54:10
D-0002345,W2403-0359,W2403-0359-W06,DEP-02,deposition,particle,0.3802,46.25,137.77,2024-03-01T07:26:10
D-0002346,W2403-0359,W2403-0359-W15,DEP-02,deposition,particle,0.1849,-118.67,-29.67,2024-03-01T08:40:10
D-0002347,W2403-0359,W2403-0359-W15,DEP-02,deposition,void,0.2059,68.4,-2.18,2024-03-01T08:40:10
D-0002348,W2403-0360,W2403-0360-W24,LIT-01,litho,etch_pit,0.0756,-75.82,-62.33,2024-03-01T12:27:02
D-0002349,W2403-0360,W2403-0360-W12,LIT-01,litho,etch_pit,0.0558,147.42,5.42,2024-03-01T11:00:02
D-0002350,W2403-0360,W2403-0360-W16,LIT-01,litho,patterning_defect,0.0398,79.44,-137.95,2024-03-01T12:03:02
D-0002351,W2403-0360,W2403-0360-W01,LIT-01,litho,scratch,0.076,-118.97,-125.81,2024-03-01T11:34:02
D-0002352,W2403-0360,W2403-0360-W20,LIT-01,litho,bridge,0.0627,-137.28,-117.75,2024-03-01T13:16:02
D-0002353,W2403-0360,W2403-0360-W02,LIT-01,litho,patterning_defect,0.0468,86.59,-68.63,2024-03-01T10:13:02
D-0002354,W2403-0360,W2403-0360-W16,LIT-01,litho,void,0.0661,-95.93,8.64,2024-03-01T11:25:02
D-0002355,W2403-0361,W2403-0361-W13,LIT-02,litho,patterning_defect,0.0225,74.28,-40.18,2024-03-01T17:49:06
D-0002356,W2403-0361,W2403-0361-W25,LIT-02,litho,scratch,0.054,86.86,25.44,2024-03-01T16:15:06
D-0002357,W2403-0361,W2403-0361-W13,LIT-02,litho,bridge,0.0382,-90.01,-21.33,2024-03-01T15:23:06
D-0002358,W2403-0361,W2403-0361-W12,LIT-02,litho,etch_pit,0.0736,60.56,28.12,2024-03-01T14:33:06
D-0002359,W2403-0362,W2403-0362-W02,DIFF-01,diffusion,void,0.0206,11.42,-68.51,2024-03-01T18:59:51
D-0002360,W2403-0362,W2403-0362-W07,DIFF-01,diffusion,scratch,0.0376,-117.27,-91.23,2024-03-01T18:39:51
D-0002361,W2403-0362,W2403-0362-W03,DIFF-01,diffusion,scratch,0.0138,-9.51,106.47,2024-03-01T19:20:51
D-0002362,W2403-0362,W2403-0362-W16,DIFF-01,diffusion,bridge,0.088,-81.44,-28.25,2024-03-01T21:30:51
D-0002363,W2403-0362,W2403-0362-W08,DIFF-01,diffusion,scratch,0.067,67.7,-25.61,2024-03-01T21:54:51
D-0002364,W2403-0362,W2403-0362-W03,DIFF-01,diffusion,patterning_defect,0.0314,138.05,-90.59,2024-03-01T21:54:51
D-0002365,W2403-0362,W2403-0362-W22,DIFF-01,diffusion,particle,0.0141,-13.03,65.83,2024-03-01T22:03:51
D-0002366,W2403-0363,W2403-0363-W25,ETCH-02,etch,bridge,0.0775,18.09,-103.3,2024-03-01T22:44:26
D-0002367,W2403-0363,W2403-0363-W17,ETCH-02,etch,scratch,0.078,-94.92,146.52,2024-03-02T00:24:26
D-0002368,W2403-0363,W2403-0363-W08,ETCH-02,etch,etch_pit,0.0477,27.21,-70.2,2024-03-02T01:57:26
D-0002369,W2403-0363,W2403-0363-W03,ETCH-02,etch,particle,0.0505,78.55,-32.68,2024-03-02T01:07:26
D-0002370,W2403-0363,W2403-0363-W04,ETCH-02,etch,particle,0.0201,-110.73,-90.56,2024-03-02T02:03:26
D-0002371,W2403-0363,W2403-0363-W06,ETCH-02,etch,particle,0.0601,-99.42,109.29,2024-03-02T02:04:26
D-0002372,W2403-0364,W2403-0364-W03,DEP-02,deposition,patterning_defect,0.0568,86.34,13.87,2024-03-02T05:52:25
D-0002373,W2403-0364,W2403-0364-W05,DEP-02,deposition,etch_pit,0.0748,108.81,-31.49,2024-03-02T05:40:25
D-0002374,W2403-0364,W2403-0364-W25,DEP-02,deposition,scratch,0.0871,38.49,-67.69,2024-03-02T04:01:25
D-0002375,W2403-0364,W2403-0364-W23,DEP-02,deposition,scratch,0.04,95.05,-65.51,2024-03-02T02:45:25
D-0002376,W2403-0364,W2403-0364-W04,DEP-02,deposition,void,0.0738,55.88,49.39,2024-03-02T05:41:25
D-0002377,W2403-0364,W2403-0364-W23,DEP-02,deposition,scratch,0.0271,125.57,-93.1,2024-03-02T02:30:25
D-0002378,W2403-0364,W2403-0364-W22,DEP-02,deposition,scratch,0.0146,15.68,44.12,2024-03-02T04:44:25
D-0002379,W2403-0365,W2403-0365-W23,LIT-02,litho,bridge,0.0456,134.46,-21.21,2024-03-02T07:19:50
D-0002380,W2403-0365,W2403-0365-W25,LIT-02,litho,particle,0.0723,-65.72,-1.0,2024-03-02T06:22:50
D-0002381,W2403-0365,W2403-0365-W09,LIT-02,litho,void,0.0208,-140.69,-126.8,2024-03-02T08:51:50
D-0002382,W2403-0365,W2403-0365-W17,LIT-02,litho,scratch,0.0294,-69.45,-131.22,2024-03-02T06:26:50
D-0002383,W2403-0366,W2403-0366-W06,CMP-02,cmp,void,0.0533,122.6,-145.6,2024-03-02T09:55:38
D-0002384,W2403-0366,W2403-0366-W17,CMP-02,cmp,void,0.0722,125.2,-9.32,2024-03-02T11:58:38
D-0002385,W2403-0366,W2403-0366-W02,CMP-02,cmp,etch_pit,0.0108,-23.31,49.17,2024-03-02T11:46:38
D-0002386,W2403-0366,W2403-0366-W04,CMP-02,cmp,patterning_defect,0.029,-10.42,-105.97,2024-03-02T12:29:38
D-0002387,W2403-0367,W2403-0367-W01,CMP-02,cmp,void,0.0623,56.33,-129.43,2024-03-02T16:08:28
D-0002388,W2403-0367,W2403-0367-W06,CMP-02,cmp,patterning_defect,0.0499,-136.54,13.59,2024-03-02T16:34:28
D-0002389,W2403-0367,W2403-0367-W13,CMP-02,cmp,bridge,0.0625,-118.31,-32.8,2024-03-02T16:49:28
D-0002390,W2403-0367,W2403-0367-W08,CMP-02,cmp,particle,0.0809,51.04,-33.64,2024-03-02T15:38:28
D-0002391,W2403-0367,W2403-0367-W21,CMP-02,cmp,scratch,0.042,34.2,-9.75,2024-03-02T14:49:28
D-0002392,W2403-0367,W2403-0367-W19,CMP-02,cmp,bridge,0.0421,-52.78,121.05,2024-03-02T17:34:28
D-0002393,W2403-0368,W2403-0368-W20,IMP-02,implant,bridge,0.041,122.69,88.23,2024-03-02T21:15:35
D-0002394,W2403-0368,W2403-0368-W02,IMP-02,implant,patterning_defect,0.0675,74.71,43.26,2024-03-02T19:48:35
D-0002395,W2403-0368,W2403-0368-W10,IMP-02,implant,particle,0.0751,148.42,61.14,2024-03-02T21:22:35
D-0002396,W2403-0368,W2403-0368-W15,IMP-02,implant,bridge,0.0199,-128.39,108.29,2024-03-02T21:13:35
D-0002397,W2403-0368,W2403-0368-W19,IMP-02,implant,particle,0.0418,13.36,23.71,2024-03-02T20:48:35
D-0002398,W2403-0369,W2403-0369-W15,DIFF-01,diffusion,scratch,0.0194,-50.03,-75.51,2024-03-03T01:17:10
D-0002399,W2403-0369,W2403-0369-W08,DIFF-01,diffusion,bridge,0.0418,-107.71,111.64,2024-03-02T23:27:10
D-0002400,W2403-0369,W2403-0369-W13,DIFF-01,diffusion,etch_pit,0.0212,-115.3,21.27,2024-03-03T01:57:10
D-0002401,W2403-0369,W2403-0369-W01,DIFF-01,diffusion,bridge,0.0508,-39.68,-66.65,2024-03-02T22:46:10
D-0002402,W2403-0370,W2403-0370-W20,IMP-01,implant,scratch,0.0718,-39.32,-80.22,2024-03-03T04:23:47
D-0002403,W2403-0370,W2403-0370-W10,IMP-01,implant,scratch,0.0771,41.36,-147.73,2024-03-03T03:47:47
D-0002404,W2403-0370,W2403-0370-W15,IMP-01,implant,scratch,0.0743,104.68,-5.95,2024-03-03T03:41:47
D-0002405,W2403-0370,W2403-0370-W09,IMP-01,implant,void,0.0274,56.7,-46.14,2024-03-03T02:21:47
D-0002406,W2403-0370,W2403-0370-W06,IMP-01,implant,etch_pit,0.0343,121.39,79.02,2024-03-03T02:53:47
D-0002407,W2403-0371,W2403-0371-W08,IMP-02,implant,scratch,0.0557,-39.44,134.55,2024-03-03T09:05:39
D-0002408,W2403-0371,W2403-0371-W23,IMP-02,implant,void,0.0563,128.66,-48.02,2024-03-03T09:50:39
D-0002409,W2403-0371,W2403-0371-W20,IMP-02,implant,void,0.0494,-2.1,106.39,2024-03-03T09:35:39
D-0002410,W2403-0371,W2403-0371-W01,IMP-02,implant,scratch,0.0376,0.09,121.45,2024-03-03T09:02:39
D-0002411,W2403-0371,W2403-0371-W10,IMP-02,implant,particle,0.0303,128.99,-35.17,2024-03-03T08:00:39
D-0002412,W2403-0371,W2403-0371-W03,IMP-02,implant,patterning_defect,0.0303,92.13,77.71,2024-03-03T09:17:39
D-0002413,W2403-0371,W2403-0371-W18,IMP-02,implant,bridge,0.0267,-15.43,17.47,2024-03-03T07:05:39
D-0002414,W2403-0371,W2403-0371-W25,IMP-02,implant,bridge,0.0711,-28.69,-10.49,2024-03-03T09:26:39
D-0002415,W2403-0372,W2403-0372-W02,IMP-02,implant,particle,0.0324,-56.57,131.64,2024-03-03T13:08:10
D-0002416,W2403-0372,W2403-0372-W23,IMP-02,implant,patterning_defect,0.0739,-13.4,40.24,2024-03-03T11:20:10
D-0002417,W2403-0372,W2403-0372-W03,IMP-02,implant,bridge,0.0478,-78.57,-81.16,2024-03-03T11:06:10
D-0002418,W2403-0372,W2403-0372-W09,IMP-02,implant,bridge,0.0436,97.96,67.14,2024-03-03T11:46:10
D-0002419,W2403-0372,W2403-0372-W25,IMP-02,implant,patterning_defect,0.0817,-70.32,109.75,2024-03-03T10:50:10
D-0002420,W2403-0372,W2403-0372-W25,IMP-02,implant,particle,0.0534,118.28,106.92,2024-03-03T12:51:10
D-0002421,W2403-0372,W2403-0372-W10,IMP-02,implant,etch_pit,0.0887,67.16,-84.27,2024-03-03T10:50:10
D-0002422,W2403-0373,W2403-0373-W03,DIFF-01,diffusion,patterning_defect,0.041,106.22,102.85,2024-03-03T15:07:06
D-0002423,W2403-0373,W2403-0373-W16,DIFF-01,diffusion,particle,0.0575,103.92,116.52,2024-03-03T15:58:06
D-0002424,W2403-0373,W2403-0373-W19,DIFF-01,diffusion,etch_pit,0.0339,-6.76,98.92,2024-03-03T14:52:06
D-0002425,W2403-0373,W2403-0373-W04,DIFF-01,diffusion,particle,0.0863,22.69,-32.12,2024-03-03T16:21:06
D-0002426,W2403-0373,W2403-0373-W12,DIFF-01,diffusion,scratch,0.0695,-24.34,-11.52,2024-03-03T16:37:06
D-0002427,W2403-0373,W2403-0373-W19,DIFF-01,diffusion,etch_pit,0.0221,-33.55,22.83,2024-03-03T15:41:06
D-0002428,W2403-0373,W2403-0373-W17,DIFF-01,diffusion,scratch,0.0855,53.73,76.95,2024-03-03T16:54:06
D-0002429,W2403-0373,W2403-0373-W01,DIFF-01,diffusion,bridge,0.0306,55.21,8.47,2024-03-03T15:55:06
D-0002430,W2403-0374,W2403-0374-W01,LIT-01,litho,etch_pit,0.0403,26.86,29.04,2024-03-03T21:17:44
D-0002431,W2403-0374,W2403-0374-W23,LIT-01,litho,etch_pit,0.0154,5.78,128.58,2024-03-03T21:51:44
D-0002432,W2403-0374,W2403-0374-W18,LIT-01,litho,void,0.06,107.97,114.18,2024-03-03T20:27:44
D-0002433,W2403-0374,W2403-0374-W15,LIT-01,litho,bridge,0.0475,76.55,-87.87,2024-03-03T20:55:44
D-0002434,W2403-0374,W2403-0374-W14,LIT-01,litho,particle,0.0278,-9.41,-94.25,2024-03-03T21:41:44
D-0002435,W2403-0374,W2403-0374-W25,LIT-01,litho,patterning_defect,0.0156,85.03,-132.56,2024-03-03T20:23:44
D-0002436,W2403-0374,W2403-0374-W25,LIT-01,litho,scratch,0.0386,-110.26,28.93,2024-03-03T19:15:44
D-0002437,W2403-0375,W2403-0375-W22,DEP-02,deposition,etch_pit,0.0425,139.12,45.64,2024-03-03T23:17:31
D-0002438,W2403-0375,W2403-0375-W10,DEP-02,deposition,scratch,0.0285,54.95,82.34,2024-03-03T22:48:31
D-0002439,W2403-0375,W2403-0375-W05,DEP-02,deposition,scratch,0.0572,-80.52,-65.58,2024-03-03T22:40:31
D-0002440,W2403-0375,W2403-0375-W13,DEP-02,deposition,etch_pit,0.0812,99.69,134.68,2024-03-04T00:11:31
D-0002441,W2403-0375,W2403-0375-W19,DEP-02,deposition,patterning_defect,0.0307,-81.48,124.3,2024-03-04T00:17:31
D-0002442,W2403-0376,W2403-0376-W12,DIFF-01,diffusion,bridge,0.0253,-18.58,113.23,2024-03-04T03:33:26
D-0002443,W2403-0376,W2403-0376-W25,DIFF-01,diffusion,particle,0.0344,-108.31,-46.6,2024-03-04T04:14:26
D-0002444,W2403-0376,W2403-0376-W23,DIFF-01,diffusion,etch_pit,0.0126,-35.0,131.18,2024-03-04T03:15:26
D-0002445,W2403-0376,W2403-0376-W17,DIFF-01,diffusion,etch_pit,0.0545,-63.39,-6.29,2024-03-04T03:38:26
D-0002446,W2403-0376,W2403-0376-W08,DIFF-01,diffusion,particle,0.0869,39.26,78.87,2024-03-04T04:24:26
D-0002447,W2403-0376,W2403-0376-W01,DIFF-01,diffusion,scratch,0.039,138.0,120.55,2024-03-04T04:26:26
D-0002448,W2403-0376,W2403-0376-W01,DIFF-01,diffusion,scratch,0.088,-26.76,147.02,2024-03-04T02:44:26
D-0002449,W2403-0376,W2403-0376-W12,DIFF-01,diffusion,scratch,0.0124,17.02,140.34,2024-03-04T03:59:26
D-0002450,W2403-0377,W2403-0377-W17,DEP-01,deposition,bridge,0.0457,-30.73,53.26,2024-03-04T06:26:45
D-0002451,W2403-0377,W2403-0377-W08,DEP-01,deposition,etch_pit,0.0861,-98.7,-74.77,2024-03-04T06:35:45
D-0002452,W2403-0377,W2403-0377-W16,DEP-01,deposition,particle,0.0819,36.19,64.69,2024-03-04T07:39:45
D-0002453,W2403-0377,W2403-0377-W18,DEP-01,deposition,void,0.0432,-86.76,27.38,2024-03-04T08:43:45
D-0002454,W2403-0377,W2403-0377-W22,DEP-01,deposition,particle,0.0749,19.63,82.47,2024-03-04T06:56:45
D-0002455,W2403-0377,W2403-0377-W17,DEP-01,deposition,void,0.0761,59.5,-74.02,2024-03-04T06:56:45
D-0002456,W2403-0377,W2403-0377-W10,DEP-01,deposition,bridge,0.0738,-97.24,94.6,2024-03-04T08:17:45
D-0002457,W2403-0377,W2403-0377-W22,DEP-01,deposition,bridge,0.0348,-114.77,-146.51,2024-03-04T07:05:45
D-0002458,W2403-0378,W2403-0378-W18,LIT-03,litho,bridge,0.0105,-147.66,-52.39,2024-03-04T13:03:29
D-0002459,W2403-0378,W2403-0378-W02,LIT-03,litho,scratch,0.049,-48.13,-125.37,2024-03-04T10:09:29
D-0002460,W2403-0378,W2403-0378-W05,LIT-03,litho,bridge,0.0684,46.51,-147.92,2024-03-04T13:09:29
D-0002461,W2403-0378,W2403-0378-W16,LIT-03,litho,void,0.0393,-68.07,-30.29,2024-03-04T12:19:29
D-0002462,W2403-0378,W2403-0378-W16,LIT-03,litho,bridge,0.0627,58.46,-132.45,2024-03-04T11:12:29
D-0002463,W2403-0379,W2403-0379-W14,DEP-02,deposition,particle,0.0473,44.77,-143.66,2024-03-04T14:11:54
D-0002464,W2403-0379,W2403-0379-W12,DEP-02,deposition,scratch,0.0645,21.2,-73.65,2024-03-04T14:29:54
D-0002465,W2403-0379,W2403-0379-W02,DEP-02,deposition,scratch,0.0677,-132.49,10.3,2024-03-04T17:02:54
D-0002466,W2403-0379,W2403-0379-W11,DEP-02,deposition,scratch,0.0534,130.78,-92.79,2024-03-04T13:49:54
D-0002467,W2403-0379,W2403-0379-W19,DEP-02,deposition,patterning_defect,0.0506,-1.96,119.82,2024-03-04T16:42:54
D-0002468,W2403-0379,W2403-0379-W18,DEP-02,deposition,scratch,0.0528,42.99,-21.98,2024-03-04T17:09:54
D-0002469,W2403-0379,W2403-0379-W03,DEP-02,deposition,etch_pit,0.0368,142.39,-103.25,2024-03-04T14:20:54
D-0002470,W2403-0380,W2403-0380-W16,DEP-01,deposition,particle,0.0693,9.39,0.05,2024-03-04T18:25:13
D-0002471,W2403-0380,W2403-0380-W20,DEP-01,deposition,bridge,0.0106,-40.24,66.27,2024-03-04T20:24:13
D-0002472,W2403-0380,W2403-0380-W14,DEP-01,deposition,void,0.0885,141.68,50.45,2024-03-04T18:07:13
D-0002473,W2403-0380,W2403-0380-W20,DEP-01,deposition,particle,0.0159,-110.05,-113.49,2024-03-04T20:23:13
D-0002474,W2403-0380,W2403-0380-W05,DEP-01,deposition,void,0.0677,-111.35,-81.4,2024-03-04T18:38:13
D-0002475,W2403-0380,W2403-0380-W19,DEP-01,deposition,void,0.0103,-68.94,43.94,2024-03-04T18:50:13
D-0002476,W2403-0380,W2403-0380-W25,DEP-01,deposition,void,0.0372,-100.87,122.03,2024-03-04T19:27:13
D-0002477,W2403-0381,W2403-0381-W21,IMP-01,implant,patterning_defect,0.0832,92.55,-125.96,2024-03-04T23:15:10
D-0002478,W2403-0381,W2403-0381-W20,IMP-01,implant,bridge,0.0167,30.26,141.13,2024-03-05T01:42:10
D-0002479,W2403-0381,W2403-0381-W15,IMP-01,implant,scratch,0.0849,-58.79,107.04,2024-03-05T01:43:10
D-0002480,W2403-0381,W2403-0381-W10,IMP-01,implant,patterning_defect,0.0339,92.59,97.36,2024-03-05T00:50:10
D-0002481,W2403-0381,W2403-0381-W14,IMP-01,implant,scratch,0.0204,30.18,5.11,2024-03-05T00:40:10
D-0002482,W2403-0381,W2403-0381-W08,IMP-01,implant,bridge,0.0242,45.63,134.84,2024-03-05T01:43:10
D-0002483,W2403-0381,W2403-0381-W16,IMP-01,implant,etch_pit,0.0289,126.35,-19.6,2024-03-05T01:43:10
D-0002484,W2403-0381,W2403-0381-W15,IMP-01,implant,void,0.0805,-72.15,-92.0,2024-03-04T23:39:10
D-0002485,W2403-0382,W2403-0382-W21,DEP-03,deposition,etch_pit,0.0788,36.55,-11.19,2024-03-05T04:07:38
D-0002486,W2403-0382,W2403-0382-W06,DEP-03,deposition,bridge,0.0794,-41.15,-116.13,2024-03-05T03:44:38
D-0002487,W2403-0382,W2403-0382-W25,DEP-03,deposition,etch_pit,0.0346,117.51,109.23,2024-03-05T04:46:38
D-0002488,W2403-0382,W2403-0382-W02,DEP-03,deposition,etch_pit,0.0591,21.26,78.34,2024-03-05T02:58:38
D-0002489,W2403-0382,W2403-0382-W09,DEP-03,deposition,patterning_defect,0.0618,41.93,-111.64,2024-03-05T04:01:38
D-0002490,W2403-0383,W2403-0383-W14,CMP-01,cmp,patterning_defect,0.0601,65.86,20.15,2024-03-05T05:44:42
D-0002491,W2403-0383,W2403-0383-W20,CMP-01,cmp,particle,0.0659,-5.09,-6.59,2024-03-05T06:14:42
D-0002492,W2403-0383,W2403-0383-W10,CMP-01,cmp,etch_pit,0.0424,57.97,139.76,2024-03-05T06:17:42
D-0002493,W2403-0383,W2403-0383-W05,CMP-01,cmp,void,0.0575,126.01,-83.19,2024-03-05T09:02:42
D-0002494,W2403-0383,W2403-0383-W20,CMP-01,cmp,scratch,0.0576,-123.81,136.32,2024-03-05T08:23:42
D-0002495,W2403-0383,W2403-0383-W02,CMP-01,cmp,patterning_defect,0.0643,-104.8,-76.97,2024-03-05T08:43:42
D-0002496,W2403-0383,W2403-0383-W04,CMP-01,cmp,etch_pit,0.0247,-94.68,-56.4,2024-03-05T05:58:42
D-0002497,W2403-0383,W2403-0383-W09,CMP-01,cmp,void,0.0793,-23.51,139.96,2024-03-05T05:45:42
D-0002498,W2403-0384,W2403-0384-W21,LIT-03,litho,particle,0.0313,124.69,88.56,2024-03-05T10:43:14
D-0002499,W2403-0384,W2403-0384-W11,LIT-03,litho,bridge,0.0888,-67.68,89.74,2024-03-05T10:29:14
D-0002500,W2403-0384,W2403-0384-W06,LIT-03,litho,bridge,0.061,99.55,137.92,2024-03-05T12:33:14
D-0002501,W2403-0384,W2403-0384-W25,LIT-03,litho,scratch,0.0434,-25.2,57.67,2024-03-05T13:09:14
D-0002502,W2403-0385,W2403-0385-W03,DIFF-01,diffusion,patterning_defect,0.0299,28.35,86.31,2024-03-05T14:48:00
D-0002503,W2403-0385,W2403-0385-W14,DIFF-01,diffusion,etch_pit,0.0231,-59.24,68.12,2024-03-05T15:06:00
D-0002504,W2403-0385,W2403-0385-W13,DIFF-01,diffusion,scratch,0.0134,-88.57,31.32,2024-03-05T14:10:00
D-0002505,W2403-0385,W2403-0385-W19,DIFF-01,diffusion,particle,0.0877,-132.43,-59.42,2024-03-05T16:02:00
D-0002506,W2403-0385,W2403-0385-W14,DIFF-01,diffusion,particle,0.0773,-56.09,-105.6,2024-03-05T16:14:00
D-0002507,W2403-0385,W2403-0385-W16,DIFF-01,diffusion,scratch,0.069,-52.18,-71.58,2024-03-05T14:19:00
D-0002508,W2403-0385,W2403-0385-W23,DIFF-01,diffusion,patterning_defect,0.0241,-74.92,-29.64,2024-03-05T16:12:00
D-0002509,W2403-0386,W2403-0386-W05,DEP-03,deposition,etch_pit,0.07,69.94,-17.02,2024-03-05T19:20:49
D-0002510,W2403-0386,W2403-0386-W09,DEP-03,deposition,patterning_defect,0.028,-90.46,135.88,2024-03-05T20:42:49
D-0002511,W2403-0386,W2403-0386-W19,DEP-03,deposition,void,0.0115,-53.8,-85.82,2024-03-05T21:06:49
D-0002512,W2403-0386,W2403-0386-W22,DEP-03,deposition,bridge,0.0247,146.42,-45.67,2024-03-05T19:58:49
D-0002513,W2403-0386,W2403-0386-W16,DEP-03,deposition,bridge,0.0278,-12.91,-75.06,2024-03-05T21:11:49
D-0002514,W2403-0386,W2403-0386-W17,DEP-03,deposition,particle,0.0277,-143.13,-5.54,2024-03-05T18:57:49
D-0002515,W2403-0386,W2403-0386-W11,DEP-03,deposition,scratch,0.0819,53.41,-133.96,2024-03-05T18:45:49
D-0002516,W2403-0386,W2403-0386-W14,DEP-03,deposition,scratch,0.0776,-103.55,76.93,2024-03-05T18:51:49
D-0002517,W2403-0387,W2403-0387-W21,DIFF-01,diffusion,bridge,0.0399,63.94,-12.33,2024-03-05T21:55:08
D-0002518,W2403-0387,W2403-0387-W08,DIFF-01,diffusion,scratch,0.0136,123.92,-29.87,2024-03-05T22:13:08
D-0002519,W2403-0387,W2403-0387-W08,DIFF-01,diffusion,etch_pit,0.0361,95.02,-3.73,2024-03-05T22:03:08
D-0002520,W2403-0387,W2403-0387-W12,DIFF-01,diffusion,patterning_defect,0.0359,107.04,-132.87,2024-03-06T00:11:08
D-0002521,W2403-0388,W2403-0388-W21,IMP-02,implant,patterning_defect,0.0142,-103.74,117.82,2024-03-06T05:30:52
D-0002522,W2403-0388,W2403-0388-W22,IMP-02,implant,bridge,0.0857,-31.81,-127.78,2024-03-06T04:32:52
D-0002523,W2403-0388,W2403-0388-W20,IMP-02,implant,scratch,0.075,106.04,-109.78,2024-03-06T03:00:52
D-0002524,W2403-0388,W2403-0388-W17,IMP-02,implant,etch_pit,0.0128,-4.08,5.03,2024-03-06T04:31:52
D-0002525,W2403-0388,W2403-0388-W03,IMP-02,implant,etch_pit,0.0758,69.36,115.01,2024-03-06T02:06:52
D-0002526,W2403-0388,W2403-0388-W12,IMP-02,implant,etch_pit,0.0279,56.2,33.15,2024-03-06T03:06:52
D-0002527,W2403-0389,W2403-0389-W20,IMP-01,implant,etch_pit,0.0476,-49.71,-0.83,2024-03-06T08:51:53
D-0002528,W2403-0389,W2403-0389-W11,IMP-01,implant,void,0.086,117.45,-32.09,2024-03-06T09:02:53
D-0002529,W2403-0389,W2403-0389-W08,IMP-01,implant,scratch,0.0512,44.58,143.24,2024-03-06T07:22:53
D-0002530,W2403-0389,W2403-0389-W08,IMP-01,implant,particle,0.0727,-113.14,-26.67,2024-03-06T05:57:53
D-0002531,W2403-0390,W2403-0390-W22,CMP-01,cmp,void,0.0859,-20.09,-54.85,2024-03-06T09:46:40
D-0002532,W2403-0390,W2403-0390-W25,CMP-01,cmp,particle,0.0449,-127.2,-136.62,2024-03-06T10:23:40
D-0002533,W2403-0390,W2403-0390-W02,CMP-01,cmp,scratch,0.055,-34.15,91.99,2024-03-06T12:34:40
D-0002534,W2403-0390,W2403-0390-W21,CMP-01,cmp,void,0.0456,112.42,-57.79,2024-03-06T12:39:40
D-0002535,W2403-0390,W2403-0390-W07,CMP-01,cmp,bridge,0.0438,123.05,1.55,2024-03-06T12:54:40
D-0002536,W2403-0390,W2403-0390-W25,CMP-01,cmp,bridge,0.0187,-125.56,-64.21,2024-03-06T12:57:40
D-0002537,W2403-0390,W2403-0390-W14,CMP-01,cmp,etch_pit,0.078,69.34,29.77,2024-03-06T11:48:40
D-0002538,W2403-0390,W2403-0390-W17,CMP-01,cmp,void,0.0546,11.31,-87.28,2024-03-06T10:55:40
D-0002539,W2403-0391,W2403-0391-W22,CMP-02,cmp,particle,0.0851,16.35,-115.06,2024-03-06T16:24:40
D-0002540,W2403-0391,W2403-0391-W16,CMP-02,cmp,etch_pit,0.0687,-122.6,94.56,2024-03-06T15:44:40
D-0002541,W2403-0391,W2403-0391-W14,CMP-02,cmp,patterning_defect,0.0137,-44.55,-138.51,2024-03-06T16:45:40
D-0002542,W2403-0391,W2403-0391-W13,CMP-02,cmp,scratch,0.042,16.93,77.08,2024-03-06T15:51:40
D-0002543,W2403-0391,W2403-0391-W16,CMP-02,cmp,scratch,0.0127,-6.21,-102.49,2024-03-06T16:18:40
D-0002544,W2403-0391,W2403-0391-W06,CMP-02,cmp,etch_pit,0.0679,144.09,-115.55,2024-03-06T17:05:40
D-0002545,W2403-0391,W2403-0391-W10,CMP-02,cmp,void,0.0606,-12.49,-44.19,2024-03-06T15:26:40
D-0002546,W2403-0392,W2403-0392-W15,DIFF-01,diffusion,void,0.0682,63.15,-140.42,2024-03-06T20:19:32
D-0002547,W2403-0392,W2403-0392-W08,DIFF-01,diffusion,particle,0.042,-16.85,114.52,2024-03-06T21:17:32
D-0002548,W2403-0392,W2403-0392-W20,DIFF-01,diffusion,bridge,0.0891,-38.37,42.18,2024-03-06T19:31:32
D-0002549,W2403-0392,W2403-0392-W10,DIFF-01,diffusion,bridge,0.0264,-11.49,-125.33,2024-03-06T19:42:32
D-0002550,W2403-0393,W2403-0393-W09,CMP-02,cmp,bridge,0.0855,-36.08,4.5,2024-03-06T23:42:34
D-0002551,W2403-0393,W2403-0393-W15,CMP-02,cmp,void,0.0795,-48.39,-2.56,2024-03-06T22:21:34
D-0002552,W2403-0393,W2403-0393-W03,CMP-02,cmp,void,0.0383,-135.46,50.31,2024-03-07T01:19:34
D-0002553,W2403-0393,W2403-0393-W12,CMP-02,cmp,etch_pit,0.0266,-58.51,126.99,2024-03-06T22:18:34
D-0002554,W2403-0393,W2403-0393-W17,CMP-02,cmp,particle,0.0601,-18.21,26.39,2024-03-06T22:33:34
D-0002555,W2403-0393,W2403-0393-W01,CMP-02,cmp,etch_pit,0.0208,8.72,137.47,2024-03-06T23:45:34
D-0002556,W2403-0393,W2403-0393-W11,CMP-02,cmp,etch_pit,0.0271,80.62,60.64,2024-03-06T23:59:34
D-0002557,W2403-0394,W2403-0394-W01,DIFF-01,diffusion,bridge,0.018,-1.45,17.05,2024-03-07T02:22:54
D-0002558,W2403-0394,W2403-0394-W19,DIFF-01,diffusion,etch_pit,0.0772,-116.9,-64.61,2024-03-07T03:58:54
D-0002559,W2403-0394,W2403-0394-W22,DIFF-01,diffusion,scratch,0.0782,-106.21,49.11,2024-03-07T02:30:54
D-0002560,W2403-0394,W2403-0394-W12,DIFF-01,diffusion,patterning_defect,0.0332,-53.27,47.14,2024-03-07T03:22:54
D-0002561,W2403-0394,W2403-0394-W10,DIFF-01,diffusion,bridge,0.0125,147.07,65.54,2024-03-07T04:45:54
D-0002562,W2403-0395,W2403-0395-W19,DIFF-02,diffusion,patterning_defect,0.0774,20.27,-1.2,2024-03-07T08:24:13
D-0002563,W2403-0395,W2403-0395-W15,DIFF-02,diffusion,scratch,0.0508,-108.74,-36.5,2024-03-07T07:23:13
D-0002564,W2403-0395,W2403-0395-W07,DIFF-02,diffusion,particle,0.0739,81.04,-74.88,2024-03-07T06:39:13
D-0002565,W2403-0395,W2403-0395-W25,DIFF-02,diffusion,bridge,0.0122,23.92,-62.27,2024-03-07T07:03:13
D-0002566,W2403-0395,W2403-0395-W06,DIFF-02,diffusion,bridge,0.0595,-81.64,-143.71,2024-03-07T08:40:13
D-0002567,W2403-0395,W2403-0395-W23,DIFF-02,diffusion,scratch,0.045,20.31,137.61,2024-03-07T07:28:13
D-0002568,W2403-0395,W2403-0395-W11,DIFF-02,diffusion,patterning_defect,0.0431,-33.53,3.57,2024-03-07T07:50:13
D-0002569,W2403-0395,W2403-0395-W23,DIFF-02,diffusion,scratch,0.018,31.48,-36.48,2024-03-07T06:20:13
D-0002570,W2403-0396,W2403-0396-W05,DIFF-01,diffusion,void,0.0362,-28.54,-147.76,2024-03-07T09:52:04
D-0002571,W2403-0396,W2403-0396-W08,DIFF-01,diffusion,particle,0.028,135.27,-137.39,2024-03-07T10:57:04
D-0002572,W2403-0396,W2403-0396-W24,DIFF-01,diffusion,void,0.0782,141.73,-118.58,2024-03-07T10:52:04
D-0002573,W2403-0396,W2403-0396-W03,DIFF-01,diffusion,bridge,0.0515,70.5,97.17,2024-03-07T09:46:04
D-0002574,W2403-0396,W2403-0396-W17,DIFF-01,diffusion,etch_pit,0.0233,107.89,114.0,2024-03-07T09:23:04
D-0002575,W2403-0396,W2403-0396-W11,DIFF-01,diffusion,particle,0.0422,-136.05,12.59,2024-03-07T09:49:04
D-0002576,W2403-0397,W2403-0397-W07,DEP-01,deposition,bridge,0.049,15.89,80.85,2024-03-07T15:38:14
D-0002577,W2403-0397,W2403-0397-W21,DEP-01,deposition,bridge,0.0567,-35.28,-91.28,2024-03-07T13:55:14
D-0002578,W2403-0397,W2403-0397-W11,DEP-01,deposition,particle,0.0413,-52.76,15.39,2024-03-07T17:01:14
D-0002579,W2403-0397,W2403-0397-W10,DEP-01,deposition,scratch,0.0224,-105.87,89.17,2024-03-07T14:40:14
D-0002580,W2403-0397,W2403-0397-W23,DEP-01,deposition,bridge,0.0301,13.18,-31.92,2024-03-07T16:39:14
D-0002581,W2403-0398,W2403-0398-W08,CMP-01,cmp,etch_pit,0.0288,-126.11,-39.64,2024-03-07T18:22:09
D-0002582,W2403-0398,W2403-0398-W03,CMP-01,cmp,etch_pit,0.0797,123.19,-139.59,2024-03-07T18:04:09
D-0002583,W2403-0398,W2403-0398-W13,CMP-01,cmp,bridge,0.0605,93.03,125.19,2024-03-07T20:46:09
D-0002584,W2403-0398,W2403-0398-W04,CMP-01,cmp,bridge,0.0299,21.98,-147.09,2024-03-07T17:46:09
D-0002585,W2403-0399,W2403-0399-W09,ETCH-03,etch,particle,0.3913,-121.43,0.41,2024-03-08T00:26:11
D-0002586,W2403-0399,W2403-0399-W04,ETCH-03,etch,bridge,0.3999,90.66,34.46,2024-03-08T00:23:11
D-0002587,W2403-0399,W2403-0399-W11,ETCH-03,etch,bridge,0.2822,47.02,29.58,2024-03-07T22:33:11
D-0002588,W2403-0399,W2403-0399-W24,ETCH-03,etch,particle,0.3313,50.39,-86.0,2024-03-07T21:32:11
D-0002589,W2403-0399,W2403-0399-W02,ETCH-03,etch,particle,0.2012,-121.22,76.17,2024-03-07T23:28:11
D-0002590,W2403-0399,W2403-0399-W04,ETCH-03,etch,particle,0.4116,105.76,39.78,2024-03-07T22:35:11
D-0002591,W2403-0399,W2403-0399-W01,ETCH-03,etch,etch_pit,0.2723,-123.39,60.75,2024-03-07T21:56:11
D-0002592,W2403-0399,W2403-0399-W11,ETCH-03,etch,void,0.3001,26.0,-148.34,2024-03-07T22:35:11
D-0002593,W2403-0399,W2403-0399-W15,ETCH-03,etch,particle,0.2775,-148.59,72.96,2024-03-08T00:38:11
D-0002594,W2403-0399,W2403-0399-W02,ETCH-03,etch,bridge,0.4237,-13.94,-60.82,2024-03-08T00:45:11
D-0002595,W2403-0399,W2403-0399-W17,ETCH-03,etch,particle,0.2374,-142.51,-117.84,2024-03-08T00:43:11
D-0002596,W2403-0399,W2403-0399-W12,ETCH-03,etch,bridge,0.2852,-55.22,-111.71,2024-03-08T00:31:11
D-0002597,W2403-0400,W2403-0400-W15,DIFF-01,diffusion,scratch,0.0881,29.69,86.59,2024-03-08T03:16:23
D-0002598,W2403-0400,W2403-0400-W24,DIFF-01,diffusion,scratch,0.0278,106.64,130.33,2024-03-08T02:27:23
D-0002599,W2403-0400,W2403-0400-W09,DIFF-01,diffusion,bridge,0.0564,125.49,7.53,2024-03-08T01:20:23
D-0002600,W2403-0400,W2403-0400-W20,DIFF-01,diffusion,patterning_defect,0.0298,-117.25,-80.83,2024-03-08T04:31:23
D-0002601,W2403-0400,W2403-0400-W20,DIFF-01,diffusion,scratch,0.0249,38.76,138.11,2024-03-08T01:38:23
D-0002602,W2403-0401,W2403-0401-W13,DIFF-01,diffusion,particle,0.0234,77.21,-14.63,2024-03-08T06:06:45
D-0002603,W2403-0401,W2403-0401-W03,DIFF-01,diffusion,etch_pit,0.0545,-45.39,126.79,2024-03-08T06:48:45
D-0002604,W2403-0401,W2403-0401-W08,DIFF-01,diffusion,particle,0.0769,-124.8,147.94,2024-03-08T07:41:45
D-0002605,W2403-0401,W2403-0401-W13,DIFF-01,diffusion,bridge,0.0336,85.47,-99.61,2024-03-08T06:04:45
D-0002606,W2403-0402,W2403-0402-W02,IMP-01,implant,void,0.0331,-130.69,-17.64,2024-03-08T11:42:46
D-0002607,W2403-0402,W2403-0402-W13,IMP-01,implant,void,0.034,18.31,81.92,2024-03-08T12:11:46
D-0002608,W2403-0402,W2403-0402-W19,IMP-01,implant,etch_pit,0.0573,2.61,5.0,2024-03-08T11:28:46
D-0002609,W2403-0402,W2403-0402-W01,IMP-01,implant,etch_pit,0.0297,91.82,-141.44,2024-03-08T09:42:46
D-0002610,W2403-0402,W2403-0402-W15,IMP-01,implant,etch_pit,0.0103,-127.6,-4.09,2024-03-08T12:44:46
D-0002611,W2403-0402,W2403-0402-W08,IMP-01,implant,bridge,0.0351,121.42,28.46,2024-03-08T12:56:46
D-0002612,W2403-0402,W2403-0402-W07,IMP-01,implant,etch_pit,0.0847,-16.64,-118.23,2024-03-08T09:47:46
D-0002613,W2403-0403,W2403-0403-W04,IMP-02,implant,bridge,0.0707,98.98,146.82,2024-03-08T14:53:27
D-0002614,W2403-0403,W2403-0403-W20,IMP-02,implant,particle,0.0838,-69.12,-61.47,2024-03-08T17:09:27
D-0002615,W2403-0403,W2403-0403-W12,IMP-02,implant,scratch,0.0574,-15.57,-81.22,2024-03-08T14:41:27
D-0002616,W2403-0403,W2403-0403-W22,IMP-02,implant,bridge,0.0342,19.26,-27.67,2024-03-08T16:41:27
D-0002617,W2403-0403,W2403-0403-W11,IMP-02,implant,void,0.0229,20.13,-116.55,2024-03-08T17:00:27
D-0002618,W2403-0403,W2403-0403-W22,IMP-02,implant,particle,0.0269,-79.23,-76.35,2024-03-08T13:42:27
D-0002619,W2403-0403,W2403-0403-W25,IMP-02,implant,particle,0.0594,88.5,24.91,2024-03-08T15:20:27
D-0002620,W2403-0404,W2403-0404-W12,LIT-03,litho,scratch,0.0409,-115.72,71.43,2024-03-08T19:39:18
D-0002621,W2403-0404,W2403-0404-W21,LIT-03,litho,etch_pit,0.0288,147.35,-84.5,2024-03-08T20:02:18
D-0002622,W2403-0404,W2403-0404-W10,LIT-03,litho,etch_pit,0.0656,-102.88,1.96,2024-03-08T20:40:18
D-0002623,W2403-0404,W2403-0404-W24,LIT-03,litho,scratch,0.0835,87.25,92.91,2024-03-08T21:07:18
D-0002624,W2403-0404,W2403-0404-W12,LIT-03,litho,etch_pit,0.0401,-50.79,48.05,2024-03-08T20:16:18
D-0002625,W2403-0404,W2403-0404-W05,LIT-03,litho,etch_pit,0.0627,-33.37,-13.94,2024-03-08T18:00:18
D-0002626,W2403-0404,W2403-0404-W09,LIT-03,litho,etch_pit,0.0893,136.77,-67.5,2024-03-08T18:28:18
D-0002627,W2403-0405,W2403-0405-W25,IMP-02,implant,void,0.0587,-17.79,-139.05,2024-03-08T21:39:14
D-0002628,W2403-0405,W2403-0405-W12,IMP-02,implant,void,0.0613,-6.65,-80.76,2024-03-08T22:59:14
D-0002629,W2403-0405,W2403-0405-W15,IMP-02,implant,bridge,0.0195,64.7,-33.2,2024-03-08T23:04:14
D-0002630,W2403-0405,W2403-0405-W01,IMP-02,implant,void,0.0749,17.07,-92.98,2024-03-08T23:12:14
D-0002631,W2403-0406,W2403-0406-W13,IMP-02,implant,scratch,0.0267,27.57,57.8,2024-03-09T03:48:41
D-0002632,W2403-0406,W2403-0406-W01,IMP-02,implant,particle,0.0337,142.2,43.47,2024-03-09T03:26:41
D-0002633,W2403-0406,W2403-0406-W16,IMP-02,implant,particle,0.0799,29.59,-78.27,2024-03-09T04:43:41
D-0002634,W2403-0406,W2403-0406-W05,IMP-02,implant,void,0.0772,-119.48,12.22,2024-03-09T03:35:41
D-0002635,W2403-0406,W2403-0406-W13,IMP-02,implant,patterning_defect,0.0567,-104.03,-53.0,2024-03-09T04:28:41
D-0002636,W2403-0406,W2403-0406-W21,IMP-02,implant,particle,0.0119,126.33,-32.95,2024-03-09T02:07:41
D-0002637,W2403-0407,W2403-0407-W02,ETCH-02,etch,bridge,0.0727,88.29,-115.9,2024-03-09T09:29:26
D-0002638,W2403-0407,W2403-0407-W24,ETCH-02,etch,particle,0.0754,-22.61,-25.25,2024-03-09T08:41:26
D-0002639,W2403-0407,W2403-0407-W15,ETCH-02,etch,scratch,0.0306,-73.79,80.85,2024-03-09T08:51:26
D-0002640,W2403-0407,W2403-0407-W21,ETCH-02,etch,void,0.0211,-122.86,-80.17,2024-03-09T06:24:26
D-0002641,W2403-0408,W2403-0408-W17,DIFF-02,diffusion,particle,0.0711,9.2,-58.72,2024-03-09T11:38:42
D-0002642,W2403-0408,W2403-0408-W19,DIFF-02,diffusion,bridge,0.0711,55.61,116.12,2024-03-09T13:03:42
D-0002643,W2403-0408,W2403-0408-W18,DIFF-02,diffusion,etch_pit,0.0482,-90.4,128.79,2024-03-09T10:20:42
D-0002644,W2403-0408,W2403-0408-W02,DIFF-02,diffusion,scratch,0.031,-111.79,52.53,2024-03-09T12:01:42
D-0002645,W2403-0408,W2403-0408-W21,DIFF-02,diffusion,scratch,0.0893,106.11,130.73,2024-03-09T11:23:42
D-0002646,W2403-0408,W2403-0408-W24,DIFF-02,diffusion,void,0.0585,-111.32,-127.6,2024-03-09T12:17:42
D-0002647,W2403-0408,W2403-0408-W18,DIFF-02,diffusion,particle,0.0212,-26.62,74.69,2024-03-09T12:16:42
D-0002648,W2403-0408,W2403-0408-W24,DIFF-02,diffusion,patterning_defect,0.0758,-112.77,-34.45,2024-03-09T12:45:42
D-0002649,W2403-0409,W2403-0409-W01,LIT-01,litho,scratch,0.0431,78.84,56.7,2024-03-09T15:26:27
D-0002650,W2403-0409,W2403-0409-W20,LIT-01,litho,scratch,0.0505,-54.57,37.45,2024-03-09T16:06:27
D-0002651,W2403-0409,W2403-0409-W03,LIT-01,litho,void,0.047,-67.37,100.31,2024-03-09T14:12:27
D-0002652,W2403-0409,W2403-0409-W08,LIT-01,litho,etch_pit,0.0633,63.48,69.78,2024-03-09T16:23:27
D-0002653,W2403-0409,W2403-0409-W06,LIT-01,litho,patterning_defect,0.0212,119.11,-104.54,2024-03-09T16:17:27
D-0002654,W2403-0410,W2403-0410-W15,IMP-02,implant,patterning_defect,0.024,115.64,-77.36,2024-03-09T20:00:07
D-0002655,W2403-0410,W2403-0410-W09,IMP-02,implant,bridge,0.06,-53.38,107.3,2024-03-09T18:18:07
D-0002656,W2403-0410,W2403-0410-W11,IMP-02,implant,scratch,0.0592,77.96,-72.07,2024-03-09T20:26:07
D-0002657,W2403-0410,W2403-0410-W17,IMP-02,implant,scratch,0.0869,89.83,73.6,2024-03-09T19:20:07
D-0002658,W2403-0410,W2403-0410-W25,IMP-02,implant,etch_pit,0.0534,2.17,110.89,2024-03-09T18:00:07
D-0002659,W2403-0410,W2403-0410-W03,IMP-02,implant,scratch,0.0877,-83.21,-22.03,2024-03-09T17:37:07
D-0002660,W2403-0410,W2403-0410-W20,IMP-02,implant,etch_pit,0.012,18.45,-6.29,2024-03-09T18:56:07
D-0002661,W2403-0411,W2403-0411-W23,DEP-01,deposition,scratch,0.064,83.96,-132.38,2024-03-09T23:49:43
D-0002662,W2403-0411,W2403-0411-W13,DEP-01,deposition,bridge,0.0234,-5.52,-6.29,2024-03-09T23:42:43
D-0002663,W2403-0411,W2403-0411-W02,DEP-01,deposition,scratch,0.0385,-119.81,-103.72,2024-03-10T00:08:43
D-0002664,W2403-0411,W2403-0411-W24,DEP-01,deposition,scratch,0.0412,-78.86,-98.85,2024-03-09T22:51:43
D-0002665,W2403-0411,W2403-0411-W06,DEP-01,deposition,etch_pit,0.0873,-31.21,-142.3,2024-03-09T21:43:43
D-0002666,W2403-0411,W2403-0411-W07,DEP-01,deposition,scratch,0.0338,10.49,-147.0,2024-03-09T23:45:43
D-0002667,W2403-0412,W2403-0412-W12,CMP-01,cmp,bridge,0.0572,134.51,-9.41,2024-03-10T02:18:17
D-0002668,W2403-0412,W2403-0412-W24,CMP-01,cmp,void,0.0834,21.23,30.29,2024-03-10T02:51:17
D-0002669,W2403-0412,W2403-0412-W16,CMP-01,cmp,etch_pit,0.0353,-45.82,19.17,2024-03-10T04:04:17
D-0002670,W2403-0412,W2403-0412-W05,CMP-01,cmp,scratch,0.0461,54.29,-127.1,2024-03-10T03:22:17
D-0002671,W2403-0412,W2403-0412-W22,CMP-01,cmp,scratch,0.0413,125.88,-145.47,2024-03-10T04:21:17
D-0002672,W2403-0412,W2403-0412-W17,CMP-01,cmp,void,0.0869,-31.9,45.57,2024-03-10T03:10:17
D-0002673,W2403-0413,W2403-0413-W04,ETCH-03,etch,particle,0.436,-62.08,104.35,2024-03-10T05:55:05
D-0002674,W2403-0413,W2403-0413-W07,ETCH-03,etch,particle,0.1839,-136.2,-30.42,2024-03-10T06:06:05
D-0002675,W2403-0413,W2403-0413-W02,ETCH-03,etch,void,0.3172,-105.45,138.27,2024-03-10T07:43:05
D-0002676,W2403-0413,W2403-0413-W09,ETCH-03,etch,patterning_defect,0.3308,3.36,-82.49,2024-03-10T05:46:05
D-0002677,W2403-0413,W2403-0413-W04,ETCH-03,etch,particle,0.3074,64.4,7.38,2024-03-10T05:24:05
D-0002678,W2403-0413,W2403-0413-W06,ETCH-03,etch,void,0.242,-21.83,-43.76,2024-03-10T06:17:05
D-0002679,W2403-0413,W2403-0413-W18,ETCH-03,etch,particle,0.2297,-8.36,-147.04,2024-03-10T07:40:05
D-0002680,W2403-0413,W2403-0413-W15,ETCH-03,etch,bridge,0.3286,-107.96,-8.95,2024-03-10T07:55:05
D-0002681,W2403-0413,W2403-0413-W03,ETCH-03,etch,particle,0.3734,-2.96,59.06,2024-03-10T08:18:05
D-0002682,W2403-0413,W2403-0413-W07,ETCH-03,etch,void,0.2681,-102.21,68.95,2024-03-10T06:26:05
D-0002683,W2403-0413,W2403-0413-W12,ETCH-03,etch,particle,0.3648,-143.19,136.18,2024-03-10T05:23:05
D-0002684,W2403-0413,W2403-0413-W02,ETCH-03,etch,scratch,0.347,56.21,80.04,2024-03-10T08:04:05
D-0002685,W2403-0413,W2403-0413-W05,ETCH-03,etch,particle,0.4168,-87.02,-134.8,2024-03-10T05:56:05
D-0002686,W2403-0414,W2403-0414-W01,CMP-01,cmp,patterning_defect,0.0208,-77.29,-137.59,2024-03-10T12:24:49
D-0002687,W2403-0414,W2403-0414-W21,CMP-01,cmp,void,0.0102,120.52,50.56,2024-03-10T12:08:49
D-0002688,W2403-0414,W2403-0414-W05,CMP-01,cmp,etch_pit,0.0612,-90.15,-12.84,2024-03-10T12:40:49
D-0002689,W2403-0414,W2403-0414-W07,CMP-01,cmp,bridge,0.0884,79.72,-106.82,2024-03-10T11:37:49
D-0002690,W2403-0414,W2403-0414-W01,CMP-01,cmp,etch_pit,0.0189,-25.17,-30.87,2024-03-10T09:45:49
D-0002691,W2403-0414,W2403-0414-W14,CMP-01,cmp,etch_pit,0.0728,33.44,100.17,2024-03-10T11:14:49
D-0002692,W2403-0414,W2403-0414-W24,CMP-01,cmp,bridge,0.0107,-87.51,-148.57,2024-03-10T10:49:49
D-0002693,W2403-0415,W2403-0415-W09,DEP-02,deposition,particle,0.1851,-119.32,-32.49,2024-03-10T16:01:11
D-0002694,W2403-0415,W2403-0415-W15,DEP-02,deposition,particle,0.3652,-63.36,86.06,2024-03-10T14:57:11
D-0002695,W2403-0415,W2403-0415-W18,DEP-02,deposition,particle,0.2689,46.45,-3.04,2024-03-10T14:49:11
D-0002696,W2403-0415,W2403-0415-W05,DEP-02,deposition,scratch,0.2915,57.6,4.69,2024-03-10T16:03:11
D-0002697,W2403-0415,W2403-0415-W05,DEP-02,deposition,particle,0.2121,-147.19,94.8,2024-03-10T16:20:11
D-0002698,W2403-0415,W2403-0415-W20,DEP-02,deposition,patterning_defect,0.2901,21.8,61.11,2024-03-10T13:58:11
D-0002699,W2403-0415,W2403-0415-W24,DEP-02,deposition,void,0.2327,-50.69,-100.6,2024-03-10T14:57:11
D-0002700,W2403-0415,W2403-0415-W12,DEP-02,deposition,particle,0.246,-100.53,47.88,2024-03-10T15:54:11
D-0002701,W2403-0415,W2403-0415-W02,DEP-02,deposition,particle,0.4061,-91.45,-13.1,2024-03-10T15:26:11
D-0002702,W2403-0415,W2403-0415-W21,DEP-02,deposition,particle,0.2745,-68.24,-131.93,2024-03-10T16:32:11
D-0002703,W2403-0415,W2403-0415-W23,DEP-02,deposition,particle,0.4487,-97.04,-47.72,2024-03-10T16:26:11
D-0002704,W2403-0415,W2403-0415-W07,DEP-02,deposition,scratch,0.1926,-117.26,-114.49,2024-03-10T14:57:11
D-0002705,W2403-0415,W2403-0415-W25,DEP-02,deposition,particle,0.2676,1.95,-19.25,2024-03-10T14:19:11
D-0002706,W2403-0415,W2403-0415-W15,DEP-02,deposition,particle,0.3267,11.41,-29.24,2024-03-10T14:29:11
D-0002707,W2403-0415,W2403-0415-W03,DEP-02,deposition,patterning_defect,0.2546,26.09,139.87,2024-03-10T13:38:11
D-0002708,W2403-0415,W2403-0415-W09,DEP-02,deposition,etch_pit,0.2769,119.92,116.49,2024-03-10T15:42:11
D-0002709,W2403-0416,W2403-0416-W23,LIT-03,litho,etch_pit,0.0477,100.36,-20.33,2024-03-10T21:19:39
D-0002710,W2403-0416,W2403-0416-W10,LIT-03,litho,etch_pit,0.0205,32.53,117.08,2024-03-10T19:29:39
D-0002711,W2403-0416,W2403-0416-W23,LIT-03,litho,scratch,0.0654,-61.09,68.79,2024-03-10T20:27:39
D-0002712,W2403-0416,W2403-0416-W06,LIT-03,litho,particle,0.0689,-43.92,-27.78,2024-03-10T19:17:39
D-0002713,W2403-0417,W2403-0417-W16,CMP-02,cmp,bridge,0.0886,-122.7,53.82,2024-03-11T01:23:16
D-0002714,W2403-0417,W2403-0417-W15,CMP-02,cmp,patterning_defect,0.0738,-82.4,62.18,2024-03-11T01:16:16
D-0002715,W2403-0417,W2403-0417-W11,CMP-02,cmp,void,0.0877,-17.24,-74.47,2024-03-11T01:18:16
D-0002716,W2403-0417,W2403-0417-W22,CMP-02,cmp,particle,0.0898,-148.83,20.86,2024-03-10T23:33:16
D-0002717,W2403-0417,W2403-0417-W17,CMP-02,cmp,bridge,0.0829,-137.39,76.44,2024-03-10T23:31:16
D-0002718,W2403-0417,W2403-0417-W22,CMP-02,cmp,patterning_defect,0.0234,-114.35,-87.88,2024-03-10T23:39:16
D-0002719,W2403-0417,W2403-0417-W23,CMP-02,cmp,void,0.0721,-130.89,123.79,2024-03-10T22:52:16
D-0002720,W2403-0418,W2403-0418-W15,LIT-01,litho,void,0.0699,-110.29,2.26,2024-03-11T04:25:49
D-0002721,W2403-0418,W2403-0418-W17,LIT-01,litho,bridge,0.0677,-146.9,145.54,2024-03-11T04:04:49
D-0002722,W2403-0418,W2403-0418-W09,LIT-01,litho,void,0.0185,-114.18,-75.57,2024-03-11T04:24:49
D-0002723,W2403-0418,W2403-0418-W20,LIT-01,litho,etch_pit,0.0483,114.39,103.0,2024-03-11T02:30:49
D-0002724,W2403-0418,W2403-0418-W15,LIT-01,litho,particle,0.0825,-51.15,-31.6,2024-03-11T02:10:49
D-0002725,W2403-0418,W2403-0418-W08,LIT-01,litho,scratch,0.0641,73.95,113.81,2024-03-11T04:51:49
D-0002726,W2403-0419,W2403-0419-W05,DEP-02,deposition,scratch,0.3781,138.04,18.12,2024-03-11T08:41:11
D-0002727,W2403-0419,W2403-0419-W17,DEP-02,deposition,particle,0.356,13.74,79.56,2024-03-11T09:22:11
D-0002728,W2403-0419,W2403-0419-W08,DEP-02,deposition,patterning_defect,0.3062,58.61,-133.76,2024-03-11T08:29:11
D-0002729,W2403-0419,W2403-0419-W01,DEP-02,deposition,void,0.307,-1.06,-64.2,2024-03-11T08:33:11
D-0002730,W2403-0419,W2403-0419-W20,DEP-02,deposition,bridge,0.4345,45.74,-60.44,2024-03-11T07:14:11
D-0002731,W2403-0419,W2403-0419-W11,DEP-02,deposition,particle,0.4232,47.52,110.13,2024-03-11T07:23:11
D-0002732,W2403-0419,W2403-0419-W09,DEP-02,deposition,particle,0.44,-14.33,24.3,2024-03-11T06:47:11
D-0002733,W2403-0419,W2403-0419-W24,DEP-02,deposition,particle,0.2841,80.81,-46.68,2024-03-11T08:51:11
D-0002734,W2403-0419,W2403-0419-W08,DEP-02,deposition,particle,0.302,-43.31,20.28,2024-03-11T09:00:11
D-0002735,W2403-0419,W2403-0419-W13,DEP-02,deposition,particle,0.3961,-71.78,-47.42,2024-03-11T08:50:11
D-0002736,W2403-0419,W2403-0419-W17,DEP-02,deposition,particle,0.345,-50.84,37.75,2024-03-11T09:05:11
D-0002737,W2403-0419,W2403-0419-W19,DEP-02,deposition,void,0.3048,31.58,84.28,2024-03-11T07:53:11
D-0002738,W2403-0419,W2403-0419-W12,DEP-02,deposition,scratch,0.2648,2.2,-82.56,2024-03-11T08:56:11
D-0002739,W2403-0419,W2403-0419-W16,DEP-02,deposition,particle,0.3598,88.62,-127.53,2024-03-11T08:06:11
D-0002740,W2403-0419,W2403-0419-W17,DEP-02,deposition,particle,0.4024,146.31,52.8,2024-03-11T08:09:11
D-0002741,W2403-0419,W2403-0419-W23,DEP-02,deposition,particle,0.4489,45.34,-119.84,2024-03-11T08:59:11
D-0002742,W2403-0419,W2403-0419-W15,DEP-02,deposition,particle,0.2847,113.29,55.45,2024-03-11T06:53:11
D-0002743,W2403-0420,W2403-0420-W22,IMP-01,implant,particle,0.0601,-2.4,10.31,2024-03-11T11:28:04
D-0002744,W2403-0420,W2403-0420-W19,IMP-01,implant,scratch,0.0253,64.22,0.31,2024-03-11T11:01:04
D-0002745,W2403-0420,W2403-0420-W01,IMP-01,implant,scratch,0.0251,24.33,31.0,2024-03-11T10:22:04
D-0002746,W2403-0420,W2403-0420-W18,IMP-01,implant,scratch,0.0713,67.96,-82.19,2024-03-11T13:04:04
D-0002747,W2403-0420,W2403-0420-W05,IMP-01,implant,patterning_defect,0.0647,-32.01,-90.72,2024-03-11T11:46:04
D-0002748,W2403-0420,W2403-0420-W08,IMP-01,implant,scratch,0.0637,-50.36,-113.57,2024-03-11T12:28:04
D-0002749,W2403-0421,W2403-0421-W05,IMP-01,implant,scratch,0.0652,-92.86,139.64,2024-03-11T15:05:57
D-0002750,W2403-0421,W2403-0421-W09,IMP-01,implant,void,0.016,-22.68,33.49,2024-03-11T14:11:57
D-0002751,W2403-0421,W2403-0421-W19,IMP-01,implant,scratch,0.0386,-39.29,58.07,2024-03-11T14:13:57
D-0002752,W2403-0421,W2403-0421-W05,IMP-01,implant,particle,0.0429,-8.86,-127.05,2024-03-11T15:50:57
D-0002753,W2403-0421,W2403-0421-W10,IMP-01,implant,scratch,0.0847,-41.59,-67.32,2024-03-11T16:03:57
D-0002754,W2403-0421,W2403-0421-W13,IMP-01,implant,particle,0.0228,15.2,-74.71,2024-03-11T16:52:57
D-0002755,W2403-0421,W2403-0421-W20,IMP-01,implant,particle,0.0608,-6.67,69.26,2024-03-11T17:24:57
D-0002756,W2403-0422,W2403-0422-W14,CMP-01,cmp,scratch,0.045,-28.24,121.03,2024-03-11T18:40:06
D-0002757,W2403-0422,W2403-0422-W05,CMP-01,cmp,patterning_defect,0.0533,-78.42,62.61,2024-03-11T18:03:06
D-0002758,W2403-0422,W2403-0422-W12,CMP-01,cmp,void,0.0327,17.12,-43.9,2024-03-11T20:48:06
D-0002759,W2403-0422,W2403-0422-W01,CMP-01,cmp,patterning_defect,0.0397,-52.5,130.99,2024-03-11T20:25:06
D-0002760,W2403-0423,W2403-0423-W02,DEP-03,deposition,particle,0.0426,61.3,-21.25,2024-03-12T00:25:45
D-0002761,W2403-0423,W2403-0423-W16,DEP-03,deposition,void,0.0531,90.0,-56.14,2024-03-12T01:41:45
D-0002762,W2403-0423,W2403-0423-W07,DEP-03,deposition,scratch,0.021,-26.84,144.88,2024-03-12T00:45:45
D-0002763,W2403-0423,W2403-0423-W24,DEP-03,deposition,bridge,0.031,96.4,-138.46,2024-03-12T00:31:45
D-0002764,W2403-0423,W2403-0423-W06,DEP-03,deposition,bridge,0.076,-29.71,-36.65,2024-03-12T01:07:45
D-0002765,W2403-0423,W2403-0423-W05,DEP-03,deposition,patterning_defect,0.0439,127.88,-143.82,2024-03-12T01:13:45
D-0002766,W2403-0424,W2403-0424-W05,LIT-03,litho,particle,0.0455,133.77,52.61,2024-03-12T04:16:31
D-0002767,W2403-0424,W2403-0424-W04,LIT-03,litho,void,0.0584,-20.36,130.69,2024-03-12T04:32:31
D-0002768,W2403-0424,W2403-0424-W01,LIT-03,litho,patterning_defect,0.0154,-47.45,-116.87,2024-03-12T02:43:31
D-0002769,W2403-0424,W2403-0424-W02,LIT-03,litho,scratch,0.0779,-73.65,33.26,2024-03-12T04:31:31
D-0002770,W2403-0424,W2403-0424-W14,LIT-03,litho,bridge,0.0815,122.88,-35.05,2024-03-12T05:40:31
D-0002771,W2403-0425,W2403-0425-W18,DIFF-02,diffusion,bridge,0.0649,75.96,94.73,2024-03-12T08:38:08
D-0002772,W2403-0425,W2403-0425-W24,DIFF-02,diffusion,bridge,0.0771,71.71,-102.05,2024-03-12T07:44:08
D-0002773,W2403-0425,W2403-0425-W21,DIFF-02,diffusion,bridge,0.019,104.33,-82.15,2024-03-12T08:10:08
D-0002774,W2403-0425,W2403-0425-W03,DIFF-02,diffusion,scratch,0.0836,-136.45,-132.42,2024-03-12T08:31:08
D-0002775,W2403-0426,W2403-0426-W05,IMP-01,implant,void,0.0622,-16.55,-65.64,2024-03-12T12:16:15
D-0002776,W2403-0426,W2403-0426-W25,IMP-01,implant,particle,0.0329,17.78,-2.68,2024-03-12T12:38:15
D-0002777,W2403-0426,W2403-0426-W18,IMP-01,implant,etch_pit,0.0731,116.42,129.19,2024-03-12T10:35:15
D-0002778,W2403-0426,W2403-0426-W13,IMP-01,implant,scratch,0.0227,47.75,98.52,2024-03-12T13:31:15
D-0002779,W2403-0426,W2403-0426-W24,IMP-01,implant,particle,0.0163,148.06,-23.43,2024-03-12T12:47:15
D-0002780,W2403-0427,W2403-0427-W02,DIFF-02,diffusion,patterning_defect,0.0307,60.7,-40.03,2024-03-12T16:30:26
D-0002781,W2403-0427,W2403-0427-W11,DIFF-02,diffusion,particle,0.0805,-2.66,-145.08,2024-03-12T16:27:26
D-0002782,W2403-0427,W2403-0427-W14,DIFF-02,diffusion,etch_pit,0.0758,43.73,115.06,2024-03-12T15:09:26
D-0002783,W2403-0427,W2403-0427-W15,DIFF-02,diffusion,scratch,0.0602,124.21,148.8,2024-03-12T14:47:26
D-0002784,W2403-0427,W2403-0427-W12,DIFF-02,diffusion,void,0.0462,-10.2,-74.32,2024-03-12T16:08:26
D-0002785,W2403-0427,W2403-0427-W18,DIFF-02,diffusion,patterning_defect,0.0309,-17.43,92.52,2024-03-12T17:00:26
D-0002786,W2403-0427,W2403-0427-W20,DIFF-02,diffusion,scratch,0.0354,-9.51,82.08,2024-03-12T14:15:26
D-0002787,W2403-0427,W2403-0427-W14,DIFF-02,diffusion,particle,0.0824,4.16,31.79,2024-03-12T14:41:26
D-0002788,W2403-0428,W2403-0428-W10,DEP-03,deposition,scratch,0.0518,88.08,-108.37,2024-03-12T21:33:30
D-0002789,W2403-0428,W2403-0428-W05,DEP-03,deposition,etch_pit,0.065,-127.78,42.88,2024-03-12T19:46:30
D-0002790,W2403-0428,W2403-0428-W09,DEP-03,deposition,particle,0.0121,-47.2,108.97,2024-03-12T18:29:30
D-0002791,W2403-0428,W2403-0428-W21,DEP-03,deposition,void,0.0439,-49.26,68.13,2024-03-12T19:51:30
D-0002792,W2403-0428,W2403-0428-W18,DEP-03,deposition,void,0.0736,-126.87,101.12,2024-03-12T20:54:30
D-0002793,W2403-0428,W2403-0428-W13,DEP-03,deposition,void,0.09,139.89,23.01,2024-03-12T19:44:30
D-0002794,W2403-0428,W2403-0428-W21,DEP-03,deposition,particle,0.0473,7.06,118.47,2024-03-12T18:54:30
D-0002795,W2403-0428,W2403-0428-W25,DEP-03,deposition,etch_pit,0.031,16.88,-41.43,2024-03-12T19:45:30
D-0002796,W2403-0429,W2403-0429-W03,DIFF-01,diffusion,etch_pit,0.0733,-123.75,30.97,2024-03-13T00:43:34
D-0002797,W2403-0429,W2403-0429-W18,DIFF-01,diffusion,bridge,0.0545,6.65,-148.18,2024-03-13T01:05:34
D-0002798,W2403-0429,W2403-0429-W04,DIFF-01,diffusion,void,0.0654,83.27,55.18,2024-03-13T00:10:34
D-0002799,W2403-0429,W2403-0429-W04,DIFF-01,diffusion,void,0.0132,-9.73,-118.17,2024-03-12T22:20:34
D-0002800,W2403-0429,W2403-0429-W16,DIFF-01,diffusion,etch_pit,0.0147,-81.63,-22.45,2024-03-13T00:26:34
D-0002801,W2403-0429,W2403-0429-W19,DIFF-01,diffusion,void,0.0454,-35.97,59.42,2024-03-13T00:51:34
D-0002802,W2403-0430,W2403-0430-W14,IMP-01,implant,particle,0.0143,141.38,-121.71,2024-03-13T04:09:44
D-0002803,W2403-0430,W2403-0430-W01,IMP-01,implant,particle,0.0475,93.94,-1.08,2024-03-13T04:51:44
D-0002804,W2403-0430,W2403-0430-W12,IMP-01,implant,particle,0.0241,-38.08,-104.72,2024-03-13T04:33:44
D-0002805,W2403-0430,W2403-0430-W10,IMP-01,implant,bridge,0.0231,78.26,37.76,2024-03-13T04:43:44
D-0002806,W2403-0430,W2403-0430-W22,IMP-01,implant,bridge,0.0126,-145.44,52.03,2024-03-13T04:21:44
D-0002807,W2403-0430,W2403-0430-W16,IMP-01,implant,void,0.0599,30.71,-68.83,2024-03-13T03:40:44
D-0002808,W2403-0431,W2403-0431-W21,ETCH-02,etch,scratch,0.0579,-53.26,109.39,2024-03-13T07:55:43
D-0002809,W2403-0431,W2403-0431-W24,ETCH-02,etch,scratch,0.0765,-99.23,-103.9,2024-03-13T08:49:43
D-0002810,W2403-0431,W2403-0431-W22,ETCH-02,etch,bridge,0.0711,-72.14,44.24,2024-03-13T06:14:43
D-0002811,W2403-0431,W2403-0431-W10,ETCH-02,etch,particle,0.0327,-44.93,65.2,2024-03-13T07:52:43
D-0002812,W2403-0431,W2403-0431-W10,ETCH-02,etch,particle,0.0735,53.62,-39.82,2024-03-13T06:48:43
D-0002813,W2403-0431,W2403-0431-W08,ETCH-02,etch,void,0.0725,33.56,-80.53,2024-03-13T07:53:43
D-0002814,W2403-0432,W2403-0432-W25,LIT-02,litho,void,0.0559,84.44,32.16,2024-03-13T11:51:41
D-0002815,W2403-0432,W2403-0432-W18,LIT-02,litho,particle,0.0641,-36.74,124.34,2024-03-13T12:29:41
D-0002816,W2403-0432,W2403-0432-W11,LIT-02,litho,scratch,0.0713,91.88,-12.57,2024-03-13T12:47:41
D-0002817,W2403-0432,W2403-0432-W22,LIT-02,litho,particle,0.0391,-60.11,66.63,2024-03-13T12:26:41
D-0002818,W2403-0432,W2403-0432-W17,LIT-02,litho,particle,0.0318,33.46,4.62,2024-03-13T11:08:41
D-0002819,W2403-0432,W2403-0432-W11,LIT-02,litho,void,0.0237,69.87,51.8,2024-03-13T12:07:41
D-0002820,W2403-0432,W2403-0432-W09,LIT-02,litho,scratch,0.0121,34.93,17.24,2024-03-13T11:07:41
D-0002821,W2403-0433,W2403-0433-W09,CMP-02,cmp,void,0.0295,-105.68,-17.47,2024-03-13T17:14:11
D-0002822,W2403-0433,W2403-0433-W04,CMP-02,cmp,particle,0.0193,57.06,-132.09,2024-03-13T17:42:11
D-0002823,W2403-0433,W2403-0433-W17,CMP-02,cmp,void,0.0654,-127.9,10.2,2024-03-13T16:28:11
D-0002824,W2403-0433,W2403-0433-W22,CMP-02,cmp,void,0.0509,16.06,147.65,2024-03-13T16:05:11
D-0002825,W2403-0433,W2403-0433-W20,CMP-02,cmp,scratch,0.0233,-76.66,97.37,2024-03-13T16:28:11
D-0002826,W2403-0434,W2403-0434-W17,DEP-01,deposition,bridge,0.0142,47.41,66.52,2024-03-13T19:33:10
D-0002827,W2403-0434,W2403-0434-W21,DEP-01,deposition,scratch,0.085,9.5,112.52,2024-03-13T18:53:10
D-0002828,W2403-0434,W2403-0434-W05,DEP-01,deposition,particle,0.0787,-70.12,-45.84,2024-03-13T20:49:10
D-0002829,W2403-0434,W2403-0434-W22,DEP-01,deposition,patterning_defect,0.0107,104.77,-60.64,2024-03-13T19:24:10
D-0002830,W2403-0435,W2403-0435-W17,LIT-01,litho,etch_pit,0.0842,125.57,14.32,2024-03-13T22:46:05
D-0002831,W2403-0435,W2403-0435-W23,LIT-01,litho,bridge,0.0875,105.45,90.7,2024-03-14T00:20:05
D-0002832,W2403-0435,W2403-0435-W22,LIT-01,litho,scratch,0.0683,-65.55,-58.1,2024-03-13T22:21:05
D-0002833,W2403-0435,W2403-0435-W10,LIT-01,litho,scratch,0.0298,-13.21,-118.1,2024-03-14T01:24:05
D-0002834,W2403-0435,W2403-0435-W18,LIT-01,litho,patterning_defect,0.0646,145.03,113.11,2024-03-13T22:40:05
D-0002835,W2403-0435,W2403-0435-W09,LIT-01,litho,void,0.0466,-0.29,10.53,2024-03-14T01:47:05
D-0002836,W2403-0435,W2403-0435-W09,LIT-01,litho,scratch,0.0215,98.99,-95.08,2024-03-14T00:14:05
D-0002837,W2403-0435,W2403-0435-W14,LIT-01,litho,bridge,0.0503,44.42,-13.41,2024-03-14T00:38:05
D-0002838,W2403-0436,W2403-0436-W15,ETCH-01,etch,patterning_defect,0.0365,-65.92,3.79,2024-03-14T04:13:24
D-0002839,W2403-0436,W2403-0436-W25,ETCH-01,etch,scratch,0.0155,-66.26,-114.57,2024-03-14T04:54:24
D-0002840,W2403-0436,W2403-0436-W05,ETCH-01,etch,etch_pit,0.0565,57.19,-85.52,2024-03-14T02:18:24
D-0002841,W2403-0436,W2403-0436-W23,ETCH-01,etch,scratch,0.0582,-94.77,-13.8,2024-03-14T05:07:24
D-0002842,W2403-0436,W2403-0436-W03,ETCH-01,etch,patterning_defect,0.0565,-74.15,117.95,2024-03-14T04:30:24
D-0002843,W2403-0436,W2403-0436-W20,ETCH-01,etch,particle,0.0223,-65.92,142.28,2024-03-14T03:31:24
D-0002844,W2403-0436,W2403-0436-W10,ETCH-01,etch,void,0.0294,65.19,50.39,2024-03-14T04:02:24
D-0002845,W2403-0436,W2403-0436-W04,ETCH-01,etch,patterning_defect,0.0156,-41.68,16.21,2024-03-14T04:00:24
D-0002846,W2403-0437,W2403-0437-W23,DEP-01,deposition,particle,0.0837,109.61,-130.49,2024-03-14T09:54:44
D-0002847,W2403-0437,W2403-0437-W15,DEP-01,deposition,particle,0.0435,33.76,5.5,2024-03-14T07:47:44
D-0002848,W2403-0437,W2403-0437-W08,DEP-01,deposition,particle,0.0128,61.55,-15.05,2024-03-14T07:43:44
D-0002849,W2403-0437,W2403-0437-W08,DEP-01,deposition,scratch,0.0271,-17.88,52.21,2024-03-14T09:53:44
D-0002850,W2403-0437,W2403-0437-W21,DEP-01,deposition,etch_pit,0.0827,-128.91,-25.67,2024-03-14T09:13:44
D-0002851,W2403-0438,W2403-0438-W10,ETCH-01,etch,scratch,0.0798,-44.06,-92.96,2024-03-14T10:36:06
D-0002852,W2403-0438,W2403-0438-W04,ETCH-01,etch,particle,0.0161,12.99,-144.73,2024-03-14T12:39:06
D-0002853,W2403-0438,W2403-0438-W06,ETCH-01,etch,bridge,0.0491,76.97,-134.85,2024-03-14T12:01:06
D-0002854,W2403-0438,W2403-0438-W14,ETCH-01,etch,particle,0.0658,-59.96,36.53,2024-03-14T12:30:06
D-0002855,W2403-0438,W2403-0438-W11,ETCH-01,etch,void,0.0401,-43.62,-51.82,2024-03-14T11:35:06
D-0002856,W2403-0439,W2403-0439-W17,DEP-02,deposition,patterning_defect,0.0232,105.65,53.84,2024-03-14T15:03:01
D-0002857,W2403-0439,W2403-0439-W11,DEP-02,deposition,particle,0.0851,123.63,6.95,2024-03-14T16:36:01
D-0002858,W2403-0439,W2403-0439-W13,DEP-02,deposition,void,0.0133,126.75,99.59,2024-03-14T16:55:01
D-0002859,W2403-0439,W2403-0439-W09,DEP-02,deposition,void,0.0838,31.5,77.83,2024-03-14T15:02:01
D-0002860,W2403-0440,W2403-0440-W17,ETCH-02,etch,etch_pit,0.0895,101.53,146.06,2024-03-14T20:09:25
D-0002861,W2403-0440,W2403-0440-W02,ETCH-02,etch,scratch,0.0136,-125.39,-83.37,2024-03-14T21:07:25
D-0002862,W2403-0440,W2403-0440-W06,ETCH-02,etch,etch_pit,0.0532,109.38,-11.84,2024-03-14T21:37:25
D-0002863,W2403-0440,W2403-0440-W24,ETCH-02,etch,etch_pit,0.0234,73.25,124.55,2024-03-14T19:08:25
D-0002864,W2403-0440,W2403-0440-W14,ETCH-02,etch,patterning_defect,0.0518,143.09,-111.22,2024-03-14T20:08:25
D-0002865,W2403-0440,W2403-0440-W24,ETCH-02,etch,void,0.0411,-21.61,12.39,2024-03-14T21:04:25
D-0002866,W2403-0440,W2403-0440-W25,ETCH-02,etch,scratch,0.0477,8.7,71.16,2024-03-14T18:22:25
D-0002867,W2403-0440,W2403-0440-W24,ETCH-02,etch,scratch,0.0105,147.19,-5.03,2024-03-14T20:38:25
D-0002868,W2403-0441,W2403-0441-W09,ETCH-03,etch,particle,0.2016,72.53,-27.8,2024-03-15T00:57:31
D-0002869,W2403-0441,W2403-0441-W18,ETCH-03,etch,particle,0.2399,41.04,-45.61,2024-03-15T01:20:31
D-0002870,W2403-0441,W2403-0441-W25,ETCH-03,etch,patterning_defect,0.3519,-39.25,-76.67,2024-03-14T23:55:31
D-0002871,W2403-0441,W2403-0441-W06,ETCH-03,etch,particle,0.3556,106.92,104.71,2024-03-15T00:02:31
D-0002872,W2403-0441,W2403-0441-W16,ETCH-03,etch,void,0.3871,-132.33,-50.48,2024-03-14T23:33:31
D-0002873,W2403-0441,W2403-0441-W17,ETCH-03,etch,particle,0.3377,-83.94,131.57,2024-03-15T01:25:31
D-0002874,W2403-0441,W2403-0441-W15,ETCH-03,etch,particle,0.3517,96.82,-98.28,2024-03-14T23:35:31
D-0002875,W2403-0441,W2403-0441-W15,ETCH-03,etch,etch_pit,0.1861,62.34,86.02,2024-03-14T22:17:31
D-0002876,W2403-0441,W2403-0441-W25,ETCH-03,etch,void,0.2211,-47.03,-62.47,2024-03-14T23:52:31
D-0002877,W2403-0441,W2403-0441-W17,ETCH-03,etch,void,0.3932,54.81,143.37,2024-03-15T01:30:31
D-0002878,W2403-0441,W2403-0441-W15,ETCH-03,etch,etch_pit,0.4454,44.47,-61.63,2024-03-14T22:33:31
D-0002879,W2403-0441,W2403-0441-W14,ETCH-03,etch,particle,0.3306,105.44,-128.39,2024-03-15T01:28:31
D-0002880,W2403-0441,W2403-0441-W19,ETCH-03,etch,particle,0.3918,-63.92,110.09,2024-03-15T00:04:31
D-0002881,W2403-0441,W2403-0441-W08,ETCH-03,etch,scratch,0.4072,144.98,-46.71,2024-03-15T00:42:31
D-0002882,W2403-0441,W2403-0441-W01,ETCH-03,etch,particle,0.4406,4.44,127.37,2024-03-14T23:14:31
D-0002883,W2403-0442,W2403-0442-W16,IMP-01,implant,etch_pit,0.0266,63.08,36.83,2024-03-15T01:56:57
D-0002884,W2403-0442,W2403-0442-W23,IMP-01,implant,scratch,0.0535,-50.57,10.33,2024-03-15T04:34:57
D-0002885,W2403-0442,W2403-0442-W15,IMP-01,implant,particle,0.0627,-22.87,-100.82,2024-03-15T04:31:57
D-0002886,W2403-0442,W2403-0442-W20,IMP-01,implant,scratch,0.035,101.41,52.89,2024-03-15T02:49:57
D-0002887,W2403-0442,W2403-0442-W06,IMP-01,implant,void,0.0125,-26.05,40.58,2024-03-15T04:10:57
D-0002888,W2403-0442,W2403-0442-W11,IMP-01,implant,scratch,0.0168,132.33,-134.93,2024-03-15T02:40:57
D-0002889,W2403-0442,W2403-0442-W19,IMP-01,implant,void,0.0655,-77.09,132.71,2024-03-15T03:45:57
D-0002890,W2403-0443,W2403-0443-W25,IMP-02,implant,void,0.0535,-75.17,-22.56,2024-03-15T08:33:29
D-0002891,W2403-0443,W2403-0443-W02,IMP-02,implant,scratch,0.081,81.97,-126.44,2024-03-15T08:12:29
D-0002892,W2403-0443,W2403-0443-W22,IMP-02,implant,particle,0.0194,94.95,-87.4,2024-03-15T07:05:29
D-0002893,W2403-0443,W2403-0443-W07,IMP-02,implant,scratch,0.0467,-110.47,46.47,2024-03-15T07:59:29
D-0002894,W2403-0444,W2403-0444-W17,ETCH-03,etch,bridge,0.1991,-54.01,-35.47,2024-03-15T12:29:00
D-0002895,W2403-0444,W2403-0444-W14,ETCH-03,etch,void,0.2794,58.66,24.25,2024-03-15T11:09:00
D-0002896,W2403-0444,W2403-0444-W12,ETCH-03,etch,patterning_defect,0.272,-46.71,20.87,2024-03-15T11:28:00
D-0002897,W2403-0444,W2403-0444-W01,ETCH-03,etch,etch_pit,0.2675,44.26,56.12,2024-03-15T11:33:00
D-0002898,W2403-0444,W2403-0444-W05,ETCH-03,etch,scratch,0.3505,-16.95,-59.49,2024-03-15T11:27:00
D-0002899,W2403-0444,W2403-0444-W10,ETCH-03,etch,etch_pit,0.331,37.03,131.73,2024-03-15T12:50:00
D-0002900,W2403-0444,W2403-0444-W11,ETCH-03,etch,particle,0.4104,118.27,-106.26,2024-03-15T10:09:00
D-0002901,W2403-0444,W2403-0444-W15,ETCH-03,etch,etch_pit,0.3889,43.28,0.19,2024-03-15T13:12:00
D-0002902,W2403-0444,W2403-0444-W25,ETCH-03,etch,particle,0.3555,-120.31,-129.0,2024-03-15T12:35:00
D-0002903,W2403-0444,W2403-0444-W23,ETCH-03,etch,particle,0.2608,121.49,-2.56,2024-03-15T12:55:00
D-0002904,W2403-0444,W2403-0444-W10,ETCH-03,etch,particle,0.1962,-88.06,86.27,2024-03-15T12:44:00
D-0002905,W2403-0444,W2403-0444-W05,ETCH-03,etch,particle,0.2841,36.64,-70.9,2024-03-15T10:45:00
D-0002906,W2403-0444,W2403-0444-W01,ETCH-03,etch,scratch,0.3891,-106.83,134.42,2024-03-15T10:42:00
D-0002907,W2403-0444,W2403-0444-W24,ETCH-03,etch,particle,0.4117,-97.65,130.28,2024-03-15T13:15:00
D-0002908,W2403-0445,W2403-0445-W24,IMP-02,implant,patterning_defect,0.0802,-63.85,70.56,2024-03-15T14:58:44
D-0002909,W2403-0445,W2403-0445-W19,IMP-02,implant,scratch,0.0718,-79.4,42.91,2024-03-15T17:37:44
D-0002910,W2403-0445,W2403-0445-W01,IMP-02,implant,bridge,0.0172,88.57,-122.61,2024-03-15T16:35:44
D-0002911,W2403-0445,W2403-0445-W02,IMP-02,implant,void,0.0764,-99.9,-6.5,2024-03-15T15:35:44
D-0002912,W2403-0445,W2403-0445-W19,IMP-02,implant,bridge,0.0666,-64.87,94.56,2024-03-15T16:49:44
D-0002913,W2403-0446,W2403-0446-W03,IMP-02,implant,particle,0.0829,-78.47,-103.15,2024-03-15T19:36:35
D-0002914,W2403-0446,W2403-0446-W14,IMP-02,implant,particle,0.0543,28.11,135.53,2024-03-15T21:39:35
D-0002915,W2403-0446,W2403-0446-W04,IMP-02,implant,scratch,0.0342,138.04,142.26,2024-03-15T19:26:35
D-0002916,W2403-0446,W2403-0446-W17,IMP-02,implant,etch_pit,0.0478,-88.77,30.05,2024-03-15T21:14:35
D-0002917,W2403-0446,W2403-0446-W20,IMP-02,implant,void,0.0241,-11.42,13.97,2024-03-15T18:41:35
D-0002918,W2403-0446,W2403-0446-W06,IMP-02,implant,void,0.0332,-110.73,79.86,2024-03-15T18:57:35
D-0002919,W2403-0447,W2403-0447-W25,DEP-02,deposition,particle,0.2033,58.35,-88.26,2024-03-15T23:08:26
D-0002920,W2403-0447,W2403-0447-W08,DEP-02,deposition,particle,0.2583,107.07,18.02,2024-03-15T23:28:26
D-0002921,W2403-0447,W2403-0447-W20,DEP-02,deposition,scratch,0.3426,16.71,43.13,2024-03-16T01:49:26
D-0002922,W2403-0447,W2403-0447-W03,DEP-02,deposition,scratch,0.3629,-59.0,-41.58,2024-03-15T23:35:26
D-0002923,W2403-0447,W2403-0447-W04,DEP-02,deposition,bridge,0.2091,22.56,26.85,2024-03-16T00:58:26
D-0002924,W2403-0447,W2403-0447-W05,DEP-02,deposition,particle,0.2386,-53.36,138.34,2024-03-16T01:53:26
D-0002925,W2403-0447,W2403-0447-W23,DEP-02,deposition,particle,0.2994,-103.82,77.59,2024-03-16T01:27:26
D-0002926,W2403-0447,W2403-0447-W13,DEP-02,deposition,particle,0.4478,141.19,63.03,2024-03-16T01:45:26
D-0002927,W2403-0447,W2403-0447-W03,DEP-02,deposition,etch_pit,0.203,106.76,-84.14,2024-03-16T01:07:26
D-0002928,W2403-0447,W2403-0447-W19,DEP-02,deposition,particle,0.2111,1.84,78.29,2024-03-16T00:01:26
D-0002929,W2403-0447,W2403-0447-W02,DEP-02,deposition,particle,0.414,-115.62,66.21,2024-03-16T02:07:26
D-0002930,W2403-0447,W2403-0447-W06,DEP-02,deposition,particle,0.4196,-74.79,134.9,2024-03-15T23:54:26
D-0002931,W2403-0448,W2403-0448-W12,ETCH-01,etch,scratch,0.215,-126.17,117.52,2024-03-16T04:37:31
D-0002932,W2403-0448,W2403-0448-W25,ETCH-01,etch,scratch,0.107,64.24,-13.77,2024-03-16T05:48:31
D-0002933,W2403-0448,W2403-0448-W23,ETCH-01,etch,particle,0.1849,45.6,-103.7,2024-03-16T02:55:31
D-0002934,W2403-0448,W2403-0448-W13,ETCH-01,etch,bridge,0.1251,-31.48,99.9,2024-03-16T05:25:31
D-0002935,W2403-0448,W2403-0448-W16,ETCH-01,etch,patterning_defect,0.1605,-126.1,45.39,2024-03-16T05:27:31
D-0002936,W2403-0448,W2403-0448-W24,ETCH-01,etch,patterning_defect,0.1066,80.62,56.63,2024-03-16T04:28:31
D-0002937,W2403-0448,W2403-0448-W01,ETCH-01,etch,patterning_defect,0.1912,21.85,-36.02,2024-03-16T05:53:31
D-0002938,W2403-0448,W2403-0448-W07,ETCH-01,etch,particle,0.1479,-11.43,-144.93,2024-03-16T05:08:31
D-0002939,W2403-0448,W2403-0448-W20,ETCH-01,etch,particle,0.2097,108.07,139.42,2024-03-16T04:17:31
D-0002940,W2403-0448,W2403-0448-W22,ETCH-01,etch,void,0.2034,-108.2,79.23,2024-03-16T03:31:31
D-0002941,W2403-0448,W2403-0448-W23,ETCH-01,etch,void,0.1035,-116.79,53.99,2024-03-16T04:49:31
D-0002942,W2403-0448,W2403-0448-W01,ETCH-01,etch,bridge,0.1696,109.26,-129.42,2024-03-16T05:23:31
D-0002943,W2403-0449,W2403-0449-W18,CMP-02,cmp,void,0.03,-84.57,-84.78,2024-03-16T06:22:50
D-0002944,W2403-0449,W2403-0449-W25,CMP-02,cmp,void,0.0812,82.94,-61.64,2024-03-16T09:13:50
D-0002945,W2403-0449,W2403-0449-W18,CMP-02,cmp,bridge,0.0542,36.67,45.03,2024-03-16T07:17:50
D-0002946,W2403-0449,W2403-0449-W15,CMP-02,cmp,scratch,0.0686,101.54,-2.12,2024-03-16T06:51:50
D-0002947,W2403-0450,W2403-0450-W11,ETCH-02,etch,patterning_defect,0.0771,-106.87,-37.6,2024-03-16T11:19:05
D-0002948,W2403-0450,W2403-0450-W24,ETCH-02,etch,scratch,0.0353,110.34,-85.95,2024-03-16T13:09:05
D-0002949,W2403-0450,W2403-0450-W04,ETCH-02,etch,etch_pit,0.0864,83.95,138.23,2024-03-16T11:12:05
D-0002950,W2403-0450,W2403-0450-W17,ETCH-02,etch,etch_pit,0.0723,-78.91,-1.31,2024-03-16T12:16:05
D-0002951,W2403-0450,W2403-0450-W07,ETCH-02,etch,void,0.0491,-30.88,18.65,2024-03-16T12:35:05
D-0002952,W2403-0450,W2403-0450-W07,ETCH-02,etch,particle,0.0292,-143.94,-72.09,2024-03-16T10:53:05
D-0002953,W2403-0450,W2403-0450-W14,ETCH-02,etch,scratch,0.0391,-56.26,-23.51,2024-03-16T13:17:05
D-0002954,W2403-0450,W2403-0450-W09,ETCH-02,etch,void,0.069,132.23,-69.81,2024-03-16T11:33:05
D-0002955,W2403-0451,W2403-0451-W16,IMP-01,implant,etch_pit,0.0204,-29.7,-117.52,2024-03-16T14:57:33
D-0002956,W2403-0451,W2403-0451-W12,IMP-01,implant,etch_pit,0.056,-5.73,-137.88,2024-03-16T14:38:33
D-0002957,W2403-0451,W2403-0451-W12,IMP-01,implant,void,0.0104,-118.18,74.29,2024-03-16T14:40:33
D-0002958,W2403-0451,W2403-0451-W09,IMP-01,implant,etch_pit,0.0396,-95.88,-115.4,2024-03-16T14:51:33
D-0002959,W2403-0451,W2403-0451-W23,IMP-01,implant,scratch,0.0403,-128.6,-25.61,2024-03-16T15:09:33
D-0002960,W2403-0452,W2403-0452-W04,DEP-02,deposition,scratch,0.0834,107.2,112.48,2024-03-16T17:30:26
D-0002961,W2403-0452,W2403-0452-W03,DEP-02,deposition,void,0.0233,74.06,-142.4,2024-03-16T18:36:26
D-0002962,W2403-0452,W2403-0452-W11,DEP-02,deposition,scratch,0.0604,-36.03,-44.51,2024-03-16T18:17:26
D-0002963,W2403-0452,W2403-0452-W06,DEP-02,deposition,etch_pit,0.0501,-75.45,1.95,2024-03-16T18:16:26
D-0002964,W2403-0453,W2403-0453-W16,CMP-02,cmp,void,0.0891,91.47,-89.88,2024-03-17T01:04:53
D-0002965,W2403-0453,W2403-0453-W22,CMP-02,cmp,scratch,0.0649,-65.32,-48.29,2024-03-17T00:05:53
D-0002966,W2403-0453,W2403-0453-W12,CMP-02,cmp,bridge,0.073,-140.46,-80.2,2024-03-16T21:41:53
D-0002967,W2403-0453,W2403-0453-W03,CMP-02,cmp,particle,0.0864,42.77,-107.98,2024-03-16T23:47:53
D-0002968,W2403-0453,W2403-0453-W25,CMP-02,cmp,particle,0.0276,6.75,89.36,2024-03-16T23:40:53
D-0002969,W2403-0454,W2403-0454-W22,LIT-01,litho,particle,0.0179,106.46,138.84,2024-03-17T03:31:36
D-0002970,W2403-0454,W2403-0454-W24,LIT-01,litho,etch_pit,0.0266,88.76,-79.94,2024-03-17T03:12:36
D-0002971,W2403-0454,W2403-0454-W22,LIT-01,litho,etch_pit,0.0144,24.12,100.64,2024-03-17T04:19:36
D-0002972,W2403-0454,W2403-0454-W15,LIT-01,litho,particle,0.0732,-91.28,-140.25,2024-03-17T04:41:36
D-0002973,W2403-0454,W2403-0454-W20,LIT-01,litho,bridge,0.0425,124.78,-41.51,2024-03-17T03:57:36
D-0002974,W2403-0454,W2403-0454-W04,LIT-01,litho,particle,0.0429,57.57,-71.63,2024-03-17T04:50:36
D-0002975,W2403-0455,W2403-0455-W08,DIFF-02,diffusion,scratch,0.0522,-73.94,-67.94,2024-03-17T08:40:56
D-0002976,W2403-0455,W2403-0455-W16,DIFF-02,diffusion,etch_pit,0.0127,56.93,-97.53,2024-03-17T07:34:56
D-0002977,W2403-0455,W2403-0455-W19,DIFF-02,diffusion,scratch,0.0629,-49.06,62.53,2024-03-17T06:48:56
D-0002978,W2403-0455,W2403-0455-W06,DIFF-02,diffusion,bridge,0.0384,-64.05,74.16,2024-03-17T07:19:56
D-0002979,W2403-0456,W2403-0456-W11,IMP-02,implant,scratch,0.0768,143.33,74.97,2024-03-17T12:01:46
D-0002980,W2403-0456,W2403-0456-W23,IMP-02,implant,bridge,0.0383,-19.33,-7.55,2024-03-17T10:43:46
D-0002981,W2403-0456,W2403-0456-W17,IMP-02,implant,particle,0.011,-25.36,128.21,2024-03-17T13:03:46
D-0002982,W2403-0456,W2403-0456-W03,IMP-02,implant,bridge,0.0457,-68.27,-11.63,2024-03-17T12:49:46
D-0002983,W2403-0456,W2403-0456-W10,IMP-02,implant,bridge,0.0355,-94.13,-55.71,2024-03-17T10:30:46
D-0002984,W2403-0456,W2403-0456-W14,IMP-02,implant,etch_pit,0.0541,96.35,-23.08,2024-03-17T13:07:46
D-0002985,W2403-0456,W2403-0456-W17,IMP-02,implant,bridge,0.0675,55.68,54.69,2024-03-17T10:11:46
D-0002986,W2403-0456,W2403-0456-W02,IMP-02,implant,particle,0.011,16.74,132.89,2024-03-17T10:32:46
D-0002987,W2403-0457,W2403-0457-W10,CMP-01,cmp,bridge,0.037,-28.3,-126.68,2024-03-17T16:59:40
D-0002988,W2403-0457,W2403-0457-W08,CMP-01,cmp,particle,0.0316,148.72,133.05,2024-03-17T16:14:40
D-0002989,W2403-0457,W2403-0457-W10,CMP-01,cmp,bridge,0.0172,125.46,-63.05,2024-03-17T16:30:40
D-0002990,W2403-0457,W2403-0457-W23,CMP-01,cmp,etch_pit,0.0778,89.52,-55.61,2024-03-17T15:19:40
D-0002991,W2403-0457,W2403-0457-W25,CMP-01,cmp,particle,0.0897,93.44,12.46,2024-03-17T16:33:40
D-0002992,W2403-0457,W2403-0457-W07,CMP-01,cmp,void,0.064,92.28,63.46,2024-03-17T15:33:40
D-0002993,W2403-0457,W2403-0457-W22,CMP-01,cmp,void,0.0895,-111.84,-86.98,2024-03-17T14:25:40
D-0002994,W2403-0457,W2403-0457-W14,CMP-01,cmp,etch_pit,0.0403,40.89,134.27,2024-03-17T15:50:40
D-0002995,W2403-0458,W2403-0458-W03,CMP-01,cmp,scratch,0.0548,114.29,68.23,2024-03-17T18:02:39
D-0002996,W2403-0458,W2403-0458-W17,CMP-01,cmp,etch_pit,0.0868,137.02,52.19,2024-03-17T19:59:39
D-0002997,W2403-0458,W2403-0458-W20,CMP-01,cmp,scratch,0.0846,129.93,-3.68,2024-03-17T20:13:39
D-0002998,W2403-0458,W2403-0458-W04,CMP-01,cmp,particle,0.0433,-126.33,129.04,2024-03-17T18:51:39
D-0002999,W2403-0459,W2403-0459-W13,CMP-01,cmp,etch_pit,0.0165,-118.28,24.59,2024-03-17T23:36:53
D-0003000,W2403-0459,W2403-0459-W08,CMP-01,cmp,particle,0.0561,-40.75,-58.58,2024-03-18T00:34:53
D-0003001,W2403-0459,W2403-0459-W25,CMP-01,cmp,scratch,0.0835,-85.56,69.04,2024-03-18T00:44:53
D-0003002,W2403-0459,W2403-0459-W22,CMP-01,cmp,void,0.0537,45.16,-48.73,2024-03-18T00:28:53
D-0003003,W2403-0459,W2403-0459-W06,CMP-01,cmp,scratch,0.09,50.39,140.21,2024-03-17T23:50:53
D-0003004,W2403-0459,W2403-0459-W22,CMP-01,cmp,etch_pit,0.0682,-12.37,-132.16,2024-03-17T23:50:53
D-0003005,W2403-0460,W2403-0460-W04,IMP-02,implant,bridge,0.0373,-97.57,128.56,2024-03-18T02:15:02
D-0003006,W2403-0460,W2403-0460-W03,IMP-02,implant,etch_pit,0.0682,16.37,-139.82,2024-03-18T02:16:02
D-0003007,W2403-0460,W2403-0460-W25,IMP-02,implant,scratch,0.0486,140.53,-131.0,2024-03-18T03:19:02
D-0003008,W2403-0460,W2403-0460-W22,IMP-02,implant,void,0.0682,-104.78,-20.75,2024-03-18T04:39:02
D-0003009,W2403-0460,W2403-0460-W07,IMP-02,implant,void,0.0272,21.19,148.24,2024-03-18T03:32:02
D-0003010,W2403-0460,W2403-0460-W03,IMP-02,implant,void,0.0422,96.93,8.82,2024-03-18T02:02:02
D-0003011,W2403-0460,W2403-0460-W25,IMP-02,implant,etch_pit,0.0763,-92.7,146.92,2024-03-18T03:35:02
D-0003012,W2403-0460,W2403-0460-W01,IMP-02,implant,etch_pit,0.0699,102.15,-142.69,2024-03-18T01:46:02
D-0003013,W2403-0461,W2403-0461-W16,ETCH-02,etch,void,0.0149,39.19,75.04,2024-03-18T06:56:18
D-0003014,W2403-0461,W2403-0461-W23,ETCH-02,etch,etch_pit,0.0448,91.66,23.85,2024-03-18T05:52:18
D-0003015,W2403-0461,W2403-0461-W02,ETCH-02,etch,void,0.0773,75.23,-138.53,2024-03-18T07:21:18
D-0003016,W2403-0461,W2403-0461-W08,ETCH-02,etch,scratch,0.0317,-102.94,58.18,2024-03-18T07:01:18
D-0003017,W2403-0461,W2403-0461-W16,ETCH-02,etch,etch_pit,0.0533,108.84,129.29,2024-03-18T05:55:18
D-0003018,W2403-0462,W2403-0462-W14,CMP-02,cmp,scratch,0.0782,88.94,51.61,2024-03-18T10:03:15
D-0003019,W2403-0462,W2403-0462-W11,CMP-02,cmp,void,0.0453,-21.73,-31.24,2024-03-18T11:48:15
D-0003020,W2403-0462,W2403-0462-W09,CMP-02,cmp,particle,0.0578,-101.27,-118.32,2024-03-18T11:25:15
D-0003021,W2403-0462,W2403-0462-W09,CMP-02,cmp,void,0.0562,-147.96,124.99,2024-03-18T09:05:15
D-0003022,W2403-0462,W2403-0462-W07,CMP-02,cmp,scratch,0.0712,75.93,-130.82,2024-03-18T10:46:15
D-0003023,W2403-0462,W2403-0462-W06,CMP-02,cmp,void,0.0893,-81.72,-84.42,2024-03-18T12:05:15
D-0003024,W2403-0462,W2403-0462-W13,CMP-02,cmp,bridge,0.0823,-46.1,135.0,2024-03-18T10:30:15
D-0003025,W2403-0462,W2403-0462-W15,CMP-02,cmp,scratch,0.0108,122.34,77.16,2024-03-18T10:53:15
D-0003026,W2403-0463,W2403-0463-W25,CMP-02,cmp,etch_pit,0.0686,-81.32,-123.21,2024-03-18T15:10:11
D-0003027,W2403-0463,W2403-0463-W11,CMP-02,cmp,particle,0.0219,-10.43,72.9,2024-03-18T14:33:11
D-0003028,W2403-0463,W2403-0463-W04,CMP-02,cmp,particle,0.0666,-89.37,77.5,2024-03-18T15:26:11
D-0003029,W2403-0463,W2403-0463-W19,CMP-02,cmp,patterning_defect,0.0149,88.97,101.49,2024-03-18T13:52:11
D-0003030,W2403-0463,W2403-0463-W13,CMP-02,cmp,etch_pit,0.0714,29.94,-86.76,2024-03-18T13:33:11
D-0003031,W2403-0463,W2403-0463-W16,CMP-02,cmp,void,0.0274,-72.15,-104.46,2024-03-18T14:29:11
D-0003032,W2403-0464,W2403-0464-W06,LIT-02,litho,etch_pit,0.0717,-80.2,-107.34,2024-03-18T20:09:19
D-0003033,W2403-0464,W2403-0464-W08,LIT-02,litho,void,0.0241,-48.57,23.76,2024-03-18T17:14:19
D-0003034,W2403-0464,W2403-0464-W02,LIT-02,litho,scratch,0.0284,-8.48,79.51,2024-03-18T19:46:19
D-0003035,W2403-0464,W2403-0464-W23,LIT-02,litho,etch_pit,0.0106,57.49,-55.97,2024-03-18T19:35:19
D-0003036,W2403-0464,W2403-0464-W07,LIT-02,litho,scratch,0.0817,-88.08,-16.16,2024-03-18T17:56:19
D-0003037,W2403-0464,W2403-0464-W07,LIT-02,litho,scratch,0.081,-90.4,-112.11,2024-03-18T19:28:19
D-0003038,W2403-0464,W2403-0464-W18,LIT-02,litho,etch_pit,0.0512,9.95,-39.59,2024-03-18T19:30:19
D-0003039,W2403-0465,W2403-0465-W05,LIT-01,litho,void,0.0489,14.13,125.73,2024-03-18T22:26:17
D-0003040,W2403-0465,W2403-0465-W15,LIT-01,litho,scratch,0.0181,7.08,62.84,2024-03-18T23:58:17
D-0003041,W2403-0465,W2403-0465-W12,LIT-01,litho,etch_pit,0.065,-115.13,133.94,2024-03-18T23:44:17
D-0003042,W2403-0465,W2403-0465-W22,LIT-01,litho,void,0.0113,142.22,38.09,2024-03-18T22:33:17
D-0003043,W2403-0466,W2403-0466-W23,ETCH-03,etch,particle,0.2617,98.94,-106.06,2024-03-19T02:38:17
D-0003044,W2403-0466,W2403-0466-W16,ETCH-03,etch,void,0.3256,-82.71,35.98,2024-03-19T01:44:17
D-0003045,W2403-0466,W2403-0466-W14,ETCH-03,etch,particle,0.2673,63.56,38.51,2024-03-19T02:59:17
D-0003046,W2403-0466,W2403-0466-W07,ETCH-03,etch,void,0.4475,30.56,6.67,2024-03-19T02:36:17
D-0003047,W2403-0466,W2403-0466-W20,ETCH-03,etch,particle,0.376,-109.43,146.63,2024-03-19T01:58:17
D-0003048,W2403-0466,W2403-0466-W21,ETCH-03,etch,bridge,0.1903,30.76,33.86,2024-03-19T03:39:17
D-0003049,W2403-0466,W2403-0466-W15,ETCH-03,etch,etch_pit,0.3628,5.33,-84.13,2024-03-19T01:58:17
D-0003050,W2403-0466,W2403-0466-W03,ETCH-03,etch,void,0.1862,-99.84,27.97,2024-03-19T02:39:17
D-0003051,W2403-0466,W2403-0466-W25,ETCH-03,etch,scratch,0.362,138.26,88.76,2024-03-19T04:23:17
D-0003052,W2403-0466,W2403-0466-W03,ETCH-03,etch,void,0.3764,-110.93,-145.52,2024-03-19T02:55:17
D-0003053,W2403-0466,W2403-0466-W14,ETCH-03,etch,etch_pit,0.3788,7.15,41.09,2024-03-19T04:20:17
D-0003054,W2403-0466,W2403-0466-W02,ETCH-03,etch,particle,0.3036,146.16,-1.72,2024-03-19T03:04:17
D-0003055,W2403-0466,W2403-0466-W03,ETCH-03,etch,etch_pit,0.4038,22.95,9.5,2024-03-19T02:07:17
D-0003056,W2403-0466,W2403-0466-W05,ETCH-03,etch,scratch,0.2768,34.46,116.39,2024-03-19T01:04:17
D-0003057,W2403-0466,W2403-0466-W08,ETCH-03,etch,scratch,0.23,-105.3,-9.03,2024-03-19T01:47:17
D-0003058,W2403-0466,W2403-0466-W05,ETCH-03,etch,particle,0.2752,77.29,-76.88,2024-03-19T03:57:17
D-0003059,W2403-0466,W2403-0466-W15,ETCH-03,etch,particle,0.3346,144.76,-81.1,2024-03-19T03:38:17
D-0003060,W2403-0467,W2403-0467-W20,DIFF-02,diffusion,scratch,0.0577,-146.85,16.79,2024-03-19T06:13:42
D-0003061,W2403-0467,W2403-0467-W11,DIFF-02,diffusion,etch_pit,0.0329,-41.04,83.05,2024-03-19T07:31:42
D-0003062,W2403-0467,W2403-0467-W12,DIFF-02,diffusion,scratch,0.0476,4.04,-84.27,2024-03-19T04:57:42
D-0003063,W2403-0467,W2403-0467-W05,DIFF-02,diffusion,etch_pit,0.0173,48.33,70.42,2024-03-19T06:43:42
D-0003064,W2403-0467,W2403-0467-W07,DIFF-02,diffusion,void,0.0401,54.5,140.95,2024-03-19T06:13:42
D-0003065,W2403-0467,W2403-0467-W24,DIFF-02,diffusion,void,0.0736,-87.94,60.93,2024-03-19T05:31:42
D-0003066,W2403-0468,W2403-0468-W24,DIFF-01,diffusion,scratch,0.0834,-14.3,19.16,2024-03-19T11:44:34
D-0003067,W2403-0468,W2403-0468-W03,DIFF-01,diffusion,void,0.0413,88.49,23.92,2024-03-19T09:19:34
D-0003068,W2403-0468,W2403-0468-W20,DIFF-01,diffusion,particle,0.0539,-20.62,65.56,2024-03-19T12:17:34
D-0003069,W2403-0468,W2403-0468-W01,DIFF-01,diffusion,etch_pit,0.0266,106.94,-103.03,2024-03-19T10:30:34
D-0003070,W2403-0468,W2403-0468-W10,DIFF-01,diffusion,patterning_defect,0.0458,80.1,115.2,2024-03-19T11:51:34
D-0003071,W2403-0469,W2403-0469-W22,LIT-01,litho,void,0.0386,-40.81,130.95,2024-03-19T13:23:06
D-0003072,W2403-0469,W2403-0469-W16,LIT-01,litho,patterning_defect,0.0736,85.49,34.68,2024-03-19T13:05:06
D-0003073,W2403-0469,W2403-0469-W20,LIT-01,litho,scratch,0.0177,-25.38,123.76,2024-03-19T16:17:06
D-0003074,W2403-0469,W2403-0469-W23,LIT-01,litho,bridge,0.0393,133.98,-116.98,2024-03-19T14:13:06
D-0003075,W2403-0469,W2403-0469-W12,LIT-01,litho,etch_pit,0.0752,64.3,-24.3,2024-03-19T15:27:06
D-0003076,W2403-0470,W2403-0470-W09,DIFF-01,diffusion,patterning_defect,0.0734,56.22,139.62,2024-03-19T19:16:47
D-0003077,W2403-0470,W2403-0470-W15,DIFF-01,diffusion,etch_pit,0.0806,72.77,85.34,2024-03-19T20:00:47
D-0003078,W2403-0470,W2403-0470-W11,DIFF-01,diffusion,particle,0.0855,-140.06,-50.14,2024-03-19T18:49:47
D-0003079,W2403-0470,W2403-0470-W12,DIFF-01,diffusion,patterning_defect,0.017,-91.97,12.61,2024-03-19T18:15:47
D-0003080,W2403-0470,W2403-0470-W24,DIFF-01,diffusion,void,0.0172,8.54,75.59,2024-03-19T19:06:47
D-0003081,W2403-0470,W2403-0470-W08,DIFF-01,diffusion,patterning_defect,0.0319,93.96,-43.28,2024-03-19T19:33:47
D-0003082,W2403-0471,W2403-0471-W17,LIT-01,litho,scratch,0.0271,-136.91,-101.99,2024-03-19T22:33:48
D-0003083,W2403-0471,W2403-0471-W02,LIT-01,litho,particle,0.0136,107.45,43.19,2024-03-20T00:03:48
D-0003084,W2403-0471,W2403-0471-W13,LIT-01,litho,scratch,0.0742,134.79,-99.71,2024-03-19T22:07:48
D-0003085,W2403-0471,W2403-0471-W10,LIT-01,litho,etch_pit,0.0286,-74.16,-28.1,2024-03-19T22:35:48
D-0003086,W2403-0471,W2403-0471-W06,LIT-01,litho,patterning_defect,0.0249,-118.57,-43.01,2024-03-19T21:19:48
D-0003087,W2403-0471,W2403-0471-W08,LIT-01,litho,void,0.0151,6.29,-135.59,2024-03-19T22:35:48
D-0003088,W2403-0471,W2403-0471-W10,LIT-01,litho,void,0.0333,-21.7,120.6,2024-03-19T23:41:48
D-0003089,W2403-0472,W2403-0472-W07,LIT-02,litho,void,0.0308,-66.69,-20.77,2024-03-20T03:17:27
D-0003090,W2403-0472,W2403-0472-W04,LIT-02,litho,bridge,0.0805,-22.04,-93.49,2024-03-20T01:17:27
D-0003091,W2403-0472,W2403-0472-W11,LIT-02,litho,particle,0.0704,67.65,94.21,2024-03-20T02:31:27
D-0003092,W2403-0472,W2403-0472-W23,LIT-02,litho,scratch,0.0381,86.02,62.63,2024-03-20T03:50:27
D-0003093,W2403-0473,W2403-0473-W21,DEP-02,deposition,bridge,0.0611,-136.36,97.91,2024-03-20T05:24:37
D-0003094,W2403-0473,W2403-0473-W11,DEP-02,deposition,void,0.0277,-84.43,-109.96,2024-03-20T07:12:37
D-0003095,W2403-0473,W2403-0473-W14,DEP-02,deposition,etch_pit,0.0629,-148.62,93.85,2024-03-20T07:04:37
D-0003096,W2403-0473,W2403-0473-W11,DEP-02,deposition,scratch,0.01,108.06,-99.13,2024-03-20T06:19:37
D-0003097,W2403-0474,W2403-0474-W07,IMP-02,implant,etch_pit,0.0109,146.47,114.51,2024-03-20T09:18:58
D-0003098,W2403-0474,W2403-0474-W06,IMP-02,implant,etch_pit,0.0749,106.13,-120.79,2024-03-20T11:19:58
D-0003099,W2403-0474,W2403-0474-W03,IMP-02,implant,patterning_defect,0.0547,-34.34,123.47,2024-03-20T12:27:58
D-0003100,W2403-0474,W2403-0474-W03,IMP-02,implant,bridge,0.0586,80.68,-114.45,2024-03-20T10:43:58
D-0003101,W2403-0474,W2403-0474-W21,IMP-02,implant,etch_pit,0.0399,112.37,-48.86,2024-03-20T11:28:58
D-0003102,W2403-0474,W2403-0474-W04,IMP-02,implant,bridge,0.0692,27.75,99.33,2024-03-20T11:28:58
D-0003103,W2403-0474,W2403-0474-W14,IMP-02,implant,void,0.0165,-19.94,47.76,2024-03-20T09:20:58
D-0003104,W2403-0475,W2403-0475-W01,ETCH-03,etch,scratch,0.3533,32.88,-105.01,2024-03-20T14:05:35
D-0003105,W2403-0475,W2403-0475-W23,ETCH-03,etch,particle,0.4056,136.56,17.43,2024-03-20T16:16:35
D-0003106,W2403-0475,W2403-0475-W12,ETCH-03,etch,particle,0.428,60.19,29.85,2024-03-20T13:34:35
D-0003107,W2403-0475,W2403-0475-W05,ETCH-03,etch,patterning_defect,0.2394,93.21,-126.88,2024-03-20T14:02:35
D-0003108,W2403-0475,W2403-0475-W09,ETCH-03,etch,scratch,0.2241,-108.84,18.64,2024-03-20T16:30:35
D-0003109,W2403-0475,W2403-0475-W09,ETCH-03,etch,particle,0.1941,146.62,-85.47,2024-03-20T16:06:35
D-0003110,W2403-0475,W2403-0475-W03,ETCH-03,etch,etch_pit,0.3072,-40.76,16.59,2024-03-20T14:51:35
D-0003111,W2403-0475,W2403-0475-W05,ETCH-03,etch,void,0.2488,-146.94,-29.97,2024-03-20T13:30:35
D-0003112,W2403-0475,W2403-0475-W23,ETCH-03,etch,etch_pit,0.4358,-94.97,-25.47,2024-03-20T16:22:35
D-0003113,W2403-0475,W2403-0475-W05,ETCH-03,etch,void,0.3554,124.22,147.41,2024-03-20T15:44:35
D-0003114,W2403-0475,W2403-0475-W12,ETCH-03,etch,etch_pit,0.2959,-2.86,-121.2,2024-03-20T13:41:35
D-0003115,W2403-0475,W2403-0475-W04,ETCH-03,etch,scratch,0.193,42.68,12.53,2024-03-20T13:44:35
D-0003116,W2403-0475,W2403-0475-W22,ETCH-03,etch,void,0.4131,62.72,83.41,2024-03-20T16:06:35
D-0003117,W2403-0475,W2403-0475-W20,ETCH-03,etch,bridge,0.4301,-90.69,-94.73,2024-03-20T14:44:35
D-0003118,W2403-0475,W2403-0475-W19,ETCH-03,etch,etch_pit,0.3172,-1.39,65.75,2024-03-20T13:47:35
D-0003119,W2403-0475,W2403-0475-W02,ETCH-03,etch,particle,0.2207,-114.72,-64.22,2024-03-20T16:02:35
D-0003120,W2403-0475,W2403-0475-W11,ETCH-03,etch,void,0.3298,55.88,59.93,2024-03-20T16:41:35
D-0003121,W2403-0475,W2403-0475-W04,ETCH-03,etch,bridge,0.418,60.76,39.71,2024-03-20T15:39:35
D-0003122,W2403-0475,W2403-0475-W25,ETCH-03,etch,particle,0.3278,139.13,-41.93,2024-03-20T14:41:35
D-0003123,W2403-0476,W2403-0476-W03,IMP-01,implant,particle,0.0704,102.08,87.2,2024-03-20T17:02:15
D-0003124,W2403-0476,W2403-0476-W17,IMP-01,implant,particle,0.0729,82.24,131.54,2024-03-20T19:23:15
D-0003125,W2403-0476,W2403-0476-W25,IMP-01,implant,particle,0.0304,88.28,-27.69,2024-03-20T17:11:15
D-0003126,W2403-0476,W2403-0476-W18,IMP-01,implant,etch_pit,0.0653,-0.13,-118.54,2024-03-20T17:10:15
D-0003127,W2403-0476,W2403-0476-W25,IMP-01,implant,bridge,0.0289,-22.39,-51.95,2024-03-20T18:12:15
D-0003128,W2403-0477,W2403-0477-W12,IMP-01,implant,particle,0.0423,27.01,92.84,2024-03-21T00:35:31
D-0003129,W2403-0477,W2403-0477-W11,IMP-01,implant,etch_pit,0.0829,-138.65,97.65,2024-03-21T00:23:31
D-0003130,W2403-0477,W2403-0477-W15,IMP-01,implant,scratch,0.0419,28.05,-83.31,2024-03-21T00:04:31
D-0003131,W2403-0477,W2403-0477-W21,IMP-01,implant,void,0.0766,21.31,-136.89,2024-03-20T22:32:31
D-0003132,W2403-0477,W2403-0477-W05,IMP-01,implant,bridge,0.0319,-58.1,49.22,2024-03-21T00:14:31
D-0003133,W2403-0477,W2403-0477-W01,IMP-01,implant,scratch,0.0387,128.11,148.05,2024-03-20T23:19:31
D-0003134,W2403-0477,W2403-0477-W14,IMP-01,implant,scratch,0.0778,52.0,37.88,2024-03-20T22:39:31
D-0003135,W2403-0477,W2403-0477-W15,IMP-01,implant,void,0.0412,-123.5,29.97,2024-03-20T22:54:31
D-0003136,W2403-0478,W2403-0478-W02,ETCH-02,etch,particle,0.0851,139.22,-1.38,2024-03-21T03:30:23
D-0003137,W2403-0478,W2403-0478-W21,ETCH-02,etch,void,0.0476,-61.54,63.24,2024-03-21T03:28:23
D-0003138,W2403-0478,W2403-0478-W11,ETCH-02,etch,bridge,0.0111,138.89,137.66,2024-03-21T02:55:23
D-0003139,W2403-0478,W2403-0478-W05,ETCH-02,etch,bridge,0.0457,-33.35,-112.95,2024-03-21T02:55:23
D-0003140,W2403-0478,W2403-0478-W13,ETCH-02,etch,particle,0.0675,-30.09,-146.65,2024-03-21T02:04:23
D-0003141,W2403-0479,W2403-0479-W20,CMP-01,cmp,void,0.0316,131.49,112.09,2024-03-21T08:07:41
D-0003142,W2403-0479,W2403-0479-W21,CMP-01,cmp,patterning_defect,0.064,-5.03,-135.3,2024-03-21T07:16:41
D-0003143,W2403-0479,W2403-0479-W12,CMP-01,cmp,void,0.0771,73.31,95.81,2024-03-21T06:50:41
D-0003144,W2403-0479,W2403-0479-W02,CMP-01,cmp,scratch,0.0817,95.91,-0.82,2024-03-21T06:08:41
D-0003145,W2403-0479,W2403-0479-W07,CMP-01,cmp,particle,0.085,-52.96,-67.49,2024-03-21T06:26:41
D-0003146,W2403-0479,W2403-0479-W11,CMP-01,cmp,scratch,0.0762,-32.7,-138.91,2024-03-21T07:48:41
D-0003147,W2403-0480,W2403-0480-W24,DEP-02,deposition,etch_pit,0.077,-56.95,-32.64,2024-03-21T09:36:40
D-0003148,W2403-0480,W2403-0480-W15,DEP-02,deposition,scratch,0.039,104.07,-47.84,2024-03-21T09:58:40
D-0003149,W2403-0480,W2403-0480-W01,DEP-02,deposition,bridge,0.0827,118.33,-50.52,2024-03-21T12:36:40
D-0003150,W2403-0480,W2403-0480-W03,DEP-02,deposition,scratch,0.0195,-67.89,124.73,2024-03-21T09:24:40
D-0003151,W2403-0480,W2403-0480-W11,DEP-02,deposition,bridge,0.0763,-80.48,48.84,2024-03-21T10:22:40
D-0003152,W2403-0480,W2403-0480-W05,DEP-02,deposition,particle,0.0674,-112.17,31.15,2024-03-21T09:57:40
D-0003153,W2403-0481,W2403-0481-W09,CMP-02,cmp,patterning_defect,0.0811,-81.59,-116.52,2024-03-21T16:43:50
D-0003154,W2403-0481,W2403-0481-W09,CMP-02,cmp,patterning_defect,0.0613,-126.62,107.91,2024-03-21T16:41:50
D-0003155,W2403-0481,W2403-0481-W18,CMP-02,cmp,patterning_defect,0.0488,-82.71,58.01,2024-03-21T16:39:50
D-0003156,W2403-0481,W2403-0481-W07,CMP-02,cmp,bridge,0.0608,112.03,-5.45,2024-03-21T16:30:50
D-0003157,W2403-0481,W2403-0481-W18,CMP-02,cmp,scratch,0.0799,-135.55,-104.72,2024-03-21T13:44:50
D-0003158,W2403-0481,W2403-0481-W14,CMP-02,cmp,patterning_defect,0.0218,-121.37,-2.36,2024-03-21T15:39:50
D-0003159,W2403-0481,W2403-0481-W22,CMP-02,cmp,patterning_defect,0.0514,0.67,45.64,2024-03-21T13:25:50
D-0003160,W2403-0481,W2403-0481-W22,CMP-02,cmp,bridge,0.022,-56.4,141.08,2024-03-21T14:43:50
D-0003161,W2403-0482,W2403-0482-W17,CMP-01,cmp,etch_pit,0.0704,-19.3,-84.32,2024-03-21T18:43:36
D-0003162,W2403-0482,W2403-0482-W12,CMP-01,cmp,void,0.0461,-64.89,132.36,2024-03-21T18:46:36
D-0003163,W2403-0482,W2403-0482-W05,CMP-01,cmp,void,0.0714,-59.45,6.76,2024-03-21T19:34:36
D-0003164,W2403-0482,W2403-0482-W05,CMP-01,cmp,scratch,0.0706,-1.79,37.69,2024-03-21T18:38:36
D-0003165,W2403-0482,W2403-0482-W10,CMP-01,cmp,scratch,0.0249,41.54,-88.63,2024-03-21T17:47:36
D-0003166,W2403-0482,W2403-0482-W03,CMP-01,cmp,etch_pit,0.0876,53.51,76.65,2024-03-21T19:39:36
D-0003167,W2403-0482,W2403-0482-W01,CMP-01,cmp,scratch,0.0888,-73.97,-40.07,2024-03-21T19:39:36
D-0003168,W2403-0483,W2403-0483-W06,DEP-01,deposition,void,0.0477,-146.88,-70.93,2024-03-21T22:47:18
D-0003169,W2403-0483,W2403-0483-W16,DEP-01,deposition,void,0.0832,62.16,9.62,2024-03-21T23:24:18
D-0003170,W2403-0483,W2403-0483-W18,DEP-01,deposition,patterning_defect,0.0339,61.62,97.68,2024-03-21T23:00:18
D-0003171,W2403-0483,W2403-0483-W03,DEP-01,deposition,etch_pit,0.0204,37.48,-55.61,2024-03-21T21:24:18
D-0003172,W2403-0483,W2403-0483-W22,DEP-01,deposition,etch_pit,0.0272,122.57,16.52,2024-03-21T23:40:18
D-0003173,W2403-0483,W2403-0483-W07,DEP-01,deposition,particle,0.0722,62.39,-30.95,2024-03-21T21:30:18
D-0003174,W2403-0483,W2403-0483-W22,DEP-01,deposition,bridge,0.0485,-60.93,118.75,2024-03-21T21:27:18
D-0003175,W2403-0483,W2403-0483-W09,DEP-01,deposition,etch_pit,0.0311,-147.87,95.07,2024-03-21T21:09:18
D-0003176,W2403-0484,W2403-0484-W03,ETCH-03,etch,particle,0.2573,-106.58,85.96,2024-03-22T03:18:30
D-0003177,W2403-0484,W2403-0484-W13,ETCH-03,etch,etch_pit,0.2752,-11.51,-68.18,2024-03-22T01:38:30
D-0003178,W2403-0484,W2403-0484-W07,ETCH-03,etch,particle,0.3948,104.36,-120.19,2024-03-22T01:17:30
D-0003179,W2403-0484,W2403-0484-W22,ETCH-03,etch,etch_pit,0.2412,94.97,115.37,2024-03-22T04:07:30
D-0003180,W2403-0484,W2403-0484-W19,ETCH-03,etch,etch_pit,0.2244,-20.22,34.35,2024-03-22T00:53:30
D-0003181,W2403-0484,W2403-0484-W03,ETCH-03,etch,particle,0.1923,-87.61,39.69,2024-03-22T01:43:30
D-0003182,W2403-0484,W2403-0484-W10,ETCH-03,etch,particle,0.3419,-40.44,63.01,2024-03-22T03:45:30
D-0003183,W2403-0484,W2403-0484-W12,ETCH-03,etch,bridge,0.3736,37.82,69.63,2024-03-22T03:00:30
D-0003184,W2403-0484,W2403-0484-W17,ETCH-03,etch,particle,0.4318,3.5,-133.0,2024-03-22T03:47:30
D-0003185,W2403-0484,W2403-0484-W05,ETCH-03,etch,particle,0.3346,-103.27,31.89,2024-03-22T01:41:30
D-0003186,W2403-0484,W2403-0484-W15,ETCH-03,etch,particle,0.4279,4.46,-2.67,2024-03-22T01:59:30
D-0003187,W2403-0484,W2403-0484-W19,ETCH-03,etch,etch_pit,0.4372,-86.22,-113.98,2024-03-22T01:28:30
D-0003188,W2403-0484,W2403-0484-W06,ETCH-03,etch,particle,0.3426,-70.32,-136.79,2024-03-22T02:38:30
D-0003189,W2403-0484,W2403-0484-W01,ETCH-03,etch,particle,0.2358,-113.94,-55.97,2024-03-22T03:54:30
D-0003190,W2403-0484,W2403-0484-W17,ETCH-03,etch,particle,0.287,-10.93,-11.97,2024-03-22T03:51:30
D-0003191,W2403-0484,W2403-0484-W16,ETCH-03,etch,particle,0.3039,-83.09,-34.27,2024-03-22T04:01:30
D-0003192,W2403-0484,W2403-0484-W12,ETCH-03,etch,particle,0.181,139.16,-36.47,2024-03-22T03:49:30
D-0003193,W2403-0484,W2403-0484-W05,ETCH-03,etch,particle,0.448,105.04,-113.2,2024-03-22T01:32:30
D-0003194,W2403-0485,W2403-0485-W05,IMP-01,implant,particle,0.0763,-85.67,106.21,2024-03-22T06:22:47
D-0003195,W2403-0485,W2403-0485-W18,IMP-01,implant,scratch,0.0544,-71.05,-17.77,2024-03-22T06:25:47
D-0003196,W2403-0485,W2403-0485-W09,IMP-01,implant,etch_pit,0.0272,-87.61,104.45,2024-03-22T05:52:47
D-0003197,W2403-0485,W2403-0485-W24,IMP-01,implant,etch_pit,0.0615,148.49,-20.6,2024-03-22T05:18:47
D-0003198,W2403-0485,W2403-0485-W22,IMP-01,implant,etch_pit,0.082,-29.54,139.05,2024-03-22T04:44:47
D-0003199,W2403-0485,W2403-0485-W09,IMP-01,implant,void,0.0891,-120.84,-88.69,2024-03-22T07:23:47
D-0003200,W2403-0485,W2403-0485-W09,IMP-01,implant,scratch,0.0372,92.79,-66.42,2024-03-22T06:59:47
D-0003201,W2403-0485,W2403-0485-W03,IMP-01,implant,particle,0.0517,-56.83,107.34,2024-03-22T06:26:47
D-0003202,W2403-0486,W2403-0486-W04,ETCH-01,etch,scratch,0.0309,-113.73,111.13,2024-03-22T11:20:59
D-0003203,W2403-0486,W2403-0486-W08,ETCH-01,etch,void,0.0646,-7.8,61.84,2024-03-22T09:27:59
D-0003204,W2403-0486,W2403-0486-W18,ETCH-01,etch,etch_pit,0.085,86.21,-73.78,2024-03-22T10:24:59
D-0003205,W2403-0486,W2403-0486-W04,ETCH-01,etch,particle,0.0429,-48.26,-44.82,2024-03-22T09:41:59
D-0003206,W2403-0486,W2403-0486-W24,ETCH-01,etch,patterning_defect,0.0542,37.38,-38.06,2024-03-22T09:15:59
D-0003207,W2403-0486,W2403-0486-W06,ETCH-01,etch,particle,0.0297,21.99,-90.19,2024-03-22T08:35:59
D-0003208,W2403-0487,W2403-0487-W25,DEP-01,deposition,etch_pit,0.0255,56.43,-48.74,2024-03-22T14:02:54
D-0003209,W2403-0487,W2403-0487-W06,DEP-01,deposition,void,0.0469,5.86,-7.08,2024-03-22T13:28:54
D-0003210,W2403-0487,W2403-0487-W19,DEP-01,deposition,scratch,0.0731,-22.31,-86.83,2024-03-22T15:13:54
D-0003211,W2403-0487,W2403-0487-W10,DEP-01,deposition,particle,0.0305,28.49,25.28,2024-03-22T12:51:54
D-0003212,W2403-0487,W2403-0487-W25,DEP-01,deposition,etch_pit,0.0544,137.06,45.4,2024-03-22T15:19:54
D-0003213,W2403-0488,W2403-0488-W06,ETCH-01,etch,void,0.0493,-110.18,-89.26,2024-03-22T18:24:29
D-0003214,W2403-0488,W2403-0488-W01,ETCH-01,etch,bridge,0.0492,-28.0,-40.73,2024-03-22T15:56:29
D-0003215,W2403-0488,W2403-0488-W02,ETCH-01,etch,particle,0.0166,32.72,-49.37,2024-03-22T18:03:29
D-0003216,W2403-0488,W2403-0488-W01,ETCH-01,etch,scratch,0.0247,-89.75,140.6,2024-03-22T17:56:29
D-0003217,W2403-0488,W2403-0488-W20,ETCH-01,etch,scratch,0.016,146.86,30.91,2024-03-22T16:11:29
D-0003218,W2403-0488,W2403-0488-W01,ETCH-01,etch,etch_pit,0.052,-31.65,89.47,2024-03-22T17:27:29
D-0003219,W2403-0489,W2403-0489-W15,ETCH-01,etch,etch_pit,0.0115,101.1,143.27,2024-03-22T22:47:12
D-0003220,W2403-0489,W2403-0489-W20,ETCH-01,etch,bridge,0.0172,143.41,-5.6,2024-03-22T22:14:12
D-0003221,W2403-0489,W2403-0489-W22,ETCH-01,etch,patterning_defect,0.0405,33.7,21.54,2024-03-22T21:57:12
D-0003222,W2403-0489,W2403-0489-W22,ETCH-01,etch,scratch,0.0462,142.39,25.04,2024-03-22T21:39:12
D-0003223,W2403-0489,W2403-0489-W04,ETCH-01,etch,particle,0.0245,-91.29,-95.0,2024-03-22T21:17:12
D-0003224,W2403-0489,W2403-0489-W08,ETCH-01,etch,bridge,0.0146,2.66,-33.69,2024-03-22T22:23:12
D-0003225,W2403-0490,W2403-0490-W06,DEP-02,deposition,etch_pit,0.426,35.89,-9.25,2024-03-23T02:24:07
D-0003226,W2403-0490,W2403-0490-W25,DEP-02,deposition,void,0.2777,54.24,35.18,2024-03-23T00:14:07
D-0003227,W2403-0490,W2403-0490-W25,DEP-02,deposition,etch_pit,0.3061,-113.67,54.02,2024-03-23T00:52:07
D-0003228,W2403-0490,W2403-0490-W22,DEP-02,deposition,void,0.4051,-9.97,-0.26,2024-03-23T02:14:07
D-0003229,W2403-0490,W2403-0490-W06,DEP-02,deposition,void,0.4095,-147.63,138.99,2024-03-23T01:22:07
D-0003230,W2403-0490,W2403-0490-W17,DEP-02,deposition,particle,0.3173,55.98,109.51,2024-03-23T02:29:07
D-0003231,W2403-0490,W2403-0490-W18,DEP-02,deposition,particle,0.197,127.51,7.08,2024-03-23T02:26:07
D-0003232,W2403-0490,W2403-0490-W20,DEP-02,deposition,particle,0.4343,0.28,144.92,2024-03-23T01:36:07
D-0003233,W2403-0490,W2403-0490-W19,DEP-02,deposition,particle,0.2374,58.66,-91.02,2024-03-23T01:19:07
D-0003234,W2403-0490,W2403-0490-W09,DEP-02,deposition,particle,0.314,-98.87,-89.17,2024-03-23T01:39:07
D-0003235,W2403-0490,W2403-0490-W13,DEP-02,deposition,bridge,0.3576,114.74,79.03,2024-03-23T01:03:07
D-0003236,W2403-0490,W2403-0490-W20,DEP-02,deposition,particle,0.4154,-70.38,-49.24,2024-03-23T01:27:07
D-0003237,W2403-0490,W2403-0490-W21,DEP-02,deposition,void,0.284,-71.73,24.84,2024-03-23T00:41:07
D-0003238,W2403-0490,W2403-0490-W15,DEP-02,deposition,void,0.2742,101.9,92.13,2024-03-23T00:35:07
D-0003239,W2403-0490,W2403-0490-W09,DEP-02,deposition,etch_pit,0.4249,108.33,44.04,2024-03-23T02:37:07
D-0003240,W2403-0490,W2403-0490-W21,DEP-02,deposition,particle,0.1863,-40.37,-17.08,2024-03-23T00:17:07
D-0003241,W2403-0490,W2403-0490-W20,DEP-02,deposition,void,0.331,-67.68,98.86,2024-03-23T01:48:07
D-0003242,W2403-0490,W2403-0490-W20,DEP-02,deposition,particle,0.4172,42.22,-71.91,2024-03-22T23:40:07
D-0003243,W2403-0490,W2403-0490-W08,DEP-02,deposition,particle,0.4,-65.66,109.34,2024-03-22T23:42:07
D-0003244,W2403-0491,W2403-0491-W17,ETCH-02,etch,particle,0.0284,-84.66,68.36,2024-03-23T05:17:38
D-0003245,W2403-0491,W2403-0491-W13,ETCH-02,etch,bridge,0.0249,31.93,-75.19,2024-03-23T06:15:38
D-0003246,W2403-0491,W2403-0491-W13,ETCH-02,etch,scratch,0.0692,-136.22,124.8,2024-03-23T07:09:38
D-0003247,W2403-0491,W2403-0491-W25,ETCH-02,etch,particle,0.0277,-86.71,139.34,2024-03-23T04:52:38
D-0003248,W2403-0491,W2403-0491-W03,ETCH-02,etch,void,0.0677,-33.88,-96.35,2024-03-23T06:42:38
D-0003249,W2403-0491,W2403-0491-W09,ETCH-02,etch,etch_pit,0.0351,-135.32,70.95,2024-03-23T04:18:38
D-0003250,W2403-0491,W2403-0491-W14,ETCH-02,etch,void,0.0284,9.82,39.23,2024-03-23T05:32:38
D-0003251,W2403-0492,W2403-0492-W07,ETCH-02,etch,etch_pit,0.084,-9.75,44.02,2024-03-23T08:47:01
D-0003252,W2403-0492,W2403-0492-W23,ETCH-02,etch,patterning_defect,0.0731,119.44,108.4,2024-03-23T10:49:01
D-0003253,W2403-0492,W2403-0492-W02,ETCH-02,etch,scratch,0.0781,134.59,120.22,2024-03-23T08:29:01
D-0003254,W2403-0492,W2403-0492-W19,ETCH-02,etch,bridge,0.0312,-48.97,-105.3,2024-03-23T07:52:01
D-0003255,W2403-0492,W2403-0492-W23,ETCH-02,etch,patterning_defect,0.056,94.81,-128.19,2024-03-23T08:01:01
D-0003256,W2403-0493,W2403-0493-W06,LIT-03,litho,bridge,0.0449,-5.08,9.93,2024-03-23T14:12:05
D-0003257,W2403-0493,W2403-0493-W20,LIT-03,litho,scratch,0.0413,142.07,-70.81,2024-03-23T13:16:05
D-0003258,W2403-0493,W2403-0493-W16,LIT-03,litho,bridge,0.0475,5.47,147.76,2024-03-23T11:23:05
D-0003259,W2403-0493,W2403-0493-W14,LIT-03,litho,particle,0.0301,116.06,-15.74,2024-03-23T14:05:05
D-0003260,W2403-0494,W2403-0494-W09,CMP-02,cmp,etch_pit,0.0478,26.83,105.79,2024-03-23T15:06:44
D-0003261,W2403-0494,W2403-0494-W12,CMP-02,cmp,bridge,0.0715,55.5,-26.85,2024-03-23T15:48:44
D-0003262,W2403-0494,W2403-0494-W25,CMP-02,cmp,void,0.0681,107.49,-8.83,2024-03-23T16:51:44
D-0003263,W2403-0494,W2403-0494-W25,CMP-02,cmp,void,0.0485,40.68,123.46,2024-03-23T17:19:44
D-0003264,W2403-0494,W2403-0494-W22,CMP-02,cmp,patterning_defect,0.0853,29.71,-77.73,2024-03-23T18:05:44
D-0003265,W2403-0494,W2403-0494-W13,CMP-02,cmp,patterning_defect,0.079,20.86,-111.04,2024-03-23T17:06:44
D-0003266,W2403-0495,W2403-0495-W09,DEP-01,deposition,void,0.0616,6.23,-60.32,2024-03-23T22:16:38
D-0003267,W2403-0495,W2403-0495-W04,DEP-01,deposition,bridge,0.0873,121.95,-74.96,2024-03-23T21:09:38
D-0003268,W2403-0495,W2403-0495-W17,DEP-01,deposition,void,0.0368,57.64,82.99,2024-03-23T19:26:38
D-0003269,W2403-0495,W2403-0495-W16,DEP-01,deposition,bridge,0.0707,38.13,75.64,2024-03-23T22:08:38
D-0003270,W2403-0495,W2403-0495-W12,DEP-01,deposition,particle,0.0124,-21.66,-136.83,2024-03-23T19:33:38
D-0003271,W2403-0495,W2403-0495-W15,DEP-01,deposition,void,0.0709,53.86,-59.19,2024-03-23T21:39:38
D-0003272,W2403-0495,W2403-0495-W24,DEP-01,deposition,scratch,0.0875,91.05,-81.06,2024-03-23T21:36:38
D-0003273,W2403-0496,W2403-0496-W15,LIT-02,litho,scratch,0.0844,-51.09,-64.15,2024-03-24T02:35:40
D-0003274,W2403-0496,W2403-0496-W01,LIT-02,litho,etch_pit,0.0802,35.82,-6.2,2024-03-24T01:53:40
D-0003275,W2403-0496,W2403-0496-W02,LIT-02,litho,bridge,0.0251,109.33,16.12,2024-03-24T03:11:40
D-0003276,W2403-0496,W2403-0496-W17,LIT-02,litho,scratch,0.0631,-32.79,144.84,2024-03-24T00:44:40
D-0003277,W2403-0496,W2403-0496-W24,LIT-02,litho,patterning_defect,0.0442,72.77,-51.96,2024-03-24T02:21:40
D-0003278,W2403-0496,W2403-0496-W17,LIT-02,litho,etch_pit,0.0859,147.17,115.85,2024-03-24T02:03:40
D-0003279,W2403-0497,W2403-0497-W22,ETCH-01,etch,bridge,0.0352,72.25,-84.75,2024-03-24T05:01:59
D-0003280,W2403-0497,W2403-0497-W06,ETCH-01,etch,patterning_defect,0.0127,37.65,-38.22,2024-03-24T04:11:59
D-0003281,W2403-0497,W2403-0497-W23,ETCH-01,etch,etch_pit,0.0224,35.56,83.81,2024-03-24T04:41:59
D-0003282,W2403-0497,W2403-0497-W24,ETCH-01,etch,void,0.0265,122.8,-137.75,2024-03-24T04:43:59
D-0003283,W2403-0497,W2403-0497-W20,ETCH-01,etch,patterning_defect,0.0627,-29.14,-90.64,2024-03-24T04:15:59
D-0003284,W2403-0497,W2403-0497-W20,ETCH-01,etch,etch_pit,0.0232,-75.73,104.21,2024-03-24T05:52:59
D-0003285,W2403-0497,W2403-0497-W12,ETCH-01,etch,scratch,0.0103,-76.04,-17.83,2024-03-24T06:54:59
D-0003286,W2403-0497,W2403-0497-W19,ETCH-01,etch,particle,0.0383,90.92,101.79,2024-03-24T07:35:59
D-0003287,W2403-0498,W2403-0498-W22,DIFF-02,diffusion,void,0.084,-141.32,-105.5,2024-03-24T11:20:50
D-0003288,W2403-0498,W2403-0498-W20,DIFF-02,diffusion,void,0.0175,141.96,-51.75,2024-03-24T08:45:50
D-0003289,W2403-0498,W2403-0498-W10,DIFF-02,diffusion,particle,0.0163,133.32,-107.27,2024-03-24T08:49:50
D-0003290,W2403-0498,W2403-0498-W25,DIFF-02,diffusion,patterning_defect,0.0783,129.12,-111.36,2024-03-24T08:54:50
D-0003291,W2403-0498,W2403-0498-W10,DIFF-02,diffusion,void,0.02,57.55,19.85,2024-03-24T08:54:50
D-0003292,W2403-0499,W2403-0499-W10,DIFF-02,diffusion,void,0.0667,-84.18,4.83,2024-03-24T14:36:57
D-0003293,W2403-0499,W2403-0499-W25,DIFF-02,diffusion,etch_pit,0.058,114.72,25.9,2024-03-24T14:57:57
D-0003294,W2403-0499,W2403-0499-W24,DIFF-02,diffusion,scratch,0.0765,-50.81,53.61,2024-03-24T13:43:57
D-0003295,W2403-0499,W2403-0499-W17,DIFF-02,diffusion,etch_pit,0.04,-123.78,-102.27,2024-03-24T13:20:57
D-0003296,W2403-0499,W2403-0499-W22,DIFF-02,diffusion,scratch,0.0512,-107.85,128.68,2024-03-24T13:16:57
D-0003297,W2403-0499,W2403-0499-W19,DIFF-02,diffusion,void,0.0865,1.32,-93.97,2024-03-24T14:15:57
D-0003298,W2403-0500,W2403-0500-W21,LIT-02,litho,void,0.0435,8.3,7.73,2024-03-24T19:54:12
D-0003299,W2403-0500,W2403-0500-W03,LIT-02,litho,scratch,0.0371,-136.78,-133.02,2024-03-24T19:00:12
D-0003300,W2403-0500,W2403-0500-W04,LIT-02,litho,bridge,0.0682,105.01,35.93,2024-03-24T18:06:12
D-0003301,W2403-0500,W2403-0500-W09,LIT-02,litho,etch_pit,0.0463,-118.21,89.16,2024-03-24T16:52:12
D-0003302,W2403-0500,W2403-0500-W23,LIT-02,litho,etch_pit,0.051,-65.05,71.36,2024-03-24T19:51:12
D-0003303,W2403-0500,W2403-0500-W11,LIT-02,litho,etch_pit,0.0508,-108.4,-72.92,2024-03-24T18:33:12
