reading_id,lot_id,tool_id,process_step,parameter_name,parameter_value,alert_flag,timestamp
SR-0000001,W2401-0001,LIT-03,litho,exposure_energy_mj,24.7314,0,2024-01-01T06:00:00
SR-0000002,W2401-0001,LIT-03,litho,exposure_energy_mj,25.5729,0,2024-01-01T06:08:00
SR-0000003,W2401-0001,LIT-03,litho,focus_offset_nm,-1.1688,0,2024-01-01T06:18:00
SR-0000004,W2401-0001,LIT-03,litho,focus_offset_nm,2.7721,0,2024-01-01T06:27:00
SR-0000005,W2401-0001,LIT-03,litho,stage_temp_c,21.6953,0,2024-01-01T06:34:00
SR-0000006,W2401-0001,LIT-03,litho,stage_temp_c,21.8289,0,2024-01-01T06:43:00
SR-0000007,W2401-0001,LIT-03,litho,humidity_pct,47.3192,0,2024-01-01T06:48:00
SR-0000008,W2401-0001,LIT-03,litho,humidity_pct,46.4309,0,2024-01-01T06:59:00
SR-0000009,W2401-0001,LIT-03,litho,dose_uniformity_pct,98.9484,0,2024-01-01T07:04:00
SR-0000010,W2401-0001,LIT-03,litho,dose_uniformity_pct,97.685,0,2024-01-01T07:13:00
SR-0000011,W2401-0002,DIFF-02,diffusion,furnace_temp_c,956.2573,0,2024-01-01T10:10:36
SR-0000012,W2401-0002,DIFF-02,diffusion,furnace_temp_c,949.6993,0,2024-01-01T10:20:36
SR-0000013,W2401-0002,DIFF-02,diffusion,ramp_rate_c_min,8.8743,0,2024-01-01T10:26:36
SR-0000014,W2401-0002,DIFF-02,diffusion,ramp_rate_c_min,9.5341,0,2024-01-01T10:36:36
SR-0000015,W2401-0002,DIFF-02,diffusion,ambient_pressure_torr,763.0254,0,2024-01-01T10:44:36
SR-0000016,W2401-0002,DIFF-02,diffusion,ambient_pressure_torr,762.1776,0,2024-01-01T10:50:36
SR-0000017,W2401-0002,DIFF-02,diffusion,gas_ratio,1.835,0,2024-01-01T10:59:36
SR-0000018,W2401-0002,DIFF-02,diffusion,gas_ratio,2.1797,0,2024-01-01T11:09:36
SR-0000019,W2401-0002,DIFF-02,diffusion,anneal_time_min,34.044,0,2024-01-01T11:16:36
SR-0000020,W2401-0002,DIFF-02,diffusion,anneal_time_min,29.7472,0,2024-01-01T11:22:36
SR-0000021,W2401-0003,DIFF-01,diffusion,furnace_temp_c,955.1536,0,2024-01-01T13:47:13
SR-0000022,W2401-0003,DIFF-01,diffusion,furnace_temp_c,939.6726,0,2024-01-01T13:57:13
SR-0000023,W2401-0003,DIFF-01,diffusion,ramp_rate_c_min,10.3961,0,2024-01-01T14:05:13
SR-0000024,W2401-0003,DIFF-01,diffusion,ramp_rate_c_min,10.0599,0,2024-01-01T14:10:13
SR-0000025,W2401-0003,DIFF-01,diffusion,ambient_pressure_torr,755.9884,0,2024-01-01T14:19:13
SR-0000026,W2401-0003,DIFF-01,diffusion,ambient_pressure_torr,762.8815,0,2024-01-01T14:29:13
SR-0000027,W2401-0003,DIFF-01,diffusion,gas_ratio,2.063,0,2024-01-01T14:35:13
SR-0000028,W2401-0003,DIFF-01,diffusion,gas_ratio,2.0232,0,2024-01-01T14:42:13
SR-0000029,W2401-0003,DIFF-01,diffusion,anneal_time_min,27.6067,0,2024-01-01T14:51:13
SR-0000030,W2401-0003,DIFF-01,diffusion,anneal_time_min,31.3315,0,2024-01-01T14:58:13
SR-0000031,W2401-0004,ETCH-03,etch,etch_temp_c,180.3122,0,2024-01-01T17:33:54
SR-0000032,W2401-0004,ETCH-03,etch,etch_temp_c,175.9456,0,2024-01-01T17:42:54
SR-0000033,W2401-0004,ETCH-03,etch,etch_pressure_mtorr,8.0332,0,2024-01-01T17:49:54
SR-0000034,W2401-0004,ETCH-03,etch,etch_pressure_mtorr,7.8602,0,2024-01-01T17:59:54
SR-0000035,W2401-0004,ETCH-03,etch,rf_power_w,407.6212,0,2024-01-01T18:04:54
SR-0000036,W2401-0004,ETCH-03,etch,rf_power_w,375.3211,0,2024-01-01T18:15:54
SR-0000037,W2401-0004,ETCH-03,etch,gas_flow_sccm,48.6484,0,2024-01-01T18:23:54
SR-0000038,W2401-0004,ETCH-03,etch,gas_flow_sccm,51.7771,0,2024-01-01T18:30:54
SR-0000039,W2401-0004,ETCH-03,etch,endpoint_time_s,129.0807,0,2024-01-01T18:38:54
SR-0000040,W2401-0004,ETCH-03,etch,endpoint_time_s,125.483,0,2024-01-01T18:44:54
SR-0000041,W2401-0005,DEP-01,deposition,dep_temp_c,309.0766,0,2024-01-01T21:21:35
SR-0000042,W2401-0005,DEP-01,deposition,dep_temp_c,301.572,0,2024-01-01T21:28:35
SR-0000043,W2401-0005,DEP-01,deposition,dep_pressure_mtorr,5.0164,0,2024-01-01T21:36:35
SR-0000044,W2401-0005,DEP-01,deposition,dep_pressure_mtorr,4.7287,0,2024-01-01T21:45:35
SR-0000045,W2401-0005,DEP-01,deposition,rf_power_w,361.9594,0,2024-01-01T21:54:35
SR-0000046,W2401-0005,DEP-01,deposition,rf_power_w,350.1063,0,2024-01-01T21:59:35
SR-0000047,W2401-0005,DEP-01,deposition,precursor_flow_sccm,29.75,0,2024-01-01T22:10:35
SR-0000048,W2401-0005,DEP-01,deposition,precursor_flow_sccm,31.8396,0,2024-01-01T22:15:35
SR-0000049,W2401-0005,DEP-01,deposition,film_thickness_nm,49.238,0,2024-01-01T22:24:35
SR-0000050,W2401-0005,DEP-01,deposition,film_thickness_nm,49.9728,0,2024-01-01T22:33:35
SR-0000051,W2401-0006,IMP-02,implant,beam_current_ma,10.9041,0,2024-01-02T01:27:48
SR-0000052,W2401-0006,IMP-02,implant,beam_current_ma,9.5686,0,2024-01-02T01:35:48
SR-0000053,W2401-0006,IMP-02,implant,beam_energy_kev,50.8955,0,2024-01-02T01:44:48
SR-0000054,W2401-0006,IMP-02,implant,beam_energy_kev,49.9718,0,2024-01-02T01:52:48
SR-0000055,W2401-0006,IMP-02,implant,scan_speed_mm_s,105.6061,0,2024-01-02T01:57:48
SR-0000056,W2401-0006,IMP-02,implant,scan_speed_mm_s,119.304,0,2024-01-02T02:07:48
SR-0000057,W2401-0006,IMP-02,implant,dose_uniformity_pct,98.5892,0,2024-01-02T02:15:48
SR-0000058,W2401-0006,IMP-02,implant,dose_uniformity_pct,98.4283,0,2024-01-02T02:21:48
SR-0000059,W2401-0006,IMP-02,implant,tilt_angle_deg,7.0913,0,2024-01-02T02:31:48
SR-0000060,W2401-0006,IMP-02,implant,tilt_angle_deg,7.2854,0,2024-01-02T02:39:48
SR-0000061,W2401-0007,IMP-02,implant,beam_current_ma,9.9477,0,2024-01-02T05:02:32
SR-0000062,W2401-0007,IMP-02,implant,beam_current_ma,9.3142,0,2024-01-02T05:10:32
SR-0000063,W2401-0007,IMP-02,implant,beam_energy_kev,45.9015,0,2024-01-02T05:17:32
SR-0000064,W2401-0007,IMP-02,implant,beam_energy_kev,52.0033,0,2024-01-02T05:24:32
SR-0000065,W2401-0007,IMP-02,implant,scan_speed_mm_s,106.8868,0,2024-01-02T05:35:32
SR-0000066,W2401-0007,IMP-02,implant,scan_speed_mm_s,95.9727,0,2024-01-02T05:40:32
SR-0000067,W2401-0007,IMP-02,implant,dose_uniformity_pct,97.8607,0,2024-01-02T05:51:32
SR-0000068,W2401-0007,IMP-02,implant,dose_uniformity_pct,98.8875,0,2024-01-02T05:59:32
SR-0000069,W2401-0007,IMP-02,implant,tilt_angle_deg,6.9975,0,2024-01-02T06:07:32
SR-0000070,W2401-0007,IMP-02,implant,tilt_angle_deg,6.959,0,2024-01-02T06:13:32
SR-0000071,W2401-0008,ETCH-01,etch,etch_temp_c,175.5195,0,2024-01-02T08:49:54
SR-0000072,W2401-0008,ETCH-01,etch,etch_temp_c,174.6876,0,2024-01-02T08:58:54
SR-0000073,W2401-0008,ETCH-01,etch,etch_pressure_mtorr,7.6492,0,2024-01-02T09:05:54
SR-0000074,W2401-0008,ETCH-01,etch,etch_pressure_mtorr,7.0348,0,2024-01-02T09:12:54
SR-0000075,W2401-0008,ETCH-01,etch,rf_power_w,378.6683,0,2024-01-02T09:21:54
SR-0000076,W2401-0008,ETCH-01,etch,rf_power_w,386.4187,0,2024-01-02T09:29:54
SR-0000077,W2401-0008,ETCH-01,etch,gas_flow_sccm,50.6023,0,2024-01-02T09:36:54
SR-0000078,W2401-0008,ETCH-01,etch,gas_flow_sccm,54.0519,0,2024-01-02T09:43:54
SR-0000079,W2401-0008,ETCH-01,etch,endpoint_time_s,116.4908,0,2024-01-02T09:52:54
SR-0000080,W2401-0008,ETCH-01,etch,endpoint_time_s,114.9279,0,2024-01-02T10:01:54
SR-0000081,W2401-0009,ETCH-02,etch,etch_temp_c,178.9089,0,2024-01-02T12:48:06
SR-0000082,W2401-0009,ETCH-02,etch,etch_temp_c,175.638,0,2024-01-02T12:55:06
SR-0000083,W2401-0009,ETCH-02,etch,etch_pressure_mtorr,7.5642,0,2024-01-02T13:03:06
SR-0000084,W2401-0009,ETCH-02,etch,etch_pressure_mtorr,7.7561,0,2024-01-02T13:09:06
SR-0000085,W2401-0009,ETCH-02,etch,rf_power_w,381.6952,0,2024-01-02T13:17:06
SR-0000086,W2401-0009,ETCH-02,etch,rf_power_w,370.283,0,2024-01-02T13:25:06
SR-0000087,W2401-0009,ETCH-02,etch,gas_flow_sccm,50.2285,0,2024-01-02T13:36:06
SR-0000088,W2401-0009,ETCH-02,etch,gas_flow_sccm,47.9714,0,2024-01-02T13:42:06
SR-0000089,W2401-0009,ETCH-02,etch,endpoint_time_s,119.0379,0,2024-01-02T13:50:06
SR-0000090,W2401-0009,ETCH-02,etch,endpoint_time_s,124.5749,0,2024-01-02T14:00:06
SR-0000091,W2401-0010,DIFF-01,diffusion,furnace_temp_c,949.7799,0,2024-01-02T16:57:07
SR-0000092,W2401-0010,DIFF-01,diffusion,furnace_temp_c,946.7876,0,2024-01-02T17:04:07
SR-0000093,W2401-0010,DIFF-01,diffusion,ramp_rate_c_min,10.725,0,2024-01-02T17:15:07
SR-0000094,W2401-0010,DIFF-01,diffusion,ramp_rate_c_min,9.2712,0,2024-01-02T17:22:07
SR-0000095,W2401-0010,DIFF-01,diffusion,ambient_pressure_torr,765.1015,0,2024-01-02T17:28:07
SR-0000096,W2401-0010,DIFF-01,diffusion,ambient_pressure_torr,761.5982,0,2024-01-02T17:37:07
SR-0000097,W2401-0010,DIFF-01,diffusion,gas_ratio,2.0024,0,2024-01-02T17:45:07
SR-0000098,W2401-0010,DIFF-01,diffusion,gas_ratio,1.8305,0,2024-01-02T17:52:07
SR-0000099,W2401-0010,DIFF-01,diffusion,anneal_time_min,30.2223,0,2024-01-02T18:01:07
SR-0000100,W2401-0010,DIFF-01,diffusion,anneal_time_min,27.8683,0,2024-01-02T18:11:07
SR-0000101,W2401-0011,IMP-01,implant,beam_current_ma,9.5333,0,2024-01-02T20:56:51
SR-0000102,W2401-0011,IMP-01,implant,beam_current_ma,10.48,0,2024-01-02T21:01:51
SR-0000103,W2401-0011,IMP-01,implant,beam_energy_kev,49.575,0,2024-01-02T21:10:51
SR-0000104,W2401-0011,IMP-01,implant,beam_energy_kev,49.4064,0,2024-01-02T21:19:51
SR-0000105,W2401-0011,IMP-01,implant,scan_speed_mm_s,87.8487,0,2024-01-02T21:26:51
SR-0000106,W2401-0011,IMP-01,implant,scan_speed_mm_s,100.4517,0,2024-01-02T21:34:51
SR-0000107,W2401-0011,IMP-01,implant,dose_uniformity_pct,98.5051,0,2024-01-02T21:42:51
SR-0000108,W2401-0011,IMP-01,implant,dose_uniformity_pct,98.3404,0,2024-01-02T21:50:51
SR-0000109,W2401-0011,IMP-01,implant,tilt_angle_deg,6.8277,0,2024-01-02T21:57:51
SR-0000110,W2401-0011,IMP-01,implant,tilt_angle_deg,6.8016,0,2024-01-02T22:06:51
SR-0000111,W2401-0012,LIT-01,litho,exposure_energy_mj,25.4453,0,2024-01-03T00:42:46
SR-0000112,W2401-0012,LIT-01,litho,exposure_energy_mj,25.1883,0,2024-01-03T00:52:46
SR-0000113,W2401-0012,LIT-01,litho,focus_offset_nm,-1.5052,0,2024-01-03T01:01:46
SR-0000114,W2401-0012,LIT-01,litho,focus_offset_nm,-0.374,0,2024-01-03T01:08:46
SR-0000115,W2401-0012,LIT-01,litho,stage_temp_c,21.7332,0,2024-01-03T01:17:46
SR-0000116,W2401-0012,LIT-01,litho,stage_temp_c,22.5009,0,2024-01-03T01:24:46
SR-0000117,W2401-0012,LIT-01,litho,humidity_pct,38.6209,0,2024-01-03T01:33:46
SR-0000118,W2401-0012,LIT-01,litho,humidity_pct,43.7714,0,2024-01-03T01:41:46
SR-0000119,W2401-0012,LIT-01,litho,dose_uniformity_pct,98.7499,0,2024-01-03T01:46:46
SR-0000120,W2401-0012,LIT-01,litho,dose_uniformity_pct,98.6089,0,2024-01-03T01:55:46
SR-0000121,W2401-0013,CMP-02,cmp,polish_pressure_psi,3.8194,0,2024-01-03T04:26:32
SR-0000122,W2401-0013,CMP-02,cmp,polish_pressure_psi,3.4733,0,2024-01-03T04:34:32
SR-0000123,W2401-0013,CMP-02,cmp,platen_speed_rpm,83.3594,0,2024-01-03T04:41:32
SR-0000124,W2401-0013,CMP-02,cmp,platen_speed_rpm,85.1511,0,2024-01-03T04:49:32
SR-0000125,W2401-0013,CMP-02,cmp,slurry_flow_ml_min,210.7808,0,2024-01-03T05:00:32
SR-0000126,W2401-0013,CMP-02,cmp,slurry_flow_ml_min,205.4878,0,2024-01-03T05:05:32
SR-0000127,W2401-0013,CMP-02,cmp,removal_rate_ang_min,1473.0882,0,2024-01-03T05:13:32
SR-0000128,W2401-0013,CMP-02,cmp,removal_rate_ang_min,1461.7538,0,2024-01-03T05:21:32
SR-0000129,W2401-0013,CMP-02,cmp,friction_coeff,0.3128,0,2024-01-03T05:29:32
SR-0000130,W2401-0013,CMP-02,cmp,friction_coeff,0.3385,0,2024-01-03T05:40:32
SR-0000131,W2401-0014,DIFF-02,diffusion,furnace_temp_c,945.1754,0,2024-01-03T08:27:52
SR-0000132,W2401-0014,DIFF-02,diffusion,furnace_temp_c,944.5774,0,2024-01-03T08:36:52
SR-0000133,W2401-0014,DIFF-02,diffusion,ramp_rate_c_min,9.834,0,2024-01-03T08:44:52
SR-0000134,W2401-0014,DIFF-02,diffusion,ramp_rate_c_min,9.7619,0,2024-01-03T08:53:52
SR-0000135,W2401-0014,DIFF-02,diffusion,ambient_pressure_torr,757.3442,0,2024-01-03T09:02:52
SR-0000136,W2401-0014,DIFF-02,diffusion,ambient_pressure_torr,758.4466,0,2024-01-03T09:09:52
SR-0000137,W2401-0014,DIFF-02,diffusion,gas_ratio,1.8747,0,2024-01-03T09:16:52
SR-0000138,W2401-0014,DIFF-02,diffusion,gas_ratio,1.8133,0,2024-01-03T09:23:52
SR-0000139,W2401-0014,DIFF-02,diffusion,anneal_time_min,32.0891,0,2024-01-03T09:33:52
SR-0000140,W2401-0014,DIFF-02,diffusion,anneal_time_min,30.715,0,2024-01-03T09:40:52
SR-0000141,W2401-0015,DIFF-02,diffusion,furnace_temp_c,951.5563,0,2024-01-03T12:58:43
SR-0000142,W2401-0015,DIFF-02,diffusion,furnace_temp_c,951.6491,0,2024-01-03T13:06:43
SR-0000143,W2401-0015,DIFF-02,diffusion,ramp_rate_c_min,9.0709,0,2024-01-03T13:15:43
SR-0000144,W2401-0015,DIFF-02,diffusion,ramp_rate_c_min,9.8793,0,2024-01-03T13:21:43
SR-0000145,W2401-0015,DIFF-02,diffusion,ambient_pressure_torr,758.3977,0,2024-01-03T13:32:43
SR-0000146,W2401-0015,DIFF-02,diffusion,ambient_pressure_torr,762.5817,0,2024-01-03T13:40:43
SR-0000147,W2401-0015,DIFF-02,diffusion,gas_ratio,1.9185,0,2024-01-03T13:47:43
SR-0000148,W2401-0015,DIFF-02,diffusion,gas_ratio,2.0016,0,2024-01-03T13:53:43
SR-0000149,W2401-0015,DIFF-02,diffusion,anneal_time_min,30.3189,0,2024-01-03T14:01:43
SR-0000150,W2401-0015,DIFF-02,diffusion,anneal_time_min,31.5177,0,2024-01-03T14:10:43
SR-0000151,W2401-0016,DIFF-01,diffusion,furnace_temp_c,943.6056,0,2024-01-03T16:37:19
SR-0000152,W2401-0016,DIFF-01,diffusion,furnace_temp_c,950.3643,0,2024-01-03T16:45:19
SR-0000153,W2401-0016,DIFF-01,diffusion,ramp_rate_c_min,9.8059,0,2024-01-03T16:55:19
SR-0000154,W2401-0016,DIFF-01,diffusion,ramp_rate_c_min,9.6596,0,2024-01-03T17:03:19
SR-0000155,W2401-0016,DIFF-01,diffusion,ambient_pressure_torr,758.2599,0,2024-01-03T17:11:19
SR-0000156,W2401-0016,DIFF-01,diffusion,ambient_pressure_torr,759.1058,0,2024-01-03T17:18:19
SR-0000157,W2401-0016,DIFF-01,diffusion,gas_ratio,2.0102,0,2024-01-03T17:25:19
SR-0000158,W2401-0016,DIFF-01,diffusion,gas_ratio,2.0566,0,2024-01-03T17:35:19
SR-0000159,W2401-0016,DIFF-01,diffusion,anneal_time_min,28.4866,0,2024-01-03T17:44:19
SR-0000160,W2401-0016,DIFF-01,diffusion,anneal_time_min,29.9357,0,2024-01-03T17:49:19
SR-0000161,W2401-0017,DIFF-02,diffusion,furnace_temp_c,947.7717,0,2024-01-03T20:43:04
SR-0000162,W2401-0017,DIFF-02,diffusion,furnace_temp_c,954.4114,0,2024-01-03T20:52:04
SR-0000163,W2401-0017,DIFF-02,diffusion,ramp_rate_c_min,9.4086,0,2024-01-03T21:01:04
SR-0000164,W2401-0017,DIFF-02,diffusion,ramp_rate_c_min,9.6645,0,2024-01-03T21:09:04
SR-0000165,W2401-0017,DIFF-02,diffusion,ambient_pressure_torr,761.6747,0,2024-01-03T21:15:04
SR-0000166,W2401-0017,DIFF-02,diffusion,ambient_pressure_torr,758.7239,0,2024-01-03T21:23:04
SR-0000167,W2401-0017,DIFF-02,diffusion,gas_ratio,2.0657,0,2024-01-03T21:34:04
SR-0000168,W2401-0017,DIFF-02,diffusion,gas_ratio,1.9106,0,2024-01-03T21:42:04
SR-0000169,W2401-0017,DIFF-02,diffusion,anneal_time_min,31.2954,0,2024-01-03T21:50:04
SR-0000170,W2401-0017,DIFF-02,diffusion,anneal_time_min,30.8924,0,2024-01-03T21:56:04
SR-0000171,W2401-0018,LIT-02,litho,exposure_energy_mj,24.3119,0,2024-01-04T00:29:04
SR-0000172,W2401-0018,LIT-02,litho,exposure_energy_mj,25.5417,0,2024-01-04T00:38:04
SR-0000173,W2401-0018,LIT-02,litho,focus_offset_nm,2.3818,0,2024-01-04T00:45:04
SR-0000174,W2401-0018,LIT-02,litho,focus_offset_nm,-2.3099,0,2024-01-04T00:56:04
SR-0000175,W2401-0018,LIT-02,litho,stage_temp_c,22.1346,0,2024-01-04T01:02:04
SR-0000176,W2401-0018,LIT-02,litho,stage_temp_c,21.734,0,2024-01-04T01:09:04
SR-0000177,W2401-0018,LIT-02,litho,humidity_pct,41.6432,0,2024-01-04T01:18:04
SR-0000178,W2401-0018,LIT-02,litho,humidity_pct,41.5477,0,2024-01-04T01:28:04
SR-0000179,W2401-0018,LIT-02,litho,dose_uniformity_pct,98.5614,0,2024-01-04T01:36:04
SR-0000180,W2401-0018,LIT-02,litho,dose_uniformity_pct,98.8733,0,2024-01-04T01:43:04
SR-0000181,W2401-0019,DIFF-01,diffusion,furnace_temp_c,951.1093,0,2024-01-04T04:26:18
SR-0000182,W2401-0019,DIFF-01,diffusion,furnace_temp_c,947.8806,0,2024-01-04T04:35:18
SR-0000183,W2401-0019,DIFF-01,diffusion,ramp_rate_c_min,9.2778,0,2024-01-04T04:44:18
SR-0000184,W2401-0019,DIFF-01,diffusion,ramp_rate_c_min,9.2421,0,2024-01-04T04:50:18
SR-0000185,W2401-0019,DIFF-01,diffusion,ambient_pressure_torr,759.6344,0,2024-01-04T05:01:18
SR-0000186,W2401-0019,DIFF-01,diffusion,ambient_pressure_torr,759.2036,0,2024-01-04T05:08:18
SR-0000187,W2401-0019,DIFF-01,diffusion,gas_ratio,1.9357,0,2024-01-04T05:17:18
SR-0000188,W2401-0019,DIFF-01,diffusion,gas_ratio,2.1113,0,2024-01-04T05:22:18
SR-0000189,W2401-0019,DIFF-01,diffusion,anneal_time_min,33.0094,0,2024-01-04T05:30:18
SR-0000190,W2401-0019,DIFF-01,diffusion,anneal_time_min,29.2745,0,2024-01-04T05:41:18
SR-0000191,W2401-0020,ETCH-03,etch,etch_temp_c,173.6258,0,2024-01-04T08:11:14
SR-0000192,W2401-0020,ETCH-03,etch,etch_temp_c,175.807,0,2024-01-04T08:19:14
SR-0000193,W2401-0020,ETCH-03,etch,etch_pressure_mtorr,7.8557,0,2024-01-04T08:26:14
SR-0000194,W2401-0020,ETCH-03,etch,etch_pressure_mtorr,8.0758,0,2024-01-04T08:32:14
SR-0000195,W2401-0020,ETCH-03,etch,rf_power_w,419.6858,0,2024-01-04T08:41:14
SR-0000196,W2401-0020,ETCH-03,etch,rf_power_w,366.0972,0,2024-01-04T08:49:14
SR-0000197,W2401-0020,ETCH-03,etch,gas_flow_sccm,49.3913,0,2024-01-04T08:56:14
SR-0000198,W2401-0020,ETCH-03,etch,gas_flow_sccm,46.5228,0,2024-01-04T09:07:14
SR-0000199,W2401-0020,ETCH-03,etch,endpoint_time_s,122.2848,0,2024-01-04T09:12:14
SR-0000200,W2401-0020,ETCH-03,etch,endpoint_time_s,123.3788,0,2024-01-04T09:20:14
SR-0000201,W2401-0021,LIT-01,litho,exposure_energy_mj,24.5733,0,2024-01-04T12:17:10
SR-0000202,W2401-0021,LIT-01,litho,exposure_energy_mj,24.9972,0,2024-01-04T12:25:10
SR-0000203,W2401-0021,LIT-01,litho,focus_offset_nm,-0.3786,0,2024-01-04T12:33:10
SR-0000204,W2401-0021,LIT-01,litho,focus_offset_nm,2.4606,0,2024-01-04T12:38:10
SR-0000205,W2401-0021,LIT-01,litho,stage_temp_c,22.0564,0,2024-01-04T12:48:10
SR-0000206,W2401-0021,LIT-01,litho,stage_temp_c,22.1982,0,2024-01-04T12:57:10
SR-0000207,W2401-0021,LIT-01,litho,humidity_pct,42.5438,0,2024-01-04T13:04:10
SR-0000208,W2401-0021,LIT-01,litho,humidity_pct,44.3451,0,2024-01-04T13:11:10
SR-0000209,W2401-0021,LIT-01,litho,dose_uniformity_pct,98.6264,0,2024-01-04T13:21:10
SR-0000210,W2401-0021,LIT-01,litho,dose_uniformity_pct,98.0794,0,2024-01-04T13:29:10
SR-0000211,W2401-0022,LIT-03,litho,exposure_energy_mj,25.7432,0,2024-01-04T16:20:12
SR-0000212,W2401-0022,LIT-03,litho,exposure_energy_mj,24.9477,0,2024-01-04T16:27:12
SR-0000213,W2401-0022,LIT-03,litho,focus_offset_nm,-0.9616,0,2024-01-04T16:34:12
SR-0000214,W2401-0022,LIT-03,litho,focus_offset_nm,-2.0441,0,2024-01-04T16:44:12
SR-0000215,W2401-0022,LIT-03,litho,stage_temp_c,22.3161,0,2024-01-04T16:52:12
SR-0000216,W2401-0022,LIT-03,litho,stage_temp_c,21.9818,0,2024-01-04T16:59:12
SR-0000217,W2401-0022,LIT-03,litho,humidity_pct,44.1229,0,2024-01-04T17:09:12
SR-0000218,W2401-0022,LIT-03,litho,humidity_pct,48.0274,0,2024-01-04T17:17:12
SR-0000219,W2401-0022,LIT-03,litho,dose_uniformity_pct,99.1134,0,2024-01-04T17:22:12
SR-0000220,W2401-0022,LIT-03,litho,dose_uniformity_pct,98.4911,0,2024-01-04T17:30:12
SR-0000221,W2401-0023,ETCH-03,etch,etch_temp_c,176.9805,0,2024-01-04T20:49:53
SR-0000222,W2401-0023,ETCH-03,etch,etch_temp_c,176.2007,0,2024-01-04T20:55:53
SR-0000223,W2401-0023,ETCH-03,etch,etch_pressure_mtorr,8.9111,0,2024-01-04T21:04:53
SR-0000224,W2401-0023,ETCH-03,etch,etch_pressure_mtorr,8.4032,0,2024-01-04T21:10:53
SR-0000225,W2401-0023,ETCH-03,etch,rf_power_w,389.7237,0,2024-01-04T21:21:53
SR-0000226,W2401-0023,ETCH-03,etch,rf_power_w,360.7013,0,2024-01-04T21:27:53
SR-0000227,W2401-0023,ETCH-03,etch,gas_flow_sccm,50.7059,0,2024-01-04T21:37:53
SR-0000228,W2401-0023,ETCH-03,etch,gas_flow_sccm,53.2639,0,2024-01-04T21:45:53
SR-0000229,W2401-0023,ETCH-03,etch,endpoint_time_s,120.2224,0,2024-01-04T21:53:53
SR-0000230,W2401-0023,ETCH-03,etch,endpoint_time_s,127.7495,0,2024-01-04T21:59:53
SR-0000231,W2401-0024,DIFF-01,diffusion,furnace_temp_c,946.0128,0,2024-01-05T00:54:17
SR-0000232,W2401-0024,DIFF-01,diffusion,furnace_temp_c,949.6796,0,2024-01-05T01:04:17
SR-0000233,W2401-0024,DIFF-01,diffusion,ramp_rate_c_min,9.7399,0,2024-01-05T01:11:17
SR-0000234,W2401-0024,DIFF-01,diffusion,ramp_rate_c_min,9.5074,0,2024-01-05T01:18:17
SR-0000235,W2401-0024,DIFF-01,diffusion,ambient_pressure_torr,759.9491,0,2024-01-05T01:27:17
SR-0000236,W2401-0024,DIFF-01,diffusion,ambient_pressure_torr,758.5319,0,2024-01-05T01:35:17
SR-0000237,W2401-0024,DIFF-01,diffusion,gas_ratio,2.0548,0,2024-01-05T01:44:17
SR-0000238,W2401-0024,DIFF-01,diffusion,gas_ratio,2.0184,0,2024-01-05T01:51:17
SR-0000239,W2401-0024,DIFF-01,diffusion,anneal_time_min,28.9733,0,2024-01-05T01:59:17
SR-0000240,W2401-0024,DIFF-01,diffusion,anneal_time_min,28.8889,0,2024-01-05T02:06:17
SR-0000241,W2401-0025,CMP-02,cmp,polish_pressure_psi,3.0451,0,2024-01-05T05:23:59
SR-0000242,W2401-0025,CMP-02,cmp,polish_pressure_psi,3.5793,0,2024-01-05T05:32:59
SR-0000243,W2401-0025,CMP-02,cmp,platen_speed_rpm,97.6633,0,2024-01-05T05:39:59
SR-0000244,W2401-0025,CMP-02,cmp,platen_speed_rpm,97.1962,0,2024-01-05T05:47:59
SR-0000245,W2401-0025,CMP-02,cmp,slurry_flow_ml_min,198.3044,0,2024-01-05T05:56:59
SR-0000246,W2401-0025,CMP-02,cmp,slurry_flow_ml_min,195.8301,0,2024-01-05T06:05:59
SR-0000247,W2401-0025,CMP-02,cmp,removal_rate_ang_min,1418.0424,0,2024-01-05T06:13:59
SR-0000248,W2401-0025,CMP-02,cmp,removal_rate_ang_min,1451.4735,0,2024-01-05T06:20:59
SR-0000249,W2401-0025,CMP-02,cmp,friction_coeff,0.2935,0,2024-01-05T06:29:59
SR-0000250,W2401-0025,CMP-02,cmp,friction_coeff,0.3631,0,2024-01-05T06:34:59
SR-0000251,W2401-0026,DIFF-01,diffusion,furnace_temp_c,944.3221,0,2024-01-05T09:31:17
SR-0000252,W2401-0026,DIFF-01,diffusion,furnace_temp_c,954.5528,0,2024-01-05T09:37:17
SR-0000253,W2401-0026,DIFF-01,diffusion,ramp_rate_c_min,10.5894,0,2024-01-05T09:46:17
SR-0000254,W2401-0026,DIFF-01,diffusion,ramp_rate_c_min,10.0003,0,2024-01-05T09:54:17
SR-0000255,W2401-0026,DIFF-01,diffusion,ambient_pressure_torr,758.8152,0,2024-01-05T10:02:17
SR-0000256,W2401-0026,DIFF-01,diffusion,ambient_pressure_torr,760.4336,0,2024-01-05T10:10:17
SR-0000257,W2401-0026,DIFF-01,diffusion,gas_ratio,2.0285,0,2024-01-05T10:17:17
SR-0000258,W2401-0026,DIFF-01,diffusion,gas_ratio,2.0006,0,2024-01-05T10:27:17
SR-0000259,W2401-0026,DIFF-01,diffusion,anneal_time_min,29.4876,0,2024-01-05T10:32:17
SR-0000260,W2401-0026,DIFF-01,diffusion,anneal_time_min,27.763,0,2024-01-05T10:41:17
SR-0000261,W2401-0027,ETCH-01,etch,etch_temp_c,171.9999,0,2024-01-05T13:43:46
SR-0000262,W2401-0027,ETCH-01,etch,etch_temp_c,175.4091,0,2024-01-05T13:50:46
SR-0000263,W2401-0027,ETCH-01,etch,etch_pressure_mtorr,8.8731,0,2024-01-05T13:56:46
SR-0000264,W2401-0027,ETCH-01,etch,etch_pressure_mtorr,8.4432,0,2024-01-05T14:06:46
SR-0000265,W2401-0027,ETCH-01,etch,rf_power_w,373.3803,0,2024-01-05T14:12:46
SR-0000266,W2401-0027,ETCH-01,etch,rf_power_w,391.3754,0,2024-01-05T14:23:46
SR-0000267,W2401-0027,ETCH-01,etch,gas_flow_sccm,50.1238,0,2024-01-05T14:29:46
SR-0000268,W2401-0027,ETCH-01,etch,gas_flow_sccm,52.6528,0,2024-01-05T14:38:46
SR-0000269,W2401-0027,ETCH-01,etch,endpoint_time_s,115.8776,0,2024-01-05T14:45:46
SR-0000270,W2401-0027,ETCH-01,etch,endpoint_time_s,122.1111,0,2024-01-05T14:54:46
SR-0000271,W2401-0028,DIFF-01,diffusion,furnace_temp_c,937.2658,0,2024-01-05T17:53:54
SR-0000272,W2401-0028,DIFF-01,diffusion,furnace_temp_c,953.3359,0,2024-01-05T17:59:54
SR-0000273,W2401-0028,DIFF-01,diffusion,ramp_rate_c_min,10.6801,0,2024-01-05T18:07:54
SR-0000274,W2401-0028,DIFF-01,diffusion,ramp_rate_c_min,9.9764,0,2024-01-05T18:14:54
SR-0000275,W2401-0028,DIFF-01,diffusion,ambient_pressure_torr,758.9961,0,2024-01-05T18:25:54
SR-0000276,W2401-0028,DIFF-01,diffusion,ambient_pressure_torr,759.715,0,2024-01-05T18:31:54
SR-0000277,W2401-0028,DIFF-01,diffusion,gas_ratio,2.077,0,2024-01-05T18:40:54
SR-0000278,W2401-0028,DIFF-01,diffusion,gas_ratio,2.112,0,2024-01-05T18:47:54
SR-0000279,W2401-0028,DIFF-01,diffusion,anneal_time_min,30.0795,0,2024-01-05T18:54:54
SR-0000280,W2401-0028,DIFF-01,diffusion,anneal_time_min,31.0041,0,2024-01-05T19:02:54
SR-0000281,W2401-0029,ETCH-01,etch,etch_temp_c,177.1779,0,2024-01-05T22:09:59
SR-0000282,W2401-0029,ETCH-01,etch,etch_temp_c,171.0949,0,2024-01-05T22:17:59
SR-0000283,W2401-0029,ETCH-01,etch,etch_pressure_mtorr,8.0387,0,2024-01-05T22:23:59
SR-0000284,W2401-0029,ETCH-01,etch,etch_pressure_mtorr,8.0928,0,2024-01-05T22:32:59
SR-0000285,W2401-0029,ETCH-01,etch,rf_power_w,367.1788,0,2024-01-05T22:40:59
SR-0000286,W2401-0029,ETCH-01,etch,rf_power_w,353.8701,0,2024-01-05T22:48:59
SR-0000287,W2401-0029,ETCH-01,etch,gas_flow_sccm,49.5464,0,2024-01-05T22:58:59
SR-0000288,W2401-0029,ETCH-01,etch,gas_flow_sccm,48.0412,0,2024-01-05T23:05:59
SR-0000289,W2401-0029,ETCH-01,etch,endpoint_time_s,118.6411,0,2024-01-05T23:12:59
SR-0000290,W2401-0029,ETCH-01,etch,endpoint_time_s,125.4848,0,2024-01-05T23:21:59
SR-0000291,W2401-0030,IMP-01,implant,beam_current_ma,9.5065,0,2024-01-06T02:31:48
SR-0000292,W2401-0030,IMP-01,implant,beam_current_ma,9.6688,0,2024-01-06T02:40:48
SR-0000293,W2401-0030,IMP-01,implant,beam_energy_kev,54.718,0,2024-01-06T02:45:48
SR-0000294,W2401-0030,IMP-01,implant,beam_energy_kev,51.3847,0,2024-01-06T02:54:48
SR-0000295,W2401-0030,IMP-01,implant,scan_speed_mm_s,103.0412,0,2024-01-06T03:02:48
SR-0000296,W2401-0030,IMP-01,implant,scan_speed_mm_s,107.3232,0,2024-01-06T03:11:48
SR-0000297,W2401-0030,IMP-01,implant,dose_uniformity_pct,98.3066,0,2024-01-06T03:20:48
SR-0000298,W2401-0030,IMP-01,implant,dose_uniformity_pct,99.5401,0,2024-01-06T03:28:48
SR-0000299,W2401-0030,IMP-01,implant,tilt_angle_deg,6.7572,0,2024-01-06T03:35:48
SR-0000300,W2401-0030,IMP-01,implant,tilt_angle_deg,6.8421,0,2024-01-06T03:43:48
SR-0000301,W2401-0031,ETCH-01,etch,etch_temp_c,174.3881,0,2024-01-06T06:46:30
SR-0000302,W2401-0031,ETCH-01,etch,etch_temp_c,172.493,0,2024-01-06T06:52:30
SR-0000303,W2401-0031,ETCH-01,etch,etch_pressure_mtorr,8.0347,0,2024-01-06T07:01:30
SR-0000304,W2401-0031,ETCH-01,etch,etch_pressure_mtorr,6.788,0,2024-01-06T07:08:30
SR-0000305,W2401-0031,ETCH-01,etch,rf_power_w,376.8175,0,2024-01-06T07:15:30
SR-0000306,W2401-0031,ETCH-01,etch,rf_power_w,372.7912,0,2024-01-06T07:24:30
SR-0000307,W2401-0031,ETCH-01,etch,gas_flow_sccm,49.0152,0,2024-01-06T07:34:30
SR-0000308,W2401-0031,ETCH-01,etch,gas_flow_sccm,50.6956,0,2024-01-06T07:42:30
SR-0000309,W2401-0031,ETCH-01,etch,endpoint_time_s,117.0874,0,2024-01-06T07:47:30
SR-0000310,W2401-0031,ETCH-01,etch,endpoint_time_s,119.9436,0,2024-01-06T07:58:30
SR-0000311,W2401-0032,LIT-02,litho,exposure_energy_mj,24.7111,0,2024-01-06T10:32:13
SR-0000312,W2401-0032,LIT-02,litho,exposure_energy_mj,25.1895,0,2024-01-06T10:39:13
SR-0000313,W2401-0032,LIT-02,litho,focus_offset_nm,0.184,0,2024-01-06T10:48:13
SR-0000314,W2401-0032,LIT-02,litho,focus_offset_nm,-2.4439,0,2024-01-06T10:55:13
SR-0000315,W2401-0032,LIT-02,litho,stage_temp_c,21.9066,0,2024-01-06T11:04:13
SR-0000316,W2401-0032,LIT-02,litho,stage_temp_c,21.8168,0,2024-01-06T11:13:13
SR-0000317,W2401-0032,LIT-02,litho,humidity_pct,46.8018,0,2024-01-06T11:21:13
SR-0000318,W2401-0032,LIT-02,litho,humidity_pct,43.7923,0,2024-01-06T11:26:13
SR-0000319,W2401-0032,LIT-02,litho,dose_uniformity_pct,98.9541,0,2024-01-06T11:34:13
SR-0000320,W2401-0032,LIT-02,litho,dose_uniformity_pct,98.0624,0,2024-01-06T11:42:13
SR-0000321,W2401-0033,LIT-01,litho,exposure_energy_mj,24.4613,0,2024-01-06T14:03:15
SR-0000322,W2401-0033,LIT-01,litho,exposure_energy_mj,24.6298,0,2024-01-06T14:13:15
SR-0000323,W2401-0033,LIT-01,litho,focus_offset_nm,1.8434,0,2024-01-06T14:21:15
SR-0000324,W2401-0033,LIT-01,litho,focus_offset_nm,-1.2752,0,2024-01-06T14:30:15
SR-0000325,W2401-0033,LIT-01,litho,stage_temp_c,21.8991,0,2024-01-06T14:38:15
SR-0000326,W2401-0033,LIT-01,litho,stage_temp_c,21.7675,0,2024-01-06T14:46:15
SR-0000327,W2401-0033,LIT-01,litho,humidity_pct,47.7011,0,2024-01-06T14:52:15
SR-0000328,W2401-0033,LIT-01,litho,humidity_pct,43.4112,0,2024-01-06T15:02:15
SR-0000329,W2401-0033,LIT-01,litho,dose_uniformity_pct,98.4435,0,2024-01-06T15:09:15
SR-0000330,W2401-0033,LIT-01,litho,dose_uniformity_pct,98.7702,0,2024-01-06T15:17:15
SR-0000331,W2401-0034,ETCH-02,etch,etch_temp_c,174.5852,0,2024-01-06T17:57:19
SR-0000332,W2401-0034,ETCH-02,etch,etch_temp_c,171.3959,0,2024-01-06T18:05:19
SR-0000333,W2401-0034,ETCH-02,etch,etch_pressure_mtorr,7.79,0,2024-01-06T18:13:19
SR-0000334,W2401-0034,ETCH-02,etch,etch_pressure_mtorr,8.6734,0,2024-01-06T18:21:19
SR-0000335,W2401-0034,ETCH-02,etch,rf_power_w,380.6387,0,2024-01-06T18:31:19
SR-0000336,W2401-0034,ETCH-02,etch,rf_power_w,386.1275,0,2024-01-06T18:39:19
SR-0000337,W2401-0034,ETCH-02,etch,gas_flow_sccm,53.1864,0,2024-01-06T18:46:19
SR-0000338,W2401-0034,ETCH-02,etch,gas_flow_sccm,47.5412,0,2024-01-06T18:54:19
SR-0000339,W2401-0034,ETCH-02,etch,endpoint_time_s,123.7587,0,2024-01-06T19:02:19
SR-0000340,W2401-0034,ETCH-02,etch,endpoint_time_s,122.7909,0,2024-01-06T19:11:19
SR-0000341,W2401-0035,DEP-02,deposition,dep_temp_c,306.3389,0,2024-01-06T21:44:13
SR-0000342,W2401-0035,DEP-02,deposition,dep_temp_c,305.604,0,2024-01-06T21:51:13
SR-0000343,W2401-0035,DEP-02,deposition,dep_pressure_mtorr,5.295,0,2024-01-06T22:02:13
SR-0000344,W2401-0035,DEP-02,deposition,dep_pressure_mtorr,4.9281,0,2024-01-06T22:07:13
SR-0000345,W2401-0035,DEP-02,deposition,rf_power_w,375.3877,0,2024-01-06T22:17:13
SR-0000346,W2401-0035,DEP-02,deposition,rf_power_w,399.6746,0,2024-01-06T22:26:13
SR-0000347,W2401-0035,DEP-02,deposition,precursor_flow_sccm,31.3958,0,2024-01-06T22:33:13
SR-0000348,W2401-0035,DEP-02,deposition,precursor_flow_sccm,28.605,0,2024-01-06T22:40:13
SR-0000349,W2401-0035,DEP-02,deposition,film_thickness_nm,51.1663,0,2024-01-06T22:47:13
SR-0000350,W2401-0035,DEP-02,deposition,film_thickness_nm,49.9167,0,2024-01-06T22:56:13
SR-0000351,W2401-0036,LIT-03,litho,exposure_energy_mj,25.1856,0,2024-01-07T01:26:37
SR-0000352,W2401-0036,LIT-03,litho,exposure_energy_mj,24.5557,0,2024-01-07T01:34:37
SR-0000353,W2401-0036,LIT-03,litho,focus_offset_nm,0.1583,0,2024-01-07T01:41:37
SR-0000354,W2401-0036,LIT-03,litho,focus_offset_nm,-1.7451,0,2024-01-07T01:50:37
SR-0000355,W2401-0036,LIT-03,litho,stage_temp_c,21.9238,0,2024-01-07T01:59:37
SR-0000356,W2401-0036,LIT-03,litho,stage_temp_c,22.0848,0,2024-01-07T02:05:37
SR-0000357,W2401-0036,LIT-03,litho,humidity_pct,47.2681,0,2024-01-07T02:15:37
SR-0000358,W2401-0036,LIT-03,litho,humidity_pct,44.5275,0,2024-01-07T02:22:37
SR-0000359,W2401-0036,LIT-03,litho,dose_uniformity_pct,98.9653,0,2024-01-07T02:31:37
SR-0000360,W2401-0036,LIT-03,litho,dose_uniformity_pct,98.0414,0,2024-01-07T02:38:37
SR-0000361,W2401-0037,LIT-01,litho,exposure_energy_mj,25.109,0,2024-01-07T05:01:16
SR-0000362,W2401-0037,LIT-01,litho,exposure_energy_mj,24.7054,0,2024-01-07T05:06:16
SR-0000363,W2401-0037,LIT-01,litho,focus_offset_nm,-0.3967,0,2024-01-07T05:16:16
SR-0000364,W2401-0037,LIT-01,litho,focus_offset_nm,0.6933,0,2024-01-07T05:23:16
SR-0000365,W2401-0037,LIT-01,litho,stage_temp_c,21.9148,0,2024-01-07T05:32:16
SR-0000366,W2401-0037,LIT-01,litho,stage_temp_c,21.971,0,2024-01-07T05:38:16
SR-0000367,W2401-0037,LIT-01,litho,humidity_pct,40.8115,0,2024-01-07T05:46:16
SR-0000368,W2401-0037,LIT-01,litho,humidity_pct,47.4832,0,2024-01-07T05:57:16
SR-0000369,W2401-0037,LIT-01,litho,dose_uniformity_pct,97.9272,0,2024-01-07T06:03:16
SR-0000370,W2401-0037,LIT-01,litho,dose_uniformity_pct,99.0267,0,2024-01-07T06:13:16
SR-0000371,W2401-0038,ETCH-01,etch,etch_temp_c,172.8901,0,2024-01-07T08:38:43
SR-0000372,W2401-0038,ETCH-01,etch,etch_temp_c,173.5814,0,2024-01-07T08:47:43
SR-0000373,W2401-0038,ETCH-01,etch,etch_pressure_mtorr,8.2654,0,2024-01-07T08:54:43
SR-0000374,W2401-0038,ETCH-01,etch,etch_pressure_mtorr,7.4171,0,2024-01-07T09:04:43
SR-0000375,W2401-0038,ETCH-01,etch,rf_power_w,383.9436,0,2024-01-07T09:11:43
SR-0000376,W2401-0038,ETCH-01,etch,rf_power_w,357.8882,0,2024-01-07T09:18:43
SR-0000377,W2401-0038,ETCH-01,etch,gas_flow_sccm,49.9599,0,2024-01-07T09:26:43
SR-0000378,W2401-0038,ETCH-01,etch,gas_flow_sccm,48.8144,0,2024-01-07T09:34:43
SR-0000379,W2401-0038,ETCH-01,etch,endpoint_time_s,121.0415,0,2024-01-07T09:44:43
SR-0000380,W2401-0038,ETCH-01,etch,endpoint_time_s,121.3327,0,2024-01-07T09:52:43
SR-0000381,W2401-0039,CMP-01,cmp,polish_pressure_psi,3.4786,0,2024-01-07T12:49:14
SR-0000382,W2401-0039,CMP-01,cmp,polish_pressure_psi,3.6773,0,2024-01-07T12:56:14
SR-0000383,W2401-0039,CMP-01,cmp,platen_speed_rpm,91.8476,0,2024-01-07T13:05:14
SR-0000384,W2401-0039,CMP-01,cmp,platen_speed_rpm,81.2025,0,2024-01-07T13:15:14
SR-0000385,W2401-0039,CMP-01,cmp,slurry_flow_ml_min,198.0144,0,2024-01-07T13:23:14
SR-0000386,W2401-0039,CMP-01,cmp,slurry_flow_ml_min,217.9679,0,2024-01-07T13:28:14
SR-0000387,W2401-0039,CMP-01,cmp,removal_rate_ang_min,1449.0566,0,2024-01-07T13:38:14
SR-0000388,W2401-0039,CMP-01,cmp,removal_rate_ang_min,1604.7593,0,2024-01-07T13:46:14
SR-0000389,W2401-0039,CMP-01,cmp,friction_coeff,0.3976,0,2024-01-07T13:54:14
SR-0000390,W2401-0039,CMP-01,cmp,friction_coeff,0.3157,0,2024-01-07T14:03:14
SR-0000391,W2401-0040,DEP-01,deposition,dep_temp_c,296.9189,0,2024-01-07T16:46:23
SR-0000392,W2401-0040,DEP-01,deposition,dep_temp_c,295.1768,0,2024-01-07T16:51:23
SR-0000393,W2401-0040,DEP-01,deposition,dep_pressure_mtorr,5.327,0,2024-01-07T17:01:23
SR-0000394,W2401-0040,DEP-01,deposition,dep_pressure_mtorr,4.5336,0,2024-01-07T17:10:23
SR-0000395,W2401-0040,DEP-01,deposition,rf_power_w,402.9361,0,2024-01-07T17:17:23
SR-0000396,W2401-0040,DEP-01,deposition,rf_power_w,385.6579,0,2024-01-07T17:26:23
SR-0000397,W2401-0040,DEP-01,deposition,precursor_flow_sccm,28.7414,0,2024-01-07T17:31:23
SR-0000398,W2401-0040,DEP-01,deposition,precursor_flow_sccm,29.1795,0,2024-01-07T17:40:23
SR-0000399,W2401-0040,DEP-01,deposition,film_thickness_nm,49.9937,0,2024-01-07T17:48:23
SR-0000400,W2401-0040,DEP-01,deposition,film_thickness_nm,51.271,0,2024-01-07T17:56:23
SR-0000401,W2401-0041,ETCH-03,etch,etch_temp_c,177.0063,0,2024-01-07T20:28:42
SR-0000402,W2401-0041,ETCH-03,etch,etch_temp_c,176.0987,0,2024-01-07T20:35:42
SR-0000403,W2401-0041,ETCH-03,etch,etch_pressure_mtorr,8.4374,0,2024-01-07T20:44:42
SR-0000404,W2401-0041,ETCH-03,etch,etch_pressure_mtorr,7.6152,0,2024-01-07T20:51:42
SR-0000405,W2401-0041,ETCH-03,etch,rf_power_w,386.8645,0,2024-01-07T21:02:42
SR-0000406,W2401-0041,ETCH-03,etch,rf_power_w,372.2454,0,2024-01-07T21:08:42
SR-0000407,W2401-0041,ETCH-03,etch,gas_flow_sccm,47.9635,0,2024-01-07T21:18:42
SR-0000408,W2401-0041,ETCH-03,etch,gas_flow_sccm,50.5881,0,2024-01-07T21:24:42
SR-0000409,W2401-0041,ETCH-03,etch,endpoint_time_s,120.2087,0,2024-01-07T21:32:42
SR-0000410,W2401-0041,ETCH-03,etch,endpoint_time_s,119.0292,0,2024-01-07T21:40:42
SR-0000411,W2401-0042,CMP-01,cmp,polish_pressure_psi,3.4589,0,2024-01-08T00:53:51
SR-0000412,W2401-0042,CMP-01,cmp,polish_pressure_psi,3.7269,0,2024-01-08T01:04:51
SR-0000413,W2401-0042,CMP-01,cmp,platen_speed_rpm,99.7802,0,2024-01-08T01:09:51
SR-0000414,W2401-0042,CMP-01,cmp,platen_speed_rpm,95.8293,0,2024-01-08T01:19:51
SR-0000415,W2401-0042,CMP-01,cmp,slurry_flow_ml_min,188.8444,0,2024-01-08T01:25:51
SR-0000416,W2401-0042,CMP-01,cmp,slurry_flow_ml_min,202.8459,0,2024-01-08T01:36:51
SR-0000417,W2401-0042,CMP-01,cmp,removal_rate_ang_min,1566.7924,0,2024-01-08T01:44:51
SR-0000418,W2401-0042,CMP-01,cmp,removal_rate_ang_min,1545.0789,0,2024-01-08T01:50:51
SR-0000419,W2401-0042,CMP-01,cmp,friction_coeff,0.3996,0,2024-01-08T01:58:51
SR-0000420,W2401-0042,CMP-01,cmp,friction_coeff,0.3243,0,2024-01-08T02:06:51
SR-0000421,W2401-0043,ETCH-02,etch,etch_temp_c,172.4919,0,2024-01-08T04:38:38
SR-0000422,W2401-0043,ETCH-02,etch,etch_temp_c,178.5704,0,2024-01-08T04:44:38
SR-0000423,W2401-0043,ETCH-02,etch,etch_pressure_mtorr,7.6842,0,2024-01-08T04:53:38
SR-0000424,W2401-0043,ETCH-02,etch,etch_pressure_mtorr,7.808,0,2024-01-08T05:00:38
SR-0000425,W2401-0043,ETCH-02,etch,rf_power_w,385.5335,0,2024-01-08T05:09:38
SR-0000426,W2401-0043,ETCH-02,etch,rf_power_w,347.4664,0,2024-01-08T05:19:38
SR-0000427,W2401-0043,ETCH-02,etch,gas_flow_sccm,49.3768,0,2024-01-08T05:25:38
SR-0000428,W2401-0043,ETCH-02,etch,gas_flow_sccm,49.0148,0,2024-01-08T05:32:38
SR-0000429,W2401-0043,ETCH-02,etch,endpoint_time_s,118.0767,0,2024-01-08T05:40:38
SR-0000430,W2401-0043,ETCH-02,etch,endpoint_time_s,126.1159,0,2024-01-08T05:48:38
SR-0000431,W2401-0044,DIFF-01,diffusion,furnace_temp_c,954.0555,0,2024-01-08T08:59:40
SR-0000432,W2401-0044,DIFF-01,diffusion,furnace_temp_c,945.2365,0,2024-01-08T09:04:40
SR-0000433,W2401-0044,DIFF-01,diffusion,ramp_rate_c_min,9.9336,0,2024-01-08T09:15:40
SR-0000434,W2401-0044,DIFF-01,diffusion,ramp_rate_c_min,10.1157,0,2024-01-08T09:23:40
SR-0000435,W2401-0044,DIFF-01,diffusion,ambient_pressure_torr,763.5712,0,2024-01-08T09:30:40
SR-0000436,W2401-0044,DIFF-01,diffusion,ambient_pressure_torr,757.2122,0,2024-01-08T09:36:40
SR-0000437,W2401-0044,DIFF-01,diffusion,gas_ratio,1.9127,0,2024-01-08T09:47:40
SR-0000438,W2401-0044,DIFF-01,diffusion,gas_ratio,2.0759,0,2024-01-08T09:53:40
SR-0000439,W2401-0044,DIFF-01,diffusion,anneal_time_min,31.6979,0,2024-01-08T10:00:40
SR-0000440,W2401-0044,DIFF-01,diffusion,anneal_time_min,29.1508,0,2024-01-08T10:11:40
SR-0000441,W2401-0045,DEP-01,deposition,dep_temp_c,310.0088,0,2024-01-08T13:25:00
SR-0000442,W2401-0045,DEP-01,deposition,dep_temp_c,302.9376,0,2024-01-08T13:31:00
SR-0000443,W2401-0045,DEP-01,deposition,dep_pressure_mtorr,5.4373,0,2024-01-08T13:39:00
SR-0000444,W2401-0045,DEP-01,deposition,dep_pressure_mtorr,4.7114,0,2024-01-08T13:48:00
SR-0000445,W2401-0045,DEP-01,deposition,rf_power_w,378.1988,0,2024-01-08T13:57:00
SR-0000446,W2401-0045,DEP-01,deposition,rf_power_w,374.015,0,2024-01-08T14:06:00
SR-0000447,W2401-0045,DEP-01,deposition,precursor_flow_sccm,30.3859,0,2024-01-08T14:13:00
SR-0000448,W2401-0045,DEP-01,deposition,precursor_flow_sccm,29.8681,0,2024-01-08T14:21:00
SR-0000449,W2401-0045,DEP-01,deposition,film_thickness_nm,51.2363,0,2024-01-08T14:29:00
SR-0000450,W2401-0045,DEP-01,deposition,film_thickness_nm,51.0052,0,2024-01-08T14:36:00
SR-0000451,W2401-0046,ETCH-03,etch,etch_temp_c,174.8445,0,2024-01-08T17:08:38
SR-0000452,W2401-0046,ETCH-03,etch,etch_temp_c,171.3723,0,2024-01-08T17:14:38
SR-0000453,W2401-0046,ETCH-03,etch,etch_pressure_mtorr,7.7947,0,2024-01-08T17:23:38
SR-0000454,W2401-0046,ETCH-03,etch,etch_pressure_mtorr,7.4642,0,2024-01-08T17:31:38
SR-0000455,W2401-0046,ETCH-03,etch,rf_power_w,373.7416,0,2024-01-08T17:39:38
SR-0000456,W2401-0046,ETCH-03,etch,rf_power_w,382.289,0,2024-01-08T17:46:38
SR-0000457,W2401-0046,ETCH-03,etch,gas_flow_sccm,48.0079,0,2024-01-08T17:53:38
SR-0000458,W2401-0046,ETCH-03,etch,gas_flow_sccm,49.9701,0,2024-01-08T18:02:38
SR-0000459,W2401-0046,ETCH-03,etch,endpoint_time_s,114.5615,0,2024-01-08T18:09:38
SR-0000460,W2401-0046,ETCH-03,etch,endpoint_time_s,121.1203,0,2024-01-08T18:19:38
SR-0000461,W2401-0047,LIT-01,litho,exposure_energy_mj,25.4933,0,2024-01-08T21:05:58
SR-0000462,W2401-0047,LIT-01,litho,exposure_energy_mj,25.6874,0,2024-01-08T21:13:58
SR-0000463,W2401-0047,LIT-01,litho,focus_offset_nm,4.3774,0,2024-01-08T21:21:58
SR-0000464,W2401-0047,LIT-01,litho,focus_offset_nm,1.0036,0,2024-01-08T21:32:58
SR-0000465,W2401-0047,LIT-01,litho,stage_temp_c,21.7976,0,2024-01-08T21:37:58
SR-0000466,W2401-0047,LIT-01,litho,stage_temp_c,22.1303,0,2024-01-08T21:45:58
SR-0000467,W2401-0047,LIT-01,litho,humidity_pct,45.8324,0,2024-01-08T21:53:58
SR-0000468,W2401-0047,LIT-01,litho,humidity_pct,43.894,0,2024-01-08T22:04:58
SR-0000469,W2401-0047,LIT-01,litho,dose_uniformity_pct,97.3596,0,2024-01-08T22:11:58
SR-0000470,W2401-0047,LIT-01,litho,dose_uniformity_pct,98.3389,0,2024-01-08T22:18:58
SR-0000471,W2401-0048,IMP-02,implant,beam_current_ma,9.345,0,2024-01-09T00:58:59
SR-0000472,W2401-0048,IMP-02,implant,beam_current_ma,9.6888,0,2024-01-09T01:05:59
SR-0000473,W2401-0048,IMP-02,implant,beam_energy_kev,50.5022,0,2024-01-09T01:12:59
SR-0000474,W2401-0048,IMP-02,implant,beam_energy_kev,52.6456,0,2024-01-09T01:20:59
SR-0000475,W2401-0048,IMP-02,implant,scan_speed_mm_s,101.4178,0,2024-01-09T01:28:59
SR-0000476,W2401-0048,IMP-02,implant,scan_speed_mm_s,97.8307,0,2024-01-09T01:35:59
SR-0000477,W2401-0048,IMP-02,implant,dose_uniformity_pct,98.0806,0,2024-01-09T01:44:59
SR-0000478,W2401-0048,IMP-02,implant,dose_uniformity_pct,98.8434,0,2024-01-09T01:54:59
SR-0000479,W2401-0048,IMP-02,implant,tilt_angle_deg,7.0834,0,2024-01-09T02:01:59
SR-0000480,W2401-0048,IMP-02,implant,tilt_angle_deg,6.9014,0,2024-01-09T02:08:59
SR-0000481,W2401-0049,DIFF-01,diffusion,furnace_temp_c,945.5371,0,2024-01-09T04:59:05
SR-0000482,W2401-0049,DIFF-01,diffusion,furnace_temp_c,949.8453,0,2024-01-09T05:07:05
SR-0000483,W2401-0049,DIFF-01,diffusion,ramp_rate_c_min,9.8121,0,2024-01-09T05:17:05
SR-0000484,W2401-0049,DIFF-01,diffusion,ramp_rate_c_min,9.9044,0,2024-01-09T05:25:05
SR-0000485,W2401-0049,DIFF-01,diffusion,ambient_pressure_torr,757.4691,0,2024-01-09T05:33:05
SR-0000486,W2401-0049,DIFF-01,diffusion,ambient_pressure_torr,761.5665,0,2024-01-09T05:40:05
SR-0000487,W2401-0049,DIFF-01,diffusion,gas_ratio,1.9816,0,2024-01-09T05:50:05
SR-0000488,W2401-0049,DIFF-01,diffusion,gas_ratio,2.1183,0,2024-01-09T05:57:05
SR-0000489,W2401-0049,DIFF-01,diffusion,anneal_time_min,28.8819,0,2024-01-09T06:04:05
SR-0000490,W2401-0049,DIFF-01,diffusion,anneal_time_min,29.208,0,2024-01-09T06:11:05
SR-0000491,W2401-0050,DEP-03,deposition,dep_temp_c,301.3071,0,2024-01-09T08:40:01
SR-0000492,W2401-0050,DEP-03,deposition,dep_temp_c,298.6639,0,2024-01-09T08:48:01
SR-0000493,W2401-0050,DEP-03,deposition,dep_pressure_mtorr,5.1264,0,2024-01-09T08:56:01
SR-0000494,W2401-0050,DEP-03,deposition,dep_pressure_mtorr,4.7319,0,2024-01-09T09:05:01
SR-0000495,W2401-0050,DEP-03,deposition,rf_power_w,343.3568,0,2024-01-09T09:11:01
SR-0000496,W2401-0050,DEP-03,deposition,rf_power_w,381.7952,0,2024-01-09T09:21:01
SR-0000497,W2401-0050,DEP-03,deposition,precursor_flow_sccm,26.1798,0,2024-01-09T09:29:01
SR-0000498,W2401-0050,DEP-03,deposition,precursor_flow_sccm,32.3764,0,2024-01-09T09:37:01
SR-0000499,W2401-0050,DEP-03,deposition,film_thickness_nm,48.7952,0,2024-01-09T09:42:01
SR-0000500,W2401-0050,DEP-03,deposition,film_thickness_nm,49.9518,0,2024-01-09T09:51:01
SR-0000501,W2401-0051,DEP-02,deposition,dep_temp_c,304.9051,0,2024-01-09T12:34:48
SR-0000502,W2401-0051,DEP-02,deposition,dep_temp_c,301.5984,0,2024-01-09T12:43:48
SR-0000503,W2401-0051,DEP-02,deposition,dep_pressure_mtorr,4.7059,0,2024-01-09T12:49:48
SR-0000504,W2401-0051,DEP-02,deposition,dep_pressure_mtorr,4.9287,0,2024-01-09T12:59:48
SR-0000505,W2401-0051,DEP-02,deposition,rf_power_w,368.8278,0,2024-01-09T13:05:48
SR-0000506,W2401-0051,DEP-02,deposition,rf_power_w,359.9277,0,2024-01-09T13:15:48
SR-0000507,W2401-0051,DEP-02,deposition,precursor_flow_sccm,31.479,0,2024-01-09T13:21:48
SR-0000508,W2401-0051,DEP-02,deposition,precursor_flow_sccm,29.1141,0,2024-01-09T13:31:48
SR-0000509,W2401-0051,DEP-02,deposition,film_thickness_nm,49.7893,0,2024-01-09T13:39:48
SR-0000510,W2401-0051,DEP-02,deposition,film_thickness_nm,50.2562,0,2024-01-09T13:46:48
SR-0000511,W2401-0052,DIFF-01,diffusion,furnace_temp_c,956.4024,0,2024-01-09T16:10:59
SR-0000512,W2401-0052,DIFF-01,diffusion,furnace_temp_c,946.663,0,2024-01-09T16:18:59
SR-0000513,W2401-0052,DIFF-01,diffusion,ramp_rate_c_min,10.0021,0,2024-01-09T16:27:59
SR-0000514,W2401-0052,DIFF-01,diffusion,ramp_rate_c_min,10.0903,0,2024-01-09T16:34:59
SR-0000515,W2401-0052,DIFF-01,diffusion,ambient_pressure_torr,761.2971,0,2024-01-09T16:43:59
SR-0000516,W2401-0052,DIFF-01,diffusion,ambient_pressure_torr,760.5291,0,2024-01-09T16:49:59
SR-0000517,W2401-0052,DIFF-01,diffusion,gas_ratio,2.0395,0,2024-01-09T17:00:59
SR-0000518,W2401-0052,DIFF-01,diffusion,gas_ratio,1.8717,0,2024-01-09T17:05:59
SR-0000519,W2401-0052,DIFF-01,diffusion,anneal_time_min,27.7704,0,2024-01-09T17:16:59
SR-0000520,W2401-0052,DIFF-01,diffusion,anneal_time_min,28.7986,0,2024-01-09T17:23:59
SR-0000521,W2401-0053,CMP-01,cmp,polish_pressure_psi,3.626,0,2024-01-09T20:41:33
SR-0000522,W2401-0053,CMP-01,cmp,polish_pressure_psi,3.6392,0,2024-01-09T20:48:33
SR-0000523,W2401-0053,CMP-01,cmp,platen_speed_rpm,97.7552,0,2024-01-09T20:57:33
SR-0000524,W2401-0053,CMP-01,cmp,platen_speed_rpm,91.1437,0,2024-01-09T21:02:33
SR-0000525,W2401-0053,CMP-01,cmp,slurry_flow_ml_min,212.9107,0,2024-01-09T21:13:33
SR-0000526,W2401-0053,CMP-01,cmp,slurry_flow_ml_min,187.64,0,2024-01-09T21:20:33
SR-0000527,W2401-0053,CMP-01,cmp,removal_rate_ang_min,1508.4708,0,2024-01-09T21:29:33
SR-0000528,W2401-0053,CMP-01,cmp,removal_rate_ang_min,1555.2903,0,2024-01-09T21:37:33
SR-0000529,W2401-0053,CMP-01,cmp,friction_coeff,0.3101,0,2024-01-09T21:42:33
SR-0000530,W2401-0053,CMP-01,cmp,friction_coeff,0.3394,0,2024-01-09T21:50:33
SR-0000531,W2401-0054,DEP-01,deposition,dep_temp_c,294.7397,0,2024-01-10T00:48:45
SR-0000532,W2401-0054,DEP-01,deposition,dep_temp_c,297.7581,0,2024-01-10T00:56:45
SR-0000533,W2401-0054,DEP-01,deposition,dep_pressure_mtorr,4.7396,0,2024-01-10T01:06:45
SR-0000534,W2401-0054,DEP-01,deposition,dep_pressure_mtorr,4.6149,0,2024-01-10T01:13:45
SR-0000535,W2401-0054,DEP-01,deposition,rf_power_w,402.8031,0,2024-01-10T01:22:45
SR-0000536,W2401-0054,DEP-01,deposition,rf_power_w,381.3671,0,2024-01-10T01:30:45
SR-0000537,W2401-0054,DEP-01,deposition,precursor_flow_sccm,31.6881,0,2024-01-10T01:38:45
SR-0000538,W2401-0054,DEP-01,deposition,precursor_flow_sccm,30.6355,0,2024-01-10T01:47:45
SR-0000539,W2401-0054,DEP-01,deposition,film_thickness_nm,50.961,0,2024-01-10T01:54:45
SR-0000540,W2401-0054,DEP-01,deposition,film_thickness_nm,49.3305,0,2024-01-10T02:03:45
SR-0000541,W2401-0055,CMP-01,cmp,polish_pressure_psi,3.6517,0,2024-01-10T04:42:42
SR-0000542,W2401-0055,CMP-01,cmp,polish_pressure_psi,2.9982,0,2024-01-10T04:50:42
SR-0000543,W2401-0055,CMP-01,cmp,platen_speed_rpm,83.9611,0,2024-01-10T04:57:42
SR-0000544,W2401-0055,CMP-01,cmp,platen_speed_rpm,88.3538,0,2024-01-10T05:08:42
SR-0000545,W2401-0055,CMP-01,cmp,slurry_flow_ml_min,182.2468,0,2024-01-10T05:16:42
SR-0000546,W2401-0055,CMP-01,cmp,slurry_flow_ml_min,205.9648,0,2024-01-10T05:22:42
SR-0000547,W2401-0055,CMP-01,cmp,removal_rate_ang_min,1584.6088,0,2024-01-10T05:32:42
SR-0000548,W2401-0055,CMP-01,cmp,removal_rate_ang_min,1510.6818,0,2024-01-10T05:40:42
SR-0000549,W2401-0055,CMP-01,cmp,friction_coeff,0.3324,0,2024-01-10T05:46:42
SR-0000550,W2401-0055,CMP-01,cmp,friction_coeff,0.4084,0,2024-01-10T05:55:42
SR-0000551,W2401-0056,LIT-03,litho,exposure_energy_mj,24.9729,0,2024-01-10T09:06:58
SR-0000552,W2401-0056,LIT-03,litho,exposure_energy_mj,24.8013,0,2024-01-10T09:11:58
SR-0000553,W2401-0056,LIT-03,litho,focus_offset_nm,2.4444,0,2024-01-10T09:22:58
SR-0000554,W2401-0056,LIT-03,litho,focus_offset_nm,0.9708,0,2024-01-10T09:28:58
SR-0000555,W2401-0056,LIT-03,litho,stage_temp_c,22.0696,0,2024-01-10T09:37:58
SR-0000556,W2401-0056,LIT-03,litho,stage_temp_c,21.7211,0,2024-01-10T09:46:58
SR-0000557,W2401-0056,LIT-03,litho,humidity_pct,45.6212,0,2024-01-10T09:53:58
SR-0000558,W2401-0056,LIT-03,litho,humidity_pct,44.826,0,2024-01-10T10:01:58
SR-0000559,W2401-0056,LIT-03,litho,dose_uniformity_pct,98.9717,0,2024-01-10T10:09:58
SR-0000560,W2401-0056,LIT-03,litho,dose_uniformity_pct,98.7522,0,2024-01-10T10:16:58
SR-0000561,W2401-0057,DEP-02,deposition,dep_temp_c,300.316,0,2024-01-10T12:54:40
SR-0000562,W2401-0057,DEP-02,deposition,dep_temp_c,304.0579,0,2024-01-10T13:03:40
SR-0000563,W2401-0057,DEP-02,deposition,dep_pressure_mtorr,4.9683,0,2024-01-10T13:12:40
SR-0000564,W2401-0057,DEP-02,deposition,dep_pressure_mtorr,5.0506,0,2024-01-10T13:17:40
SR-0000565,W2401-0057,DEP-02,deposition,rf_power_w,363.8714,0,2024-01-10T13:28:40
SR-0000566,W2401-0057,DEP-02,deposition,rf_power_w,367.3463,0,2024-01-10T13:34:40
SR-0000567,W2401-0057,DEP-02,deposition,precursor_flow_sccm,28.9032,0,2024-01-10T13:42:40
SR-0000568,W2401-0057,DEP-02,deposition,precursor_flow_sccm,27.8131,0,2024-01-10T13:52:40
SR-0000569,W2401-0057,DEP-02,deposition,film_thickness_nm,48.2245,0,2024-01-10T14:00:40
SR-0000570,W2401-0057,DEP-02,deposition,film_thickness_nm,50.224,0,2024-01-10T14:06:40
SR-0000571,W2401-0058,LIT-02,litho,exposure_energy_mj,24.8436,0,2024-01-10T16:57:51
SR-0000572,W2401-0058,LIT-02,litho,exposure_energy_mj,25.0596,0,2024-01-10T17:05:51
SR-0000573,W2401-0058,LIT-02,litho,focus_offset_nm,1.7297,0,2024-01-10T17:13:51
SR-0000574,W2401-0058,LIT-02,litho,focus_offset_nm,-1.5825,0,2024-01-10T17:22:51
SR-0000575,W2401-0058,LIT-02,litho,stage_temp_c,21.8766,0,2024-01-10T17:29:51
SR-0000576,W2401-0058,LIT-02,litho,stage_temp_c,21.9968,0,2024-01-10T17:38:51
SR-0000577,W2401-0058,LIT-02,litho,humidity_pct,41.3607,0,2024-01-10T17:46:51
SR-0000578,W2401-0058,LIT-02,litho,humidity_pct,47.9228,0,2024-01-10T17:52:51
SR-0000579,W2401-0058,LIT-02,litho,dose_uniformity_pct,99.3518,0,2024-01-10T18:00:51
SR-0000580,W2401-0058,LIT-02,litho,dose_uniformity_pct,97.8765,0,2024-01-10T18:07:51
SR-0000581,W2401-0059,LIT-01,litho,exposure_energy_mj,23.9893,0,2024-01-10T21:24:36
SR-0000582,W2401-0059,LIT-01,litho,exposure_energy_mj,25.1163,0,2024-01-10T21:31:36
SR-0000583,W2401-0059,LIT-01,litho,focus_offset_nm,0.8083,0,2024-01-10T21:42:36
SR-0000584,W2401-0059,LIT-01,litho,focus_offset_nm,-0.4411,0,2024-01-10T21:50:36
SR-0000585,W2401-0059,LIT-01,litho,stage_temp_c,21.9861,0,2024-01-10T21:55:36
SR-0000586,W2401-0059,LIT-01,litho,stage_temp_c,22.2204,0,2024-01-10T22:03:36
SR-0000587,W2401-0059,LIT-01,litho,humidity_pct,47.5291,0,2024-01-10T22:14:36
SR-0000588,W2401-0059,LIT-01,litho,humidity_pct,44.1757,0,2024-01-10T22:21:36
SR-0000589,W2401-0059,LIT-01,litho,dose_uniformity_pct,98.851,0,2024-01-10T22:30:36
SR-0000590,W2401-0059,LIT-01,litho,dose_uniformity_pct,98.3142,0,2024-01-10T22:36:36
SR-0000591,W2401-0060,CMP-01,cmp,polish_pressure_psi,3.4243,0,2024-01-11T01:19:47
SR-0000592,W2401-0060,CMP-01,cmp,polish_pressure_psi,3.6833,0,2024-01-11T01:29:47
SR-0000593,W2401-0060,CMP-01,cmp,platen_speed_rpm,91.0292,0,2024-01-11T01:38:47
SR-0000594,W2401-0060,CMP-01,cmp,platen_speed_rpm,80.097,0,2024-01-11T01:45:47
SR-0000595,W2401-0060,CMP-01,cmp,slurry_flow_ml_min,204.1414,0,2024-01-11T01:54:47
SR-0000596,W2401-0060,CMP-01,cmp,slurry_flow_ml_min,216.0933,0,2024-01-11T02:00:47
SR-0000597,W2401-0060,CMP-01,cmp,removal_rate_ang_min,1591.404,0,2024-01-11T02:10:47
SR-0000598,W2401-0060,CMP-01,cmp,removal_rate_ang_min,1451.6912,0,2024-01-11T02:18:47
SR-0000599,W2401-0060,CMP-01,cmp,friction_coeff,0.3187,0,2024-01-11T02:25:47
SR-0000600,W2401-0060,CMP-01,cmp,friction_coeff,0.3789,0,2024-01-11T02:32:47
SR-0000601,W2401-0061,DIFF-01,diffusion,furnace_temp_c,946.896,0,2024-01-11T05:32:18
SR-0000602,W2401-0061,DIFF-01,diffusion,furnace_temp_c,945.5432,0,2024-01-11T05:42:18
SR-0000603,W2401-0061,DIFF-01,diffusion,ramp_rate_c_min,10.1705,0,2024-01-11T05:49:18
SR-0000604,W2401-0061,DIFF-01,diffusion,ramp_rate_c_min,9.9978,0,2024-01-11T05:57:18
SR-0000605,W2401-0061,DIFF-01,diffusion,ambient_pressure_torr,760.0257,0,2024-01-11T06:06:18
SR-0000606,W2401-0061,DIFF-01,diffusion,ambient_pressure_torr,759.4333,0,2024-01-11T06:15:18
SR-0000607,W2401-0061,DIFF-01,diffusion,gas_ratio,2.1205,0,2024-01-11T06:23:18
SR-0000608,W2401-0061,DIFF-01,diffusion,gas_ratio,1.9477,0,2024-01-11T06:30:18
SR-0000609,W2401-0061,DIFF-01,diffusion,anneal_time_min,33.2438,0,2024-01-11T06:37:18
SR-0000610,W2401-0061,DIFF-01,diffusion,anneal_time_min,30.7302,0,2024-01-11T06:45:18
SR-0000611,W2401-0062,IMP-01,implant,beam_current_ma,9.3967,0,2024-01-11T09:25:07
SR-0000612,W2401-0062,IMP-01,implant,beam_current_ma,10.3957,0,2024-01-11T09:31:07
SR-0000613,W2401-0062,IMP-01,implant,beam_energy_kev,48.5536,0,2024-01-11T09:39:07
SR-0000614,W2401-0062,IMP-01,implant,beam_energy_kev,49.3702,0,2024-01-11T09:49:07
SR-0000615,W2401-0062,IMP-01,implant,scan_speed_mm_s,92.9685,0,2024-01-11T09:55:07
SR-0000616,W2401-0062,IMP-01,implant,scan_speed_mm_s,99.5733,0,2024-01-11T10:03:07
SR-0000617,W2401-0062,IMP-01,implant,dose_uniformity_pct,99.022,0,2024-01-11T10:12:07
SR-0000618,W2401-0062,IMP-01,implant,dose_uniformity_pct,98.3219,0,2024-01-11T10:20:07
SR-0000619,W2401-0062,IMP-01,implant,tilt_angle_deg,7.3219,0,2024-01-11T10:29:07
SR-0000620,W2401-0062,IMP-01,implant,tilt_angle_deg,7.0286,0,2024-01-11T10:35:07
SR-0000621,W2401-0063,DEP-02,deposition,dep_temp_c,301.742,0,2024-01-11T13:12:40
SR-0000622,W2401-0063,DEP-02,deposition,dep_temp_c,304.239,0,2024-01-11T13:21:40
SR-0000623,W2401-0063,DEP-02,deposition,dep_pressure_mtorr,5.2114,0,2024-01-11T13:28:40
SR-0000624,W2401-0063,DEP-02,deposition,dep_pressure_mtorr,4.8931,0,2024-01-11T13:36:40
SR-0000625,W2401-0063,DEP-02,deposition,rf_power_w,363.3808,0,2024-01-11T13:42:40
SR-0000626,W2401-0063,DEP-02,deposition,rf_power_w,402.882,0,2024-01-11T13:50:40
SR-0000627,W2401-0063,DEP-02,deposition,precursor_flow_sccm,33.2406,0,2024-01-11T13:59:40
SR-0000628,W2401-0063,DEP-02,deposition,precursor_flow_sccm,31.2029,0,2024-01-11T14:07:40
SR-0000629,W2401-0063,DEP-02,deposition,film_thickness_nm,49.8592,0,2024-01-11T14:17:40
SR-0000630,W2401-0063,DEP-02,deposition,film_thickness_nm,49.8956,0,2024-01-11T14:23:40
SR-0000631,W2401-0064,IMP-01,implant,beam_current_ma,9.6397,0,2024-01-11T17:20:34
SR-0000632,W2401-0064,IMP-01,implant,beam_current_ma,9.543,0,2024-01-11T17:30:34
SR-0000633,W2401-0064,IMP-01,implant,beam_energy_kev,50.0738,0,2024-01-11T17:39:34
SR-0000634,W2401-0064,IMP-01,implant,beam_energy_kev,52.2324,0,2024-01-11T17:44:34
SR-0000635,W2401-0064,IMP-01,implant,scan_speed_mm_s,99.9286,0,2024-01-11T17:54:34
SR-0000636,W2401-0064,IMP-01,implant,scan_speed_mm_s,107.2961,0,2024-01-11T18:01:34
SR-0000637,W2401-0064,IMP-01,implant,dose_uniformity_pct,98.9024,0,2024-01-11T18:08:34
SR-0000638,W2401-0064,IMP-01,implant,dose_uniformity_pct,98.4483,0,2024-01-11T18:19:34
SR-0000639,W2401-0064,IMP-01,implant,tilt_angle_deg,7.1986,0,2024-01-11T18:25:34
SR-0000640,W2401-0064,IMP-01,implant,tilt_angle_deg,7.1364,0,2024-01-11T18:35:34
SR-0000641,W2401-0065,DEP-02,deposition,dep_temp_c,308.9714,0,2024-01-11T21:23:27
SR-0000642,W2401-0065,DEP-02,deposition,dep_temp_c,306.1592,0,2024-01-11T21:32:27
SR-0000643,W2401-0065,DEP-02,deposition,dep_pressure_mtorr,5.3557,0,2024-01-11T21:42:27
SR-0000644,W2401-0065,DEP-02,deposition,dep_pressure_mtorr,5.0432,0,2024-01-11T21:47:27
SR-0000645,W2401-0065,DEP-02,deposition,rf_power_w,363.9174,0,2024-01-11T21:56:27
SR-0000646,W2401-0065,DEP-02,deposition,rf_power_w,355.0211,0,2024-01-11T22:04:27
SR-0000647,W2401-0065,DEP-02,deposition,precursor_flow_sccm,30.6274,0,2024-01-11T22:14:27
SR-0000648,W2401-0065,DEP-02,deposition,precursor_flow_sccm,27.067,0,2024-01-11T22:21:27
SR-0000649,W2401-0065,DEP-02,deposition,film_thickness_nm,51.6358,0,2024-01-11T22:28:27
SR-0000650,W2401-0065,DEP-02,deposition,film_thickness_nm,49.7979,0,2024-01-11T22:35:27
SR-0000651,W2401-0066,CMP-01,cmp,polish_pressure_psi,3.4574,0,2024-01-12T01:14:47
SR-0000652,W2401-0066,CMP-01,cmp,polish_pressure_psi,3.3327,0,2024-01-12T01:22:47
SR-0000653,W2401-0066,CMP-01,cmp,platen_speed_rpm,90.4957,0,2024-01-12T01:28:47
SR-0000654,W2401-0066,CMP-01,cmp,platen_speed_rpm,92.2953,0,2024-01-12T01:36:47
SR-0000655,W2401-0066,CMP-01,cmp,slurry_flow_ml_min,194.7036,0,2024-01-12T01:45:47
SR-0000656,W2401-0066,CMP-01,cmp,slurry_flow_ml_min,194.0553,0,2024-01-12T01:53:47
SR-0000657,W2401-0066,CMP-01,cmp,removal_rate_ang_min,1467.1652,0,2024-01-12T02:02:47
SR-0000658,W2401-0066,CMP-01,cmp,removal_rate_ang_min,1456.7483,0,2024-01-12T02:09:47
SR-0000659,W2401-0066,CMP-01,cmp,friction_coeff,0.3347,0,2024-01-12T02:16:47
SR-0000660,W2401-0066,CMP-01,cmp,friction_coeff,0.3888,0,2024-01-12T02:27:47
SR-0000661,W2401-0067,DIFF-02,diffusion,furnace_temp_c,948.7167,0,2024-01-12T05:23:19
SR-0000662,W2401-0067,DIFF-02,diffusion,furnace_temp_c,948.5042,0,2024-01-12T05:31:19
SR-0000663,W2401-0067,DIFF-02,diffusion,ramp_rate_c_min,10.1565,0,2024-01-12T05:41:19
SR-0000664,W2401-0067,DIFF-02,diffusion,ramp_rate_c_min,10.5829,0,2024-01-12T05:46:19
SR-0000665,W2401-0067,DIFF-02,diffusion,ambient_pressure_torr,761.5086,0,2024-01-12T05:54:19
SR-0000666,W2401-0067,DIFF-02,diffusion,ambient_pressure_torr,759.2883,0,2024-01-12T06:02:19
SR-0000667,W2401-0067,DIFF-02,diffusion,gas_ratio,2.0456,0,2024-01-12T06:11:19
SR-0000668,W2401-0067,DIFF-02,diffusion,gas_ratio,1.913,0,2024-01-12T06:20:19
SR-0000669,W2401-0067,DIFF-02,diffusion,anneal_time_min,30.1332,0,2024-01-12T06:29:19
SR-0000670,W2401-0067,DIFF-02,diffusion,anneal_time_min,29.9562,0,2024-01-12T06:37:19
SR-0000671,W2401-0068,LIT-01,litho,exposure_energy_mj,24.8967,0,2024-01-12T09:06:16
SR-0000672,W2401-0068,LIT-01,litho,exposure_energy_mj,24.9392,0,2024-01-12T09:12:16
SR-0000673,W2401-0068,LIT-01,litho,focus_offset_nm,-1.4999,0,2024-01-12T09:23:16
SR-0000674,W2401-0068,LIT-01,litho,focus_offset_nm,-0.6889,0,2024-01-12T09:31:16
SR-0000675,W2401-0068,LIT-01,litho,stage_temp_c,21.7535,0,2024-01-12T09:37:16
SR-0000676,W2401-0068,LIT-01,litho,stage_temp_c,21.7712,0,2024-01-12T09:46:16
SR-0000677,W2401-0068,LIT-01,litho,humidity_pct,43.4709,0,2024-01-12T09:55:16
SR-0000678,W2401-0068,LIT-01,litho,humidity_pct,44.1031,0,2024-01-12T10:01:16
SR-0000679,W2401-0068,LIT-01,litho,dose_uniformity_pct,99.4315,0,2024-01-12T10:08:16
SR-0000680,W2401-0068,LIT-01,litho,dose_uniformity_pct,97.9642,0,2024-01-12T10:18:16
SR-0000681,W2401-0069,CMP-02,cmp,polish_pressure_psi,3.4575,0,2024-01-12T13:27:15
SR-0000682,W2401-0069,CMP-02,cmp,polish_pressure_psi,3.1684,0,2024-01-12T13:36:15
SR-0000683,W2401-0069,CMP-02,cmp,platen_speed_rpm,92.4607,0,2024-01-12T13:42:15
SR-0000684,W2401-0069,CMP-02,cmp,platen_speed_rpm,95.1554,0,2024-01-12T13:51:15
SR-0000685,W2401-0069,CMP-02,cmp,slurry_flow_ml_min,190.6691,0,2024-01-12T13:58:15
SR-0000686,W2401-0069,CMP-02,cmp,slurry_flow_ml_min,198.4454,0,2024-01-12T14:08:15
SR-0000687,W2401-0069,CMP-02,cmp,removal_rate_ang_min,1516.333,0,2024-01-12T14:14:15
SR-0000688,W2401-0069,CMP-02,cmp,removal_rate_ang_min,1442.0071,0,2024-01-12T14:22:15
SR-0000689,W2401-0069,CMP-02,cmp,friction_coeff,0.3447,0,2024-01-12T14:31:15
SR-0000690,W2401-0069,CMP-02,cmp,friction_coeff,0.3311,0,2024-01-12T14:37:15
SR-0000691,W2401-0070,LIT-02,litho,exposure_energy_mj,25.6424,0,2024-01-12T17:34:36
SR-0000692,W2401-0070,LIT-02,litho,exposure_energy_mj,24.8162,0,2024-01-12T17:43:36
SR-0000693,W2401-0070,LIT-02,litho,focus_offset_nm,-0.1079,0,2024-01-12T17:51:36
SR-0000694,W2401-0070,LIT-02,litho,focus_offset_nm,0.9412,0,2024-01-12T18:01:36
SR-0000695,W2401-0070,LIT-02,litho,stage_temp_c,21.9041,0,2024-01-12T18:07:36
SR-0000696,W2401-0070,LIT-02,litho,stage_temp_c,22.2117,0,2024-01-12T18:17:36
SR-0000697,W2401-0070,LIT-02,litho,humidity_pct,47.2694,0,2024-01-12T18:25:36
SR-0000698,W2401-0070,LIT-02,litho,humidity_pct,40.3975,0,2024-01-12T18:32:36
SR-0000699,W2401-0070,LIT-02,litho,dose_uniformity_pct,98.3744,0,2024-01-12T18:38:36
SR-0000700,W2401-0070,LIT-02,litho,dose_uniformity_pct,98.0444,0,2024-01-12T18:46:36
SR-0000701,W2401-0071,LIT-03,litho,exposure_energy_mj,25.508,0,2024-01-12T21:52:51
SR-0000702,W2401-0071,LIT-03,litho,exposure_energy_mj,25.3098,0,2024-01-12T22:03:51
SR-0000703,W2401-0071,LIT-03,litho,focus_offset_nm,-0.5811,0,2024-01-12T22:08:51
SR-0000704,W2401-0071,LIT-03,litho,focus_offset_nm,-2.7974,0,2024-01-12T22:18:51
SR-0000705,W2401-0071,LIT-03,litho,stage_temp_c,22.0569,0,2024-01-12T22:27:51
SR-0000706,W2401-0071,LIT-03,litho,stage_temp_c,22.1555,0,2024-01-12T22:32:51
SR-0000707,W2401-0071,LIT-03,litho,humidity_pct,40.2023,0,2024-01-12T22:42:51
SR-0000708,W2401-0071,LIT-03,litho,humidity_pct,40.1966,0,2024-01-12T22:50:51
SR-0000709,W2401-0071,LIT-03,litho,dose_uniformity_pct,98.3524,0,2024-01-12T22:56:51
SR-0000710,W2401-0071,LIT-03,litho,dose_uniformity_pct,99.6953,0,2024-01-12T23:04:51
SR-0000711,W2401-0072,CMP-02,cmp,polish_pressure_psi,3.3265,0,2024-01-13T02:02:55
SR-0000712,W2401-0072,CMP-02,cmp,polish_pressure_psi,3.4617,0,2024-01-13T02:11:55
SR-0000713,W2401-0072,CMP-02,cmp,platen_speed_rpm,83.9162,0,2024-01-13T02:19:55
SR-0000714,W2401-0072,CMP-02,cmp,platen_speed_rpm,86.2693,0,2024-01-13T02:27:55
SR-0000715,W2401-0072,CMP-02,cmp,slurry_flow_ml_min,198.7609,0,2024-01-13T02:37:55
SR-0000716,W2401-0072,CMP-02,cmp,slurry_flow_ml_min,199.5831,0,2024-01-13T02:44:55
SR-0000717,W2401-0072,CMP-02,cmp,removal_rate_ang_min,1414.7716,0,2024-01-13T02:53:55
SR-0000718,W2401-0072,CMP-02,cmp,removal_rate_ang_min,1484.4986,0,2024-01-13T02:58:55
SR-0000719,W2401-0072,CMP-02,cmp,friction_coeff,0.3197,0,2024-01-13T03:07:55
SR-0000720,W2401-0072,CMP-02,cmp,friction_coeff,0.36,0,2024-01-13T03:16:55
SR-0000721,W2401-0073,CMP-02,cmp,polish_pressure_psi,3.2562,0,2024-01-13T06:18:32
SR-0000722,W2401-0073,CMP-02,cmp,polish_pressure_psi,3.2354,0,2024-01-13T06:27:32
SR-0000723,W2401-0073,CMP-02,cmp,platen_speed_rpm,88.5693,0,2024-01-13T06:35:32
SR-0000724,W2401-0073,CMP-02,cmp,platen_speed_rpm,73.8621,0,2024-01-13T06:43:32
SR-0000725,W2401-0073,CMP-02,cmp,slurry_flow_ml_min,189.4947,0,2024-01-13T06:52:32
SR-0000726,W2401-0073,CMP-02,cmp,slurry_flow_ml_min,200.9446,0,2024-01-13T06:59:32
SR-0000727,W2401-0073,CMP-02,cmp,removal_rate_ang_min,1447.1469,0,2024-01-13T07:06:32
SR-0000728,W2401-0073,CMP-02,cmp,removal_rate_ang_min,1468.0028,0,2024-01-13T07:15:32
SR-0000729,W2401-0073,CMP-02,cmp,friction_coeff,0.342,0,2024-01-13T07:23:32
SR-0000730,W2401-0073,CMP-02,cmp,friction_coeff,0.3817,0,2024-01-13T07:32:32
SR-0000731,W2401-0074,CMP-01,cmp,polish_pressure_psi,3.448,0,2024-01-13T10:25:08
SR-0000732,W2401-0074,CMP-01,cmp,polish_pressure_psi,3.4154,0,2024-01-13T10:33:08
SR-0000733,W2401-0074,CMP-01,cmp,platen_speed_rpm,75.8889,0,2024-01-13T10:42:08
SR-0000734,W2401-0074,CMP-01,cmp,platen_speed_rpm,94.2349,0,2024-01-13T10:51:08
SR-0000735,W2401-0074,CMP-01,cmp,slurry_flow_ml_min,199.6492,0,2024-01-13T10:58:08
SR-0000736,W2401-0074,CMP-01,cmp,slurry_flow_ml_min,201.9067,0,2024-01-13T11:07:08
SR-0000737,W2401-0074,CMP-01,cmp,removal_rate_ang_min,1542.4276,0,2024-01-13T11:14:08
SR-0000738,W2401-0074,CMP-01,cmp,removal_rate_ang_min,1546.0729,0,2024-01-13T11:22:08
SR-0000739,W2401-0074,CMP-01,cmp,friction_coeff,0.3686,0,2024-01-13T11:30:08
SR-0000740,W2401-0074,CMP-01,cmp,friction_coeff,0.3441,0,2024-01-13T11:38:08
SR-0000741,W2401-0075,DIFF-01,diffusion,furnace_temp_c,960.4508,0,2024-01-13T14:12:26
SR-0000742,W2401-0075,DIFF-01,diffusion,furnace_temp_c,949.8343,0,2024-01-13T14:22:26
SR-0000743,W2401-0075,DIFF-01,diffusion,ramp_rate_c_min,10.4222,0,2024-01-13T14:28:26
SR-0000744,W2401-0075,DIFF-01,diffusion,ramp_rate_c_min,9.9209,0,2024-01-13T14:38:26
SR-0000745,W2401-0075,DIFF-01,diffusion,ambient_pressure_torr,756.8084,0,2024-01-13T14:44:26
SR-0000746,W2401-0075,DIFF-01,diffusion,ambient_pressure_torr,755.7287,0,2024-01-13T14:51:26
SR-0000747,W2401-0075,DIFF-01,diffusion,gas_ratio,2.0158,0,2024-01-13T15:01:26
SR-0000748,W2401-0075,DIFF-01,diffusion,gas_ratio,2.1768,0,2024-01-13T15:10:26
SR-0000749,W2401-0075,DIFF-01,diffusion,anneal_time_min,30.8458,0,2024-01-13T15:15:26
SR-0000750,W2401-0075,DIFF-01,diffusion,anneal_time_min,30.8496,0,2024-01-13T15:25:26
SR-0000751,W2401-0076,CMP-02,cmp,polish_pressure_psi,3.0565,0,2024-01-13T18:25:49
SR-0000752,W2401-0076,CMP-02,cmp,polish_pressure_psi,3.6554,0,2024-01-13T18:31:49
SR-0000753,W2401-0076,CMP-02,cmp,platen_speed_rpm,86.3414,0,2024-01-13T18:40:49
SR-0000754,W2401-0076,CMP-02,cmp,platen_speed_rpm,89.8581,0,2024-01-13T18:47:49
SR-0000755,W2401-0076,CMP-02,cmp,slurry_flow_ml_min,180.5411,0,2024-01-13T18:58:49
SR-0000756,W2401-0076,CMP-02,cmp,slurry_flow_ml_min,211.493,0,2024-01-13T19:05:49
SR-0000757,W2401-0076,CMP-02,cmp,removal_rate_ang_min,1520.3338,0,2024-01-13T19:12:49
SR-0000758,W2401-0076,CMP-02,cmp,removal_rate_ang_min,1464.0937,0,2024-01-13T19:20:49
SR-0000759,W2401-0076,CMP-02,cmp,friction_coeff,0.3911,0,2024-01-13T19:27:49
SR-0000760,W2401-0076,CMP-02,cmp,friction_coeff,0.3023,0,2024-01-13T19:38:49
SR-0000761,W2401-0077,ETCH-02,etch,etch_temp_c,165.8276,0,2024-01-13T22:21:47
SR-0000762,W2401-0077,ETCH-02,etch,etch_temp_c,175.4331,0,2024-01-13T22:32:47
SR-0000763,W2401-0077,ETCH-02,etch,etch_pressure_mtorr,8.4073,0,2024-01-13T22:38:47
SR-0000764,W2401-0077,ETCH-02,etch,etch_pressure_mtorr,8.14,0,2024-01-13T22:45:47
SR-0000765,W2401-0077,ETCH-02,etch,rf_power_w,384.5971,0,2024-01-13T22:56:47
SR-0000766,W2401-0077,ETCH-02,etch,rf_power_w,378.8078,0,2024-01-13T23:04:47
SR-0000767,W2401-0077,ETCH-02,etch,gas_flow_sccm,52.0104,0,2024-01-13T23:10:47
SR-0000768,W2401-0077,ETCH-02,etch,gas_flow_sccm,50.173,0,2024-01-13T23:18:47
SR-0000769,W2401-0077,ETCH-02,etch,endpoint_time_s,114.2905,0,2024-01-13T23:28:47
SR-0000770,W2401-0077,ETCH-02,etch,endpoint_time_s,114.8497,0,2024-01-13T23:34:47
SR-0000771,W2401-0078,CMP-01,cmp,polish_pressure_psi,3.6591,0,2024-01-14T02:45:37
SR-0000772,W2401-0078,CMP-01,cmp,polish_pressure_psi,3.8119,0,2024-01-14T02:54:37
SR-0000773,W2401-0078,CMP-01,cmp,platen_speed_rpm,93.7675,0,2024-01-14T03:00:37
SR-0000774,W2401-0078,CMP-01,cmp,platen_speed_rpm,93.9275,0,2024-01-14T03:10:37
SR-0000775,W2401-0078,CMP-01,cmp,slurry_flow_ml_min,206.7114,0,2024-01-14T03:18:37
SR-0000776,W2401-0078,CMP-01,cmp,slurry_flow_ml_min,203.3572,0,2024-01-14T03:24:37
SR-0000777,W2401-0078,CMP-01,cmp,removal_rate_ang_min,1542.7809,0,2024-01-14T03:34:37
SR-0000778,W2401-0078,CMP-01,cmp,removal_rate_ang_min,1522.537,0,2024-01-14T03:43:37
SR-0000779,W2401-0078,CMP-01,cmp,friction_coeff,0.3743,0,2024-01-14T03:49:37
SR-0000780,W2401-0078,CMP-01,cmp,friction_coeff,0.2866,0,2024-01-14T03:57:37
SR-0000781,W2401-0079,DIFF-01,diffusion,furnace_temp_c,954.1502,0,2024-01-14T07:00:49
SR-0000782,W2401-0079,DIFF-01,diffusion,furnace_temp_c,948.8495,0,2024-01-14T07:07:49
SR-0000783,W2401-0079,DIFF-01,diffusion,ramp_rate_c_min,9.7325,0,2024-01-14T07:15:49
SR-0000784,W2401-0079,DIFF-01,diffusion,ramp_rate_c_min,9.9756,0,2024-01-14T07:24:49
SR-0000785,W2401-0079,DIFF-01,diffusion,ambient_pressure_torr,758.5107,0,2024-01-14T07:33:49
SR-0000786,W2401-0079,DIFF-01,diffusion,ambient_pressure_torr,763.0656,0,2024-01-14T07:39:49
SR-0000787,W2401-0079,DIFF-01,diffusion,gas_ratio,2.0133,0,2024-01-14T07:49:49
SR-0000788,W2401-0079,DIFF-01,diffusion,gas_ratio,1.9796,0,2024-01-14T07:56:49
SR-0000789,W2401-0079,DIFF-01,diffusion,anneal_time_min,30.1324,0,2024-01-14T08:04:49
SR-0000790,W2401-0079,DIFF-01,diffusion,anneal_time_min,30.6968,0,2024-01-14T08:13:49
SR-0000791,W2401-0080,IMP-01,implant,beam_current_ma,10.5831,0,2024-01-14T10:56:09
SR-0000792,W2401-0080,IMP-01,implant,beam_current_ma,8.8835,0,2024-01-14T11:01:09
SR-0000793,W2401-0080,IMP-01,implant,beam_energy_kev,45.6424,0,2024-01-14T11:12:09
SR-0000794,W2401-0080,IMP-01,implant,beam_energy_kev,47.4405,0,2024-01-14T11:17:09
SR-0000795,W2401-0080,IMP-01,implant,scan_speed_mm_s,96.3233,0,2024-01-14T11:27:09
SR-0000796,W2401-0080,IMP-01,implant,scan_speed_mm_s,101.9618,0,2024-01-14T11:35:09
SR-0000797,W2401-0080,IMP-01,implant,dose_uniformity_pct,98.8586,0,2024-01-14T11:41:09
SR-0000798,W2401-0080,IMP-01,implant,dose_uniformity_pct,97.3242,0,2024-01-14T11:49:09
SR-0000799,W2401-0080,IMP-01,implant,tilt_angle_deg,7.1053,0,2024-01-14T12:00:09
SR-0000800,W2401-0080,IMP-01,implant,tilt_angle_deg,6.8425,0,2024-01-14T12:07:09
SR-0000801,W2401-0081,CMP-01,cmp,polish_pressure_psi,3.2506,0,2024-01-14T15:22:00
SR-0000802,W2401-0081,CMP-01,cmp,polish_pressure_psi,3.8992,0,2024-01-14T15:33:00
SR-0000803,W2401-0081,CMP-01,cmp,platen_speed_rpm,91.202,0,2024-01-14T15:39:00
SR-0000804,W2401-0081,CMP-01,cmp,platen_speed_rpm,95.9118,0,2024-01-14T15:46:00
SR-0000805,W2401-0081,CMP-01,cmp,slurry_flow_ml_min,198.4907,0,2024-01-14T15:56:00
SR-0000806,W2401-0081,CMP-01,cmp,slurry_flow_ml_min,186.5786,0,2024-01-14T16:02:00
SR-0000807,W2401-0081,CMP-01,cmp,removal_rate_ang_min,1506.4872,0,2024-01-14T16:11:00
SR-0000808,W2401-0081,CMP-01,cmp,removal_rate_ang_min,1541.1962,0,2024-01-14T16:18:00
SR-0000809,W2401-0081,CMP-01,cmp,friction_coeff,0.4243,0,2024-01-14T16:26:00
SR-0000810,W2401-0081,CMP-01,cmp,friction_coeff,0.3506,0,2024-01-14T16:36:00
SR-0000811,W2401-0082,DEP-01,deposition,dep_temp_c,306.1383,0,2024-01-14T18:58:01
SR-0000812,W2401-0082,DEP-01,deposition,dep_temp_c,297.7091,0,2024-01-14T19:05:01
SR-0000813,W2401-0082,DEP-01,deposition,dep_pressure_mtorr,5.1089,0,2024-01-14T19:13:01
SR-0000814,W2401-0082,DEP-01,deposition,dep_pressure_mtorr,4.8435,0,2024-01-14T19:21:01
SR-0000815,W2401-0082,DEP-01,deposition,rf_power_w,390.0385,0,2024-01-14T19:27:01
SR-0000816,W2401-0082,DEP-01,deposition,rf_power_w,358.3236,0,2024-01-14T19:35:01
SR-0000817,W2401-0082,DEP-01,deposition,precursor_flow_sccm,27.8107,0,2024-01-14T19:45:01
SR-0000818,W2401-0082,DEP-01,deposition,precursor_flow_sccm,30.2096,0,2024-01-14T19:54:01
SR-0000819,W2401-0082,DEP-01,deposition,film_thickness_nm,50.9038,0,2024-01-14T20:00:01
SR-0000820,W2401-0082,DEP-01,deposition,film_thickness_nm,50.8359,0,2024-01-14T20:08:01
SR-0000821,W2401-0083,DEP-02,deposition,dep_temp_c,302.5717,0,2024-01-14T22:48:16
SR-0000822,W2401-0083,DEP-02,deposition,dep_temp_c,300.1743,0,2024-01-14T22:55:16
SR-0000823,W2401-0083,DEP-02,deposition,dep_pressure_mtorr,5.1724,0,2024-01-14T23:03:16
SR-0000824,W2401-0083,DEP-02,deposition,dep_pressure_mtorr,4.8486,0,2024-01-14T23:10:16
SR-0000825,W2401-0083,DEP-02,deposition,rf_power_w,414.3962,0,2024-01-14T23:18:16
SR-0000826,W2401-0083,DEP-02,deposition,rf_power_w,429.47,0,2024-01-14T23:26:16
SR-0000827,W2401-0083,DEP-02,deposition,precursor_flow_sccm,29.0198,0,2024-01-14T23:36:16
SR-0000828,W2401-0083,DEP-02,deposition,precursor_flow_sccm,34.0902,0,2024-01-14T23:42:16
SR-0000829,W2401-0083,DEP-02,deposition,film_thickness_nm,49.9261,0,2024-01-14T23:50:16
SR-0000830,W2401-0083,DEP-02,deposition,film_thickness_nm,49.4747,0,2024-01-14T23:57:16
SR-0000831,W2401-0084,ETCH-03,etch,etch_temp_c,178.4907,0,2024-01-15T02:19:24
SR-0000832,W2401-0084,ETCH-03,etch,etch_temp_c,172.4561,0,2024-01-15T02:26:24
SR-0000833,W2401-0084,ETCH-03,etch,etch_pressure_mtorr,8.9375,0,2024-01-15T02:36:24
SR-0000834,W2401-0084,ETCH-03,etch,etch_pressure_mtorr,8.3771,0,2024-01-15T02:45:24
SR-0000835,W2401-0084,ETCH-03,etch,rf_power_w,369.3928,0,2024-01-15T02:52:24
SR-0000836,W2401-0084,ETCH-03,etch,rf_power_w,347.2663,0,2024-01-15T03:00:24
SR-0000837,W2401-0084,ETCH-03,etch,gas_flow_sccm,51.6334,0,2024-01-15T03:07:24
SR-0000838,W2401-0084,ETCH-03,etch,gas_flow_sccm,50.1729,0,2024-01-15T03:15:24
SR-0000839,W2401-0084,ETCH-03,etch,endpoint_time_s,117.6636,0,2024-01-15T03:22:24
SR-0000840,W2401-0084,ETCH-03,etch,endpoint_time_s,120.5375,0,2024-01-15T03:32:24
SR-0000841,W2401-0085,DIFF-01,diffusion,furnace_temp_c,943.141,0,2024-01-15T06:01:21
SR-0000842,W2401-0085,DIFF-01,diffusion,furnace_temp_c,947.0208,0,2024-01-15T06:08:21
SR-0000843,W2401-0085,DIFF-01,diffusion,ramp_rate_c_min,9.7938,0,2024-01-15T06:18:21
SR-0000844,W2401-0085,DIFF-01,diffusion,ramp_rate_c_min,10.7636,0,2024-01-15T06:25:21
SR-0000845,W2401-0085,DIFF-01,diffusion,ambient_pressure_torr,761.6662,0,2024-01-15T06:35:21
SR-0000846,W2401-0085,DIFF-01,diffusion,ambient_pressure_torr,759.5424,0,2024-01-15T06:43:21
SR-0000847,W2401-0085,DIFF-01,diffusion,gas_ratio,1.906,0,2024-01-15T06:51:21
SR-0000848,W2401-0085,DIFF-01,diffusion,gas_ratio,1.941,0,2024-01-15T06:57:21
SR-0000849,W2401-0085,DIFF-01,diffusion,anneal_time_min,30.1957,0,2024-01-15T07:04:21
SR-0000850,W2401-0085,DIFF-01,diffusion,anneal_time_min,25.578,0,2024-01-15T07:14:21
SR-0000851,W2401-0086,DIFF-01,diffusion,furnace_temp_c,957.1539,0,2024-01-15T10:01:46
SR-0000852,W2401-0086,DIFF-01,diffusion,furnace_temp_c,951.2799,0,2024-01-15T10:07:46
SR-0000853,W2401-0086,DIFF-01,diffusion,ramp_rate_c_min,10.7348,0,2024-01-15T10:15:46
SR-0000854,W2401-0086,DIFF-01,diffusion,ramp_rate_c_min,11.0469,0,2024-01-15T10:25:46
SR-0000855,W2401-0086,DIFF-01,diffusion,ambient_pressure_torr,761.8477,0,2024-01-15T10:33:46
SR-0000856,W2401-0086,DIFF-01,diffusion,ambient_pressure_torr,758.4717,0,2024-01-15T10:39:46
SR-0000857,W2401-0086,DIFF-01,diffusion,gas_ratio,1.8143,0,2024-01-15T10:49:46
SR-0000858,W2401-0086,DIFF-01,diffusion,gas_ratio,1.9758,0,2024-01-15T10:57:46
SR-0000859,W2401-0086,DIFF-01,diffusion,anneal_time_min,30.329,0,2024-01-15T11:04:46
SR-0000860,W2401-0086,DIFF-01,diffusion,anneal_time_min,26.2764,0,2024-01-15T11:10:46
SR-0000861,W2401-0087,ETCH-02,etch,etch_temp_c,179.3804,0,2024-01-15T14:05:12
SR-0000862,W2401-0087,ETCH-02,etch,etch_temp_c,169.638,0,2024-01-15T14:13:12
SR-0000863,W2401-0087,ETCH-02,etch,etch_pressure_mtorr,8.2804,0,2024-01-15T14:22:12
SR-0000864,W2401-0087,ETCH-02,etch,etch_pressure_mtorr,7.5017,0,2024-01-15T14:29:12
SR-0000865,W2401-0087,ETCH-02,etch,rf_power_w,378.2352,0,2024-01-15T14:40:12
SR-0000866,W2401-0087,ETCH-02,etch,rf_power_w,358.9378,0,2024-01-15T14:45:12
SR-0000867,W2401-0087,ETCH-02,etch,gas_flow_sccm,49.7145,0,2024-01-15T14:54:12
SR-0000868,W2401-0087,ETCH-02,etch,gas_flow_sccm,49.4844,0,2024-01-15T15:03:12
SR-0000869,W2401-0087,ETCH-02,etch,endpoint_time_s,124.87,0,2024-01-15T15:11:12
SR-0000870,W2401-0087,ETCH-02,etch,endpoint_time_s,114.9146,0,2024-01-15T15:17:12
SR-0000871,W2401-0088,DIFF-02,diffusion,furnace_temp_c,951.2599,0,2024-01-15T17:37:45
SR-0000872,W2401-0088,DIFF-02,diffusion,furnace_temp_c,942.9811,0,2024-01-15T17:44:45
SR-0000873,W2401-0088,DIFF-02,diffusion,ramp_rate_c_min,10.1635,0,2024-01-15T17:52:45
SR-0000874,W2401-0088,DIFF-02,diffusion,ramp_rate_c_min,10.2834,0,2024-01-15T18:01:45
SR-0000875,W2401-0088,DIFF-02,diffusion,ambient_pressure_torr,762.3999,0,2024-01-15T18:11:45
SR-0000876,W2401-0088,DIFF-02,diffusion,ambient_pressure_torr,758.1252,0,2024-01-15T18:17:45
SR-0000877,W2401-0088,DIFF-02,diffusion,gas_ratio,2.0566,0,2024-01-15T18:27:45
SR-0000878,W2401-0088,DIFF-02,diffusion,gas_ratio,1.8668,0,2024-01-15T18:33:45
SR-0000879,W2401-0088,DIFF-02,diffusion,anneal_time_min,28.3023,0,2024-01-15T18:43:45
SR-0000880,W2401-0088,DIFF-02,diffusion,anneal_time_min,31.4935,0,2024-01-15T18:49:45
SR-0000881,W2401-0089,IMP-02,implant,beam_current_ma,10.2375,0,2024-01-15T21:44:23
SR-0000882,W2401-0089,IMP-02,implant,beam_current_ma,10.6576,0,2024-01-15T21:54:23
SR-0000883,W2401-0089,IMP-02,implant,beam_energy_kev,51.6971,0,2024-01-15T22:00:23
SR-0000884,W2401-0089,IMP-02,implant,beam_energy_kev,48.0529,0,2024-01-15T22:09:23
SR-0000885,W2401-0089,IMP-02,implant,scan_speed_mm_s,99.2661,0,2024-01-15T22:19:23
SR-0000886,W2401-0089,IMP-02,implant,scan_speed_mm_s,98.576,0,2024-01-15T22:25:23
SR-0000887,W2401-0089,IMP-02,implant,dose_uniformity_pct,98.4534,0,2024-01-15T22:34:23
SR-0000888,W2401-0089,IMP-02,implant,dose_uniformity_pct,97.8273,0,2024-01-15T22:41:23
SR-0000889,W2401-0089,IMP-02,implant,tilt_angle_deg,6.8826,0,2024-01-15T22:49:23
SR-0000890,W2401-0089,IMP-02,implant,tilt_angle_deg,7.0853,0,2024-01-15T22:56:23
SR-0000891,W2401-0090,DIFF-02,diffusion,furnace_temp_c,947.6959,0,2024-01-16T02:04:20
SR-0000892,W2401-0090,DIFF-02,diffusion,furnace_temp_c,947.1126,0,2024-01-16T02:12:20
SR-0000893,W2401-0090,DIFF-02,diffusion,ramp_rate_c_min,10.756,0,2024-01-16T02:19:20
SR-0000894,W2401-0090,DIFF-02,diffusion,ramp_rate_c_min,9.8248,0,2024-01-16T02:26:20
SR-0000895,W2401-0090,DIFF-02,diffusion,ambient_pressure_torr,759.2863,0,2024-01-16T02:34:20
SR-0000896,W2401-0090,DIFF-02,diffusion,ambient_pressure_torr,763.4049,0,2024-01-16T02:41:20
SR-0000897,W2401-0090,DIFF-02,diffusion,gas_ratio,2.0038,0,2024-01-16T02:52:20
SR-0000898,W2401-0090,DIFF-02,diffusion,gas_ratio,1.8825,0,2024-01-16T02:57:20
SR-0000899,W2401-0090,DIFF-02,diffusion,anneal_time_min,30.035,0,2024-01-16T03:08:20
SR-0000900,W2401-0090,DIFF-02,diffusion,anneal_time_min,30.2029,0,2024-01-16T03:16:20
SR-0000901,W2401-0091,LIT-02,litho,exposure_energy_mj,25.6647,0,2024-01-16T06:25:19
SR-0000902,W2401-0091,LIT-02,litho,exposure_energy_mj,24.8282,0,2024-01-16T06:30:19
SR-0000903,W2401-0091,LIT-02,litho,focus_offset_nm,0.4353,0,2024-01-16T06:39:19
SR-0000904,W2401-0091,LIT-02,litho,focus_offset_nm,1.192,0,2024-01-16T06:47:19
SR-0000905,W2401-0091,LIT-02,litho,stage_temp_c,21.8911,0,2024-01-16T06:54:19
SR-0000906,W2401-0091,LIT-02,litho,stage_temp_c,22.0268,0,2024-01-16T07:04:19
SR-0000907,W2401-0091,LIT-02,litho,humidity_pct,45.9262,0,2024-01-16T07:10:19
SR-0000908,W2401-0091,LIT-02,litho,humidity_pct,45.4707,0,2024-01-16T07:20:19
SR-0000909,W2401-0091,LIT-02,litho,dose_uniformity_pct,98.6016,0,2024-01-16T07:28:19
SR-0000910,W2401-0091,LIT-02,litho,dose_uniformity_pct,98.6391,0,2024-01-16T07:37:19
SR-0000911,W2401-0092,ETCH-03,etch,etch_temp_c,174.5437,0,2024-01-16T10:35:45
SR-0000912,W2401-0092,ETCH-03,etch,etch_temp_c,176.2976,0,2024-01-16T10:43:45
SR-0000913,W2401-0092,ETCH-03,etch,etch_pressure_mtorr,8.3472,0,2024-01-16T10:53:45
SR-0000914,W2401-0092,ETCH-03,etch,etch_pressure_mtorr,7.998,0,2024-01-16T10:58:45
SR-0000915,W2401-0092,ETCH-03,etch,rf_power_w,365.824,0,2024-01-16T11:06:45
SR-0000916,W2401-0092,ETCH-03,etch,rf_power_w,381.5371,0,2024-01-16T11:17:45
SR-0000917,W2401-0092,ETCH-03,etch,gas_flow_sccm,48.246,0,2024-01-16T11:22:45
SR-0000918,W2401-0092,ETCH-03,etch,gas_flow_sccm,50.2042,0,2024-01-16T11:30:45
SR-0000919,W2401-0092,ETCH-03,etch,endpoint_time_s,110.3868,0,2024-01-16T11:40:45
SR-0000920,W2401-0092,ETCH-03,etch,endpoint_time_s,117.4919,0,2024-01-16T11:48:45
SR-0000921,W2401-0093,CMP-02,cmp,polish_pressure_psi,3.5186,0,2024-01-16T14:53:14
SR-0000922,W2401-0093,CMP-02,cmp,polish_pressure_psi,3.2596,0,2024-01-16T15:00:14
SR-0000923,W2401-0093,CMP-02,cmp,platen_speed_rpm,88.9685,0,2024-01-16T15:07:14
SR-0000924,W2401-0093,CMP-02,cmp,platen_speed_rpm,96.2545,0,2024-01-16T15:15:14
SR-0000925,W2401-0093,CMP-02,cmp,slurry_flow_ml_min,210.2563,0,2024-01-16T15:26:14
SR-0000926,W2401-0093,CMP-02,cmp,slurry_flow_ml_min,197.7902,0,2024-01-16T15:33:14
SR-0000927,W2401-0093,CMP-02,cmp,removal_rate_ang_min,1432.7731,0,2024-01-16T15:42:14
SR-0000928,W2401-0093,CMP-02,cmp,removal_rate_ang_min,1466.1905,0,2024-01-16T15:49:14
SR-0000929,W2401-0093,CMP-02,cmp,friction_coeff,0.3335,0,2024-01-16T15:56:14
SR-0000930,W2401-0093,CMP-02,cmp,friction_coeff,0.3235,0,2024-01-16T16:06:14
SR-0000931,W2401-0094,DEP-02,deposition,dep_temp_c,296.1467,0,2024-01-16T19:14:04
SR-0000932,W2401-0094,DEP-02,deposition,dep_temp_c,303.6953,0,2024-01-16T19:20:04
SR-0000933,W2401-0094,DEP-02,deposition,dep_pressure_mtorr,4.4186,0,2024-01-16T19:29:04
SR-0000934,W2401-0094,DEP-02,deposition,dep_pressure_mtorr,5.0167,0,2024-01-16T19:35:04
SR-0000935,W2401-0094,DEP-02,deposition,rf_power_w,379.8903,0,2024-01-16T19:46:04
SR-0000936,W2401-0094,DEP-02,deposition,rf_power_w,374.702,0,2024-01-16T19:52:04
SR-0000937,W2401-0094,DEP-02,deposition,precursor_flow_sccm,29.4671,0,2024-01-16T20:02:04
SR-0000938,W2401-0094,DEP-02,deposition,precursor_flow_sccm,28.8405,0,2024-01-16T20:08:04
SR-0000939,W2401-0094,DEP-02,deposition,film_thickness_nm,50.4635,0,2024-01-16T20:15:04
SR-0000940,W2401-0094,DEP-02,deposition,film_thickness_nm,49.029,0,2024-01-16T20:25:04
SR-0000941,W2401-0095,DEP-01,deposition,dep_temp_c,294.0847,0,2024-01-16T23:01:15
SR-0000942,W2401-0095,DEP-01,deposition,dep_temp_c,297.8894,0,2024-01-16T23:11:15
SR-0000943,W2401-0095,DEP-01,deposition,dep_pressure_mtorr,5.3334,0,2024-01-16T23:17:15
SR-0000944,W2401-0095,DEP-01,deposition,dep_pressure_mtorr,5.2039,0,2024-01-16T23:28:15
SR-0000945,W2401-0095,DEP-01,deposition,rf_power_w,388.8577,0,2024-01-16T23:33:15
SR-0000946,W2401-0095,DEP-01,deposition,rf_power_w,384.8566,0,2024-01-16T23:43:15
SR-0000947,W2401-0095,DEP-01,deposition,precursor_flow_sccm,29.1428,0,2024-01-16T23:52:15
SR-0000948,W2401-0095,DEP-01,deposition,precursor_flow_sccm,32.3165,0,2024-01-16T23:58:15
SR-0000949,W2401-0095,DEP-01,deposition,film_thickness_nm,49.1019,0,2024-01-17T00:08:15
SR-0000950,W2401-0095,DEP-01,deposition,film_thickness_nm,50.6223,0,2024-01-17T00:15:15
SR-0000951,W2401-0096,DEP-02,deposition,dep_temp_c,304.6026,0,2024-01-17T02:55:33
SR-0000952,W2401-0096,DEP-02,deposition,dep_temp_c,301.0955,0,2024-01-17T03:00:33
SR-0000953,W2401-0096,DEP-02,deposition,dep_pressure_mtorr,4.6969,0,2024-01-17T03:10:33
SR-0000954,W2401-0096,DEP-02,deposition,dep_pressure_mtorr,4.5853,0,2024-01-17T03:16:33
SR-0000955,W2401-0096,DEP-02,deposition,rf_power_w,371.0367,0,2024-01-17T03:25:33
SR-0000956,W2401-0096,DEP-02,deposition,rf_power_w,368.0939,0,2024-01-17T03:34:33
SR-0000957,W2401-0096,DEP-02,deposition,precursor_flow_sccm,29.3706,0,2024-01-17T03:40:33
SR-0000958,W2401-0096,DEP-02,deposition,precursor_flow_sccm,31.1949,0,2024-01-17T03:48:33
SR-0000959,W2401-0096,DEP-02,deposition,film_thickness_nm,49.846,0,2024-01-17T03:58:33
SR-0000960,W2401-0096,DEP-02,deposition,film_thickness_nm,51.396,0,2024-01-17T04:05:33
SR-0000961,W2401-0097,IMP-02,implant,beam_current_ma,9.9279,0,2024-01-17T06:37:00
SR-0000962,W2401-0097,IMP-02,implant,beam_current_ma,10.0956,0,2024-01-17T06:44:00
SR-0000963,W2401-0097,IMP-02,implant,beam_energy_kev,50.9208,0,2024-01-17T06:52:00
SR-0000964,W2401-0097,IMP-02,implant,beam_energy_kev,49.6026,0,2024-01-17T06:58:00
SR-0000965,W2401-0097,IMP-02,implant,scan_speed_mm_s,96.1463,0,2024-01-17T07:09:00
SR-0000966,W2401-0097,IMP-02,implant,scan_speed_mm_s,103.4515,0,2024-01-17T07:16:00
SR-0000967,W2401-0097,IMP-02,implant,dose_uniformity_pct,98.1636,0,2024-01-17T07:23:00
SR-0000968,W2401-0097,IMP-02,implant,dose_uniformity_pct,98.1937,0,2024-01-17T07:32:00
SR-0000969,W2401-0097,IMP-02,implant,tilt_angle_deg,6.9805,0,2024-01-17T07:38:00
SR-0000970,W2401-0097,IMP-02,implant,tilt_angle_deg,7.0768,0,2024-01-17T07:49:00
SR-0000971,W2401-0098,IMP-02,implant,beam_current_ma,8.9109,0,2024-01-17T10:49:30
SR-0000972,W2401-0098,IMP-02,implant,beam_current_ma,10.3289,0,2024-01-17T10:58:30
SR-0000973,W2401-0098,IMP-02,implant,beam_energy_kev,45.8652,0,2024-01-17T11:06:30
SR-0000974,W2401-0098,IMP-02,implant,beam_energy_kev,48.7668,0,2024-01-17T11:15:30
SR-0000975,W2401-0098,IMP-02,implant,scan_speed_mm_s,104.8503,0,2024-01-17T11:23:30
SR-0000976,W2401-0098,IMP-02,implant,scan_speed_mm_s,106.2969,0,2024-01-17T11:30:30
SR-0000977,W2401-0098,IMP-02,implant,dose_uniformity_pct,99.2941,0,2024-01-17T11:38:30
SR-0000978,W2401-0098,IMP-02,implant,dose_uniformity_pct,98.4118,0,2024-01-17T11:45:30
SR-0000979,W2401-0098,IMP-02,implant,tilt_angle_deg,6.781,0,2024-01-17T11:53:30
SR-0000980,W2401-0098,IMP-02,implant,tilt_angle_deg,6.9776,0,2024-01-17T12:01:30
SR-0000981,W2401-0099,IMP-02,implant,beam_current_ma,10.1392,0,2024-01-17T15:03:00
SR-0000982,W2401-0099,IMP-02,implant,beam_current_ma,9.8496,0,2024-01-17T15:11:00
SR-0000983,W2401-0099,IMP-02,implant,beam_energy_kev,50.127,0,2024-01-17T15:17:00
SR-0000984,W2401-0099,IMP-02,implant,beam_energy_kev,48.4713,0,2024-01-17T15:26:00
SR-0000985,W2401-0099,IMP-02,implant,scan_speed_mm_s,97.9746,0,2024-01-17T15:35:00
SR-0000986,W2401-0099,IMP-02,implant,scan_speed_mm_s,101.2561,0,2024-01-17T15:43:00
SR-0000987,W2401-0099,IMP-02,implant,dose_uniformity_pct,98.8912,0,2024-01-17T15:52:00
SR-0000988,W2401-0099,IMP-02,implant,dose_uniformity_pct,98.3103,0,2024-01-17T15:58:00
SR-0000989,W2401-0099,IMP-02,implant,tilt_angle_deg,6.8596,0,2024-01-17T16:07:00
SR-0000990,W2401-0099,IMP-02,implant,tilt_angle_deg,7.3793,0,2024-01-17T16:13:00
SR-0000991,W2401-0100,IMP-02,implant,beam_current_ma,10.8303,0,2024-01-17T19:03:52
SR-0000992,W2401-0100,IMP-02,implant,beam_current_ma,9.3911,0,2024-01-17T19:12:52
SR-0000993,W2401-0100,IMP-02,implant,beam_energy_kev,49.3332,0,2024-01-17T19:19:52
SR-0000994,W2401-0100,IMP-02,implant,beam_energy_kev,53.3838,0,2024-01-17T19:27:52
SR-0000995,W2401-0100,IMP-02,implant,scan_speed_mm_s,96.8506,0,2024-01-17T19:35:52
SR-0000996,W2401-0100,IMP-02,implant,scan_speed_mm_s,106.213,0,2024-01-17T19:44:52
SR-0000997,W2401-0100,IMP-02,implant,dose_uniformity_pct,98.7983,0,2024-01-17T19:53:52
SR-0000998,W2401-0100,IMP-02,implant,dose_uniformity_pct,98.6152,0,2024-01-17T19:58:52
SR-0000999,W2401-0100,IMP-02,implant,tilt_angle_deg,7.0152,0,2024-01-17T20:06:52
SR-0001000,W2401-0100,IMP-02,implant,tilt_angle_deg,6.9368,0,2024-01-17T20:17:52
SR-0001001,W2401-0101,DEP-01,deposition,dep_temp_c,301.4172,0,2024-01-17T22:41:06
SR-0001002,W2401-0101,DEP-01,deposition,dep_temp_c,297.0409,0,2024-01-17T22:51:06
SR-0001003,W2401-0101,DEP-01,deposition,dep_pressure_mtorr,4.3935,0,2024-01-17T22:58:06
SR-0001004,W2401-0101,DEP-01,deposition,dep_pressure_mtorr,4.7885,0,2024-01-17T23:04:06
SR-0001005,W2401-0101,DEP-01,deposition,rf_power_w,405.5624,0,2024-01-17T23:15:06
SR-0001006,W2401-0101,DEP-01,deposition,rf_power_w,373.9674,0,2024-01-17T23:23:06
SR-0001007,W2401-0101,DEP-01,deposition,precursor_flow_sccm,29.7263,0,2024-01-17T23:28:06
SR-0001008,W2401-0101,DEP-01,deposition,precursor_flow_sccm,27.8098,0,2024-01-17T23:39:06
SR-0001009,W2401-0101,DEP-01,deposition,film_thickness_nm,50.4184,0,2024-01-17T23:47:06
SR-0001010,W2401-0101,DEP-01,deposition,film_thickness_nm,50.0817,0,2024-01-17T23:54:06
SR-0001011,W2401-0102,ETCH-01,etch,etch_temp_c,177.1213,0,2024-01-18T03:09:09
SR-0001012,W2401-0102,ETCH-01,etch,etch_temp_c,171.3766,0,2024-01-18T03:17:09
SR-0001013,W2401-0102,ETCH-01,etch,etch_pressure_mtorr,8.4865,0,2024-01-18T03:25:09
SR-0001014,W2401-0102,ETCH-01,etch,etch_pressure_mtorr,7.8813,0,2024-01-18T03:34:09
SR-0001015,W2401-0102,ETCH-01,etch,rf_power_w,381.076,0,2024-01-18T03:39:09
SR-0001016,W2401-0102,ETCH-01,etch,rf_power_w,370.0722,0,2024-01-18T03:48:09
SR-0001017,W2401-0102,ETCH-01,etch,gas_flow_sccm,51.7877,0,2024-01-18T03:57:09
SR-0001018,W2401-0102,ETCH-01,etch,gas_flow_sccm,50.3064,0,2024-01-18T04:04:09
SR-0001019,W2401-0102,ETCH-01,etch,endpoint_time_s,113.2335,0,2024-01-18T04:11:09
SR-0001020,W2401-0102,ETCH-01,etch,endpoint_time_s,113.4351,0,2024-01-18T04:19:09
SR-0001021,W2401-0103,LIT-01,litho,exposure_energy_mj,25.442,0,2024-01-18T07:24:46
SR-0001022,W2401-0103,LIT-01,litho,exposure_energy_mj,24.82,0,2024-01-18T07:32:46
SR-0001023,W2401-0103,LIT-01,litho,focus_offset_nm,-0.2651,0,2024-01-18T07:41:46
SR-0001024,W2401-0103,LIT-01,litho,focus_offset_nm,-1.6775,0,2024-01-18T07:47:46
SR-0001025,W2401-0103,LIT-01,litho,stage_temp_c,22.1206,0,2024-01-18T07:55:46
SR-0001026,W2401-0103,LIT-01,litho,stage_temp_c,22.1942,0,2024-01-18T08:04:46
SR-0001027,W2401-0103,LIT-01,litho,humidity_pct,44.5179,0,2024-01-18T08:11:46
SR-0001028,W2401-0103,LIT-01,litho,humidity_pct,46.568,0,2024-01-18T08:21:46
SR-0001029,W2401-0103,LIT-01,litho,dose_uniformity_pct,97.8846,0,2024-01-18T08:28:46
SR-0001030,W2401-0103,LIT-01,litho,dose_uniformity_pct,98.1473,0,2024-01-18T08:34:46
SR-0001031,W2401-0104,LIT-03,litho,exposure_energy_mj,24.8987,0,2024-01-18T11:17:25
SR-0001032,W2401-0104,LIT-03,litho,exposure_energy_mj,25.5069,0,2024-01-18T11:24:25
SR-0001033,W2401-0104,LIT-03,litho,focus_offset_nm,1.7723,0,2024-01-18T11:30:25
SR-0001034,W2401-0104,LIT-03,litho,focus_offset_nm,0.5444,0,2024-01-18T11:41:25
SR-0001035,W2401-0104,LIT-03,litho,stage_temp_c,21.888,0,2024-01-18T11:46:25
SR-0001036,W2401-0104,LIT-03,litho,stage_temp_c,21.7519,0,2024-01-18T11:57:25
SR-0001037,W2401-0104,LIT-03,litho,humidity_pct,42.3584,0,2024-01-18T12:04:25
SR-0001038,W2401-0104,LIT-03,litho,humidity_pct,40.5952,0,2024-01-18T12:10:25
SR-0001039,W2401-0104,LIT-03,litho,dose_uniformity_pct,98.5263,0,2024-01-18T12:19:25
SR-0001040,W2401-0104,LIT-03,litho,dose_uniformity_pct,98.9271,0,2024-01-18T12:26:25
SR-0001041,W2401-0105,IMP-02,implant,beam_current_ma,9.0466,0,2024-01-18T15:18:37
SR-0001042,W2401-0105,IMP-02,implant,beam_current_ma,9.7083,0,2024-01-18T15:27:37
SR-0001043,W2401-0105,IMP-02,implant,beam_energy_kev,48.1387,0,2024-01-18T15:36:37
SR-0001044,W2401-0105,IMP-02,implant,beam_energy_kev,48.3718,0,2024-01-18T15:42:37
SR-0001045,W2401-0105,IMP-02,implant,scan_speed_mm_s,96.3853,0,2024-01-18T15:51:37
SR-0001046,W2401-0105,IMP-02,implant,scan_speed_mm_s,97.2661,0,2024-01-18T15:59:37
SR-0001047,W2401-0105,IMP-02,implant,dose_uniformity_pct,99.3462,0,2024-01-18T16:08:37
SR-0001048,W2401-0105,IMP-02,implant,dose_uniformity_pct,98.2768,0,2024-01-18T16:13:37
SR-0001049,W2401-0105,IMP-02,implant,tilt_angle_deg,6.5649,0,2024-01-18T16:21:37
SR-0001050,W2401-0105,IMP-02,implant,tilt_angle_deg,6.8173,0,2024-01-18T16:30:37
SR-0001051,W2401-0106,CMP-02,cmp,polish_pressure_psi,3.3459,0,2024-01-18T19:24:04
SR-0001052,W2401-0106,CMP-02,cmp,polish_pressure_psi,3.8975,0,2024-01-18T19:30:04
SR-0001053,W2401-0106,CMP-02,cmp,platen_speed_rpm,94.1102,0,2024-01-18T19:38:04
SR-0001054,W2401-0106,CMP-02,cmp,platen_speed_rpm,87.3216,0,2024-01-18T19:48:04
SR-0001055,W2401-0106,CMP-02,cmp,slurry_flow_ml_min,182.2489,0,2024-01-18T19:54:04
SR-0001056,W2401-0106,CMP-02,cmp,slurry_flow_ml_min,212.8931,0,2024-01-18T20:03:04
SR-0001057,W2401-0106,CMP-02,cmp,removal_rate_ang_min,1423.3069,0,2024-01-18T20:13:04
SR-0001058,W2401-0106,CMP-02,cmp,removal_rate_ang_min,1485.195,0,2024-01-18T20:20:04
SR-0001059,W2401-0106,CMP-02,cmp,friction_coeff,0.3213,0,2024-01-18T20:29:04
SR-0001060,W2401-0106,CMP-02,cmp,friction_coeff,0.3234,0,2024-01-18T20:35:04
SR-0001061,W2401-0107,LIT-02,litho,exposure_energy_mj,25.2975,0,2024-01-18T23:44:46
SR-0001062,W2401-0107,LIT-02,litho,exposure_energy_mj,24.6811,0,2024-01-18T23:54:46
SR-0001063,W2401-0107,LIT-02,litho,focus_offset_nm,0.2031,0,2024-01-19T00:01:46
SR-0001064,W2401-0107,LIT-02,litho,focus_offset_nm,0.6201,0,2024-01-19T00:08:46
SR-0001065,W2401-0107,LIT-02,litho,stage_temp_c,21.9022,0,2024-01-19T00:16:46
SR-0001066,W2401-0107,LIT-02,litho,stage_temp_c,22.2884,0,2024-01-19T00:24:46
SR-0001067,W2401-0107,LIT-02,litho,humidity_pct,45.3159,0,2024-01-19T00:34:46
SR-0001068,W2401-0107,LIT-02,litho,humidity_pct,40.5451,0,2024-01-19T00:40:46
SR-0001069,W2401-0107,LIT-02,litho,dose_uniformity_pct,97.363,0,2024-01-19T00:47:46
SR-0001070,W2401-0107,LIT-02,litho,dose_uniformity_pct,99.0892,0,2024-01-19T00:58:46
SR-0001071,W2401-0108,ETCH-01,etch,etch_temp_c,179.1247,0,2024-01-19T03:51:23
SR-0001072,W2401-0108,ETCH-01,etch,etch_temp_c,172.6393,0,2024-01-19T03:59:23
SR-0001073,W2401-0108,ETCH-01,etch,etch_pressure_mtorr,7.6151,0,2024-01-19T04:07:23
SR-0001074,W2401-0108,ETCH-01,etch,etch_pressure_mtorr,7.7321,0,2024-01-19T04:15:23
SR-0001075,W2401-0108,ETCH-01,etch,rf_power_w,387.1103,0,2024-01-19T04:20:23
SR-0001076,W2401-0108,ETCH-01,etch,rf_power_w,354.3594,0,2024-01-19T04:29:23
SR-0001077,W2401-0108,ETCH-01,etch,gas_flow_sccm,48.1778,0,2024-01-19T04:38:23
SR-0001078,W2401-0108,ETCH-01,etch,gas_flow_sccm,47.8703,0,2024-01-19T04:46:23
SR-0001079,W2401-0108,ETCH-01,etch,endpoint_time_s,123.3397,0,2024-01-19T04:52:23
SR-0001080,W2401-0108,ETCH-01,etch,endpoint_time_s,126.419,0,2024-01-19T05:02:23
SR-0001081,W2401-0109,DIFF-01,diffusion,furnace_temp_c,949.1166,0,2024-01-19T07:51:52
SR-0001082,W2401-0109,DIFF-01,diffusion,furnace_temp_c,938.8168,0,2024-01-19T07:59:52
SR-0001083,W2401-0109,DIFF-01,diffusion,ramp_rate_c_min,9.3827,0,2024-01-19T08:08:52
SR-0001084,W2401-0109,DIFF-01,diffusion,ramp_rate_c_min,9.9241,0,2024-01-19T08:17:52
SR-0001085,W2401-0109,DIFF-01,diffusion,ambient_pressure_torr,757.5737,0,2024-01-19T08:26:52
SR-0001086,W2401-0109,DIFF-01,diffusion,ambient_pressure_torr,757.5791,0,2024-01-19T08:31:52
SR-0001087,W2401-0109,DIFF-01,diffusion,gas_ratio,1.9871,0,2024-01-19T08:40:52
SR-0001088,W2401-0109,DIFF-01,diffusion,gas_ratio,1.8379,0,2024-01-19T08:47:52
SR-0001089,W2401-0109,DIFF-01,diffusion,anneal_time_min,30.5668,0,2024-01-19T08:57:52
SR-0001090,W2401-0109,DIFF-01,diffusion,anneal_time_min,26.7202,0,2024-01-19T09:03:52
SR-0001091,W2401-0110,DIFF-02,diffusion,furnace_temp_c,942.9487,0,2024-01-19T12:19:23
SR-0001092,W2401-0110,DIFF-02,diffusion,furnace_temp_c,939.576,0,2024-01-19T12:26:23
SR-0001093,W2401-0110,DIFF-02,diffusion,ramp_rate_c_min,10.3097,0,2024-01-19T12:35:23
SR-0001094,W2401-0110,DIFF-02,diffusion,ramp_rate_c_min,9.1689,0,2024-01-19T12:42:23
SR-0001095,W2401-0110,DIFF-02,diffusion,ambient_pressure_torr,764.4039,0,2024-01-19T12:50:23
SR-0001096,W2401-0110,DIFF-02,diffusion,ambient_pressure_torr,761.527,0,2024-01-19T12:58:23
SR-0001097,W2401-0110,DIFF-02,diffusion,gas_ratio,2.1339,0,2024-01-19T13:06:23
SR-0001098,W2401-0110,DIFF-02,diffusion,gas_ratio,2.1049,0,2024-01-19T13:13:23
SR-0001099,W2401-0110,DIFF-02,diffusion,anneal_time_min,30.8523,0,2024-01-19T13:20:23
SR-0001100,W2401-0110,DIFF-02,diffusion,anneal_time_min,29.0777,0,2024-01-19T13:28:23
SR-0001101,W2401-0111,IMP-01,implant,beam_current_ma,9.6546,0,2024-01-19T16:32:47
SR-0001102,W2401-0111,IMP-01,implant,beam_current_ma,9.7408,0,2024-01-19T16:38:47
SR-0001103,W2401-0111,IMP-01,implant,beam_energy_kev,50.0996,0,2024-01-19T16:48:47
SR-0001104,W2401-0111,IMP-01,implant,beam_energy_kev,49.9644,0,2024-01-19T16:56:47
SR-0001105,W2401-0111,IMP-01,implant,scan_speed_mm_s,106.9153,0,2024-01-19T17:04:47
SR-0001106,W2401-0111,IMP-01,implant,scan_speed_mm_s,102.4222,0,2024-01-19T17:11:47
SR-0001107,W2401-0111,IMP-01,implant,dose_uniformity_pct,98.5217,0,2024-01-19T17:19:47
SR-0001108,W2401-0111,IMP-01,implant,dose_uniformity_pct,98.2404,0,2024-01-19T17:27:47
SR-0001109,W2401-0111,IMP-01,implant,tilt_angle_deg,6.8383,0,2024-01-19T17:36:47
SR-0001110,W2401-0111,IMP-01,implant,tilt_angle_deg,7.0298,0,2024-01-19T17:43:47
SR-0001111,W2401-0112,DIFF-01,diffusion,furnace_temp_c,946.4059,0,2024-01-19T20:10:13
SR-0001112,W2401-0112,DIFF-01,diffusion,furnace_temp_c,948.8434,0,2024-01-19T20:19:13
SR-0001113,W2401-0112,DIFF-01,diffusion,ramp_rate_c_min,10.1752,0,2024-01-19T20:27:13
SR-0001114,W2401-0112,DIFF-01,diffusion,ramp_rate_c_min,10.4373,0,2024-01-19T20:37:13
SR-0001115,W2401-0112,DIFF-01,diffusion,ambient_pressure_torr,757.1504,0,2024-01-19T20:45:13
SR-0001116,W2401-0112,DIFF-01,diffusion,ambient_pressure_torr,760.163,0,2024-01-19T20:51:13
SR-0001117,W2401-0112,DIFF-01,diffusion,gas_ratio,2.1074,0,2024-01-19T20:59:13
SR-0001118,W2401-0112,DIFF-01,diffusion,gas_ratio,1.8304,0,2024-01-19T21:06:13
SR-0001119,W2401-0112,DIFF-01,diffusion,anneal_time_min,28.1972,0,2024-01-19T21:16:13
SR-0001120,W2401-0112,DIFF-01,diffusion,anneal_time_min,30.0342,0,2024-01-19T21:23:13
SR-0001121,W2401-0113,ETCH-02,etch,etch_temp_c,173.5112,0,2024-01-20T00:11:24
SR-0001122,W2401-0113,ETCH-02,etch,etch_temp_c,172.9563,0,2024-01-20T00:17:24
SR-0001123,W2401-0113,ETCH-02,etch,etch_pressure_mtorr,8.2516,0,2024-01-20T00:27:24
SR-0001124,W2401-0113,ETCH-02,etch,etch_pressure_mtorr,7.7983,0,2024-01-20T00:34:24
SR-0001125,W2401-0113,ETCH-02,etch,rf_power_w,366.3669,0,2024-01-20T00:41:24
SR-0001126,W2401-0113,ETCH-02,etch,rf_power_w,364.2701,0,2024-01-20T00:50:24
SR-0001127,W2401-0113,ETCH-02,etch,gas_flow_sccm,49.5939,0,2024-01-20T00:59:24
SR-0001128,W2401-0113,ETCH-02,etch,gas_flow_sccm,48.7152,0,2024-01-20T01:04:24
SR-0001129,W2401-0113,ETCH-02,etch,endpoint_time_s,122.9411,0,2024-01-20T01:12:24
SR-0001130,W2401-0113,ETCH-02,etch,endpoint_time_s,126.1913,0,2024-01-20T01:23:24
SR-0001131,W2401-0114,LIT-03,litho,exposure_energy_mj,24.6479,0,2024-01-20T04:22:35
SR-0001132,W2401-0114,LIT-03,litho,exposure_energy_mj,24.7994,0,2024-01-20T04:28:35
SR-0001133,W2401-0114,LIT-03,litho,focus_offset_nm,1.3573,0,2024-01-20T04:38:35
SR-0001134,W2401-0114,LIT-03,litho,focus_offset_nm,-1.1267,0,2024-01-20T04:45:35
SR-0001135,W2401-0114,LIT-03,litho,stage_temp_c,21.8357,0,2024-01-20T04:53:35
SR-0001136,W2401-0114,LIT-03,litho,stage_temp_c,21.7014,0,2024-01-20T05:01:35
SR-0001137,W2401-0114,LIT-03,litho,humidity_pct,44.4355,0,2024-01-20T05:10:35
SR-0001138,W2401-0114,LIT-03,litho,humidity_pct,40.7148,0,2024-01-20T05:16:35
SR-0001139,W2401-0114,LIT-03,litho,dose_uniformity_pct,98.2797,0,2024-01-20T05:24:35
SR-0001140,W2401-0114,LIT-03,litho,dose_uniformity_pct,97.9821,0,2024-01-20T05:35:35
SR-0001141,W2401-0115,CMP-01,cmp,polish_pressure_psi,3.6292,0,2024-01-20T08:32:15
SR-0001142,W2401-0115,CMP-01,cmp,polish_pressure_psi,3.5312,0,2024-01-20T08:39:15
SR-0001143,W2401-0115,CMP-01,cmp,platen_speed_rpm,94.0059,0,2024-01-20T08:46:15
SR-0001144,W2401-0115,CMP-01,cmp,platen_speed_rpm,92.1717,0,2024-01-20T08:55:15
SR-0001145,W2401-0115,CMP-01,cmp,slurry_flow_ml_min,200.6516,0,2024-01-20T09:02:15
SR-0001146,W2401-0115,CMP-01,cmp,slurry_flow_ml_min,198.6835,0,2024-01-20T09:11:15
SR-0001147,W2401-0115,CMP-01,cmp,removal_rate_ang_min,1475.5928,0,2024-01-20T09:21:15
SR-0001148,W2401-0115,CMP-01,cmp,removal_rate_ang_min,1440.4826,0,2024-01-20T09:27:15
SR-0001149,W2401-0115,CMP-01,cmp,friction_coeff,0.2965,0,2024-01-20T09:34:15
SR-0001150,W2401-0115,CMP-01,cmp,friction_coeff,0.3423,0,2024-01-20T09:45:15
SR-0001151,W2401-0116,LIT-01,litho,exposure_energy_mj,24.6399,0,2024-01-20T12:54:46
SR-0001152,W2401-0116,LIT-01,litho,exposure_energy_mj,24.2722,0,2024-01-20T13:04:46
SR-0001153,W2401-0116,LIT-01,litho,focus_offset_nm,-3.4647,0,2024-01-20T13:13:46
SR-0001154,W2401-0116,LIT-01,litho,focus_offset_nm,-1.0541,0,2024-01-20T13:20:46
SR-0001155,W2401-0116,LIT-01,litho,stage_temp_c,21.7225,0,2024-01-20T13:28:46
SR-0001156,W2401-0116,LIT-01,litho,stage_temp_c,22.0412,0,2024-01-20T13:34:46
SR-0001157,W2401-0116,LIT-01,litho,humidity_pct,46.0009,0,2024-01-20T13:45:46
SR-0001158,W2401-0116,LIT-01,litho,humidity_pct,37.3822,0,2024-01-20T13:52:46
SR-0001159,W2401-0116,LIT-01,litho,dose_uniformity_pct,99.5694,0,2024-01-20T14:00:46
SR-0001160,W2401-0116,LIT-01,litho,dose_uniformity_pct,98.583,0,2024-01-20T14:07:46
SR-0001161,W2401-0117,LIT-02,litho,exposure_energy_mj,25.1705,0,2024-01-20T17:23:02
SR-0001162,W2401-0117,LIT-02,litho,exposure_energy_mj,25.2529,0,2024-01-20T17:29:02
SR-0001163,W2401-0117,LIT-02,litho,focus_offset_nm,2.0965,0,2024-01-20T17:39:02
SR-0001164,W2401-0117,LIT-02,litho,focus_offset_nm,0.5667,0,2024-01-20T17:47:02
SR-0001165,W2401-0117,LIT-02,litho,stage_temp_c,22.2815,0,2024-01-20T17:54:02
SR-0001166,W2401-0117,LIT-02,litho,stage_temp_c,22.062,0,2024-01-20T18:02:02
SR-0001167,W2401-0117,LIT-02,litho,humidity_pct,45.7056,0,2024-01-20T18:11:02
SR-0001168,W2401-0117,LIT-02,litho,humidity_pct,48.4961,0,2024-01-20T18:16:02
SR-0001169,W2401-0117,LIT-02,litho,dose_uniformity_pct,98.569,0,2024-01-20T18:24:02
SR-0001170,W2401-0117,LIT-02,litho,dose_uniformity_pct,98.2988,0,2024-01-20T18:34:02
SR-0001171,W2401-0118,DIFF-02,diffusion,furnace_temp_c,946.6171,0,2024-01-20T21:35:01
SR-0001172,W2401-0118,DIFF-02,diffusion,furnace_temp_c,944.6315,0,2024-01-20T21:43:01
SR-0001173,W2401-0118,DIFF-02,diffusion,ramp_rate_c_min,9.728,0,2024-01-20T21:51:01
SR-0001174,W2401-0118,DIFF-02,diffusion,ramp_rate_c_min,9.1128,0,2024-01-20T21:56:01
SR-0001175,W2401-0118,DIFF-02,diffusion,ambient_pressure_torr,761.5077,0,2024-01-20T22:05:01
SR-0001176,W2401-0118,DIFF-02,diffusion,ambient_pressure_torr,764.9648,0,2024-01-20T22:15:01
SR-0001177,W2401-0118,DIFF-02,diffusion,gas_ratio,2.0052,0,2024-01-20T22:20:01
SR-0001178,W2401-0118,DIFF-02,diffusion,gas_ratio,1.7867,0,2024-01-20T22:30:01
SR-0001179,W2401-0118,DIFF-02,diffusion,anneal_time_min,28.0823,0,2024-01-20T22:38:01
SR-0001180,W2401-0118,DIFF-02,diffusion,anneal_time_min,29.1596,0,2024-01-20T22:44:01
SR-0001181,W2401-0119,LIT-01,litho,exposure_energy_mj,24.5398,0,2024-01-21T01:48:05
SR-0001182,W2401-0119,LIT-01,litho,exposure_energy_mj,23.7568,0,2024-01-21T01:54:05
SR-0001183,W2401-0119,LIT-01,litho,focus_offset_nm,-1.0993,0,2024-01-21T02:05:05
SR-0001184,W2401-0119,LIT-01,litho,focus_offset_nm,0.1086,0,2024-01-21T02:11:05
SR-0001185,W2401-0119,LIT-01,litho,stage_temp_c,21.8348,0,2024-01-21T02:19:05
SR-0001186,W2401-0119,LIT-01,litho,stage_temp_c,21.5068,0,2024-01-21T02:27:05
SR-0001187,W2401-0119,LIT-01,litho,humidity_pct,42.3639,0,2024-01-21T02:36:05
SR-0001188,W2401-0119,LIT-01,litho,humidity_pct,42.8691,0,2024-01-21T02:44:05
SR-0001189,W2401-0119,LIT-01,litho,dose_uniformity_pct,97.4961,0,2024-01-21T02:53:05
SR-0001190,W2401-0119,LIT-01,litho,dose_uniformity_pct,99.1095,0,2024-01-21T02:59:05
SR-0001191,W2401-0120,IMP-02,implant,beam_current_ma,10.3597,0,2024-01-21T05:52:19
SR-0001192,W2401-0120,IMP-02,implant,beam_current_ma,10.1105,0,2024-01-21T06:00:19
SR-0001193,W2401-0120,IMP-02,implant,beam_energy_kev,50.1008,0,2024-01-21T06:10:19
SR-0001194,W2401-0120,IMP-02,implant,beam_energy_kev,47.2836,0,2024-01-21T06:17:19
SR-0001195,W2401-0120,IMP-02,implant,scan_speed_mm_s,105.7071,0,2024-01-21T06:26:19
SR-0001196,W2401-0120,IMP-02,implant,scan_speed_mm_s,90.7351,0,2024-01-21T06:34:19
SR-0001197,W2401-0120,IMP-02,implant,dose_uniformity_pct,98.2994,0,2024-01-21T06:39:19
SR-0001198,W2401-0120,IMP-02,implant,dose_uniformity_pct,98.6653,0,2024-01-21T06:47:19
SR-0001199,W2401-0120,IMP-02,implant,tilt_angle_deg,7.0157,0,2024-01-21T06:58:19
SR-0001200,W2401-0120,IMP-02,implant,tilt_angle_deg,7.2673,0,2024-01-21T07:06:19
SR-0001201,W2401-0121,DIFF-02,diffusion,furnace_temp_c,956.1337,0,2024-01-21T10:17:17
SR-0001202,W2401-0121,DIFF-02,diffusion,furnace_temp_c,949.7953,0,2024-01-21T10:24:17
SR-0001203,W2401-0121,DIFF-02,diffusion,ramp_rate_c_min,9.6364,0,2024-01-21T10:32:17
SR-0001204,W2401-0121,DIFF-02,diffusion,ramp_rate_c_min,9.9471,0,2024-01-21T10:40:17
SR-0001205,W2401-0121,DIFF-02,diffusion,ambient_pressure_torr,757.6925,0,2024-01-21T10:51:17
SR-0001206,W2401-0121,DIFF-02,diffusion,ambient_pressure_torr,762.3172,0,2024-01-21T10:57:17
SR-0001207,W2401-0121,DIFF-02,diffusion,gas_ratio,1.9236,0,2024-01-21T11:05:17
SR-0001208,W2401-0121,DIFF-02,diffusion,gas_ratio,2.1409,0,2024-01-21T11:14:17
SR-0001209,W2401-0121,DIFF-02,diffusion,anneal_time_min,30.2551,0,2024-01-21T11:20:17
SR-0001210,W2401-0121,DIFF-02,diffusion,anneal_time_min,28.8224,0,2024-01-21T11:28:17
SR-0001211,W2401-0122,DEP-02,deposition,dep_temp_c,300.8316,0,2024-01-21T14:14:29
SR-0001212,W2401-0122,DEP-02,deposition,dep_temp_c,305.0654,0,2024-01-21T14:23:29
SR-0001213,W2401-0122,DEP-02,deposition,dep_pressure_mtorr,5.2652,0,2024-01-21T14:30:29
SR-0001214,W2401-0122,DEP-02,deposition,dep_pressure_mtorr,5.1061,0,2024-01-21T14:41:29
SR-0001215,W2401-0122,DEP-02,deposition,rf_power_w,365.1059,0,2024-01-21T14:48:29
SR-0001216,W2401-0122,DEP-02,deposition,rf_power_w,396.5208,0,2024-01-21T14:55:29
SR-0001217,W2401-0122,DEP-02,deposition,precursor_flow_sccm,31.5672,0,2024-01-21T15:04:29
SR-0001218,W2401-0122,DEP-02,deposition,precursor_flow_sccm,31.3759,0,2024-01-21T15:10:29
SR-0001219,W2401-0122,DEP-02,deposition,film_thickness_nm,48.4802,0,2024-01-21T15:19:29
SR-0001220,W2401-0122,DEP-02,deposition,film_thickness_nm,49.7404,0,2024-01-21T15:27:29
SR-0001221,W2401-0123,IMP-02,implant,beam_current_ma,10.2179,0,2024-01-21T18:29:06
SR-0001222,W2401-0123,IMP-02,implant,beam_current_ma,10.2367,0,2024-01-21T18:35:06
SR-0001223,W2401-0123,IMP-02,implant,beam_energy_kev,51.6731,0,2024-01-21T18:45:06
SR-0001224,W2401-0123,IMP-02,implant,beam_energy_kev,50.1055,0,2024-01-21T18:51:06
SR-0001225,W2401-0123,IMP-02,implant,scan_speed_mm_s,106.5987,0,2024-01-21T18:58:06
SR-0001226,W2401-0123,IMP-02,implant,scan_speed_mm_s,101.8039,0,2024-01-21T19:09:06
SR-0001227,W2401-0123,IMP-02,implant,dose_uniformity_pct,97.8162,0,2024-01-21T19:15:06
SR-0001228,W2401-0123,IMP-02,implant,dose_uniformity_pct,99.0749,0,2024-01-21T19:22:06
SR-0001229,W2401-0123,IMP-02,implant,tilt_angle_deg,7.0227,0,2024-01-21T19:30:06
SR-0001230,W2401-0123,IMP-02,implant,tilt_angle_deg,7.0371,0,2024-01-21T19:40:06
SR-0001231,W2401-0124,DEP-01,deposition,dep_temp_c,301.9516,0,2024-01-21T22:04:23
SR-0001232,W2401-0124,DEP-01,deposition,dep_temp_c,296.9192,0,2024-01-21T22:12:23
SR-0001233,W2401-0124,DEP-01,deposition,dep_pressure_mtorr,4.5013,0,2024-01-21T22:18:23
SR-0001234,W2401-0124,DEP-01,deposition,dep_pressure_mtorr,5.1166,0,2024-01-21T22:28:23
SR-0001235,W2401-0124,DEP-01,deposition,rf_power_w,400.6284,0,2024-01-21T22:36:23
SR-0001236,W2401-0124,DEP-01,deposition,rf_power_w,380.6269,0,2024-01-21T22:41:23
SR-0001237,W2401-0124,DEP-01,deposition,precursor_flow_sccm,30.927,0,2024-01-21T22:50:23
SR-0001238,W2401-0124,DEP-01,deposition,precursor_flow_sccm,29.5776,0,2024-01-21T22:57:23
SR-0001239,W2401-0124,DEP-01,deposition,film_thickness_nm,48.653,0,2024-01-21T23:07:23
SR-0001240,W2401-0124,DEP-01,deposition,film_thickness_nm,49.9448,0,2024-01-21T23:14:23
SR-0001241,W2401-0125,CMP-01,cmp,polish_pressure_psi,3.5156,0,2024-01-22T02:24:33
SR-0001242,W2401-0125,CMP-01,cmp,polish_pressure_psi,3.6818,0,2024-01-22T02:31:33
SR-0001243,W2401-0125,CMP-01,cmp,platen_speed_rpm,94.1365,0,2024-01-22T02:41:33
SR-0001244,W2401-0125,CMP-01,cmp,platen_speed_rpm,99.568,0,2024-01-22T02:48:33
SR-0001245,W2401-0125,CMP-01,cmp,slurry_flow_ml_min,177.6605,0,2024-01-22T02:58:33
SR-0001246,W2401-0125,CMP-01,cmp,slurry_flow_ml_min,201.8696,0,2024-01-22T03:05:33
SR-0001247,W2401-0125,CMP-01,cmp,removal_rate_ang_min,1427.221,0,2024-01-22T03:11:33
SR-0001248,W2401-0125,CMP-01,cmp,removal_rate_ang_min,1530.9027,0,2024-01-22T03:22:33
SR-0001249,W2401-0125,CMP-01,cmp,friction_coeff,0.4002,0,2024-01-22T03:30:33
SR-0001250,W2401-0125,CMP-01,cmp,friction_coeff,0.37,0,2024-01-22T03:35:33
SR-0001251,W2401-0126,IMP-02,implant,beam_current_ma,10.6663,0,2024-01-22T06:15:15
SR-0001252,W2401-0126,IMP-02,implant,beam_current_ma,9.7487,0,2024-01-22T06:26:15
SR-0001253,W2401-0126,IMP-02,implant,beam_energy_kev,48.7063,0,2024-01-22T06:33:15
SR-0001254,W2401-0126,IMP-02,implant,beam_energy_kev,48.1725,0,2024-01-22T06:42:15
SR-0001255,W2401-0126,IMP-02,implant,scan_speed_mm_s,107.8041,0,2024-01-22T06:47:15
SR-0001256,W2401-0126,IMP-02,implant,scan_speed_mm_s,101.3006,0,2024-01-22T06:56:15
SR-0001257,W2401-0126,IMP-02,implant,dose_uniformity_pct,98.6001,0,2024-01-22T07:04:15
SR-0001258,W2401-0126,IMP-02,implant,dose_uniformity_pct,98.6274,0,2024-01-22T07:11:15
SR-0001259,W2401-0126,IMP-02,implant,tilt_angle_deg,6.7753,0,2024-01-22T07:19:15
SR-0001260,W2401-0126,IMP-02,implant,tilt_angle_deg,7.2527,0,2024-01-22T07:29:15
SR-0001261,W2401-0127,LIT-01,litho,exposure_energy_mj,24.5104,0,2024-01-22T10:05:32
SR-0001262,W2401-0127,LIT-01,litho,exposure_energy_mj,25.2378,0,2024-01-22T10:12:32
SR-0001263,W2401-0127,LIT-01,litho,focus_offset_nm,2.8517,0,2024-01-22T10:19:32
SR-0001264,W2401-0127,LIT-01,litho,focus_offset_nm,0.3217,0,2024-01-22T10:26:32
SR-0001265,W2401-0127,LIT-01,litho,stage_temp_c,21.8252,0,2024-01-22T10:35:32
SR-0001266,W2401-0127,LIT-01,litho,stage_temp_c,21.9689,0,2024-01-22T10:45:32
SR-0001267,W2401-0127,LIT-01,litho,humidity_pct,38.9592,0,2024-01-22T10:51:32
SR-0001268,W2401-0127,LIT-01,litho,humidity_pct,48.5621,0,2024-01-22T10:58:32
SR-0001269,W2401-0127,LIT-01,litho,dose_uniformity_pct,98.7956,0,2024-01-22T11:09:32
SR-0001270,W2401-0127,LIT-01,litho,dose_uniformity_pct,99.2031,0,2024-01-22T11:17:32
SR-0001271,W2401-0128,DEP-03,deposition,dep_temp_c,309.0576,0,2024-01-22T14:21:30
SR-0001272,W2401-0128,DEP-03,deposition,dep_temp_c,297.9428,0,2024-01-22T14:29:30
SR-0001273,W2401-0128,DEP-03,deposition,dep_pressure_mtorr,5.1056,0,2024-01-22T14:38:30
SR-0001274,W2401-0128,DEP-03,deposition,dep_pressure_mtorr,5.1993,0,2024-01-22T14:45:30
SR-0001275,W2401-0128,DEP-03,deposition,rf_power_w,378.4575,0,2024-01-22T14:52:30
SR-0001276,W2401-0128,DEP-03,deposition,rf_power_w,378.1315,0,2024-01-22T15:01:30
SR-0001277,W2401-0128,DEP-03,deposition,precursor_flow_sccm,29.5082,0,2024-01-22T15:08:30
SR-0001278,W2401-0128,DEP-03,deposition,precursor_flow_sccm,30.9906,0,2024-01-22T15:17:30
SR-0001279,W2401-0128,DEP-03,deposition,film_thickness_nm,49.1106,0,2024-01-22T15:26:30
SR-0001280,W2401-0128,DEP-03,deposition,film_thickness_nm,50.1575,0,2024-01-22T15:33:30
SR-0001281,W2401-0129,CMP-01,cmp,polish_pressure_psi,3.6643,0,2024-01-22T18:41:59
SR-0001282,W2401-0129,CMP-01,cmp,polish_pressure_psi,3.2762,0,2024-01-22T18:49:59
SR-0001283,W2401-0129,CMP-01,cmp,platen_speed_rpm,87.0101,0,2024-01-22T18:56:59
SR-0001284,W2401-0129,CMP-01,cmp,platen_speed_rpm,84.8379,0,2024-01-22T19:05:59
SR-0001285,W2401-0129,CMP-01,cmp,slurry_flow_ml_min,206.3986,0,2024-01-22T19:15:59
SR-0001286,W2401-0129,CMP-01,cmp,slurry_flow_ml_min,204.2056,0,2024-01-22T19:23:59
SR-0001287,W2401-0129,CMP-01,cmp,removal_rate_ang_min,1465.4371,0,2024-01-22T19:29:59
SR-0001288,W2401-0129,CMP-01,cmp,removal_rate_ang_min,1500.7271,0,2024-01-22T19:37:59
SR-0001289,W2401-0129,CMP-01,cmp,friction_coeff,0.382,0,2024-01-22T19:45:59
SR-0001290,W2401-0129,CMP-01,cmp,friction_coeff,0.4049,0,2024-01-22T19:55:59
SR-0001291,W2401-0130,DIFF-02,diffusion,furnace_temp_c,944.4868,0,2024-01-22T23:06:56
SR-0001292,W2401-0130,DIFF-02,diffusion,furnace_temp_c,955.4619,0,2024-01-22T23:14:56
SR-0001293,W2401-0130,DIFF-02,diffusion,ramp_rate_c_min,10.1405,0,2024-01-22T23:25:56
SR-0001294,W2401-0130,DIFF-02,diffusion,ramp_rate_c_min,9.4397,0,2024-01-22T23:30:56
SR-0001295,W2401-0130,DIFF-02,diffusion,ambient_pressure_torr,759.5561,0,2024-01-22T23:41:56
SR-0001296,W2401-0130,DIFF-02,diffusion,ambient_pressure_torr,759.1673,0,2024-01-22T23:46:56
SR-0001297,W2401-0130,DIFF-02,diffusion,gas_ratio,2.0012,0,2024-01-22T23:57:56
SR-0001298,W2401-0130,DIFF-02,diffusion,gas_ratio,2.0507,0,2024-01-23T00:04:56
SR-0001299,W2401-0130,DIFF-02,diffusion,anneal_time_min,29.6698,0,2024-01-23T00:11:56
SR-0001300,W2401-0130,DIFF-02,diffusion,anneal_time_min,29.4769,0,2024-01-23T00:21:56
SR-0001301,W2401-0131,ETCH-03,etch,etch_temp_c,173.953,0,2024-01-23T03:12:01
SR-0001302,W2401-0131,ETCH-03,etch,etch_temp_c,176.7506,0,2024-01-23T03:18:01
SR-0001303,W2401-0131,ETCH-03,etch,etch_pressure_mtorr,8.4715,0,2024-01-23T03:29:01
SR-0001304,W2401-0131,ETCH-03,etch,etch_pressure_mtorr,7.7339,0,2024-01-23T03:37:01
SR-0001305,W2401-0131,ETCH-03,etch,rf_power_w,381.8498,0,2024-01-23T03:43:01
SR-0001306,W2401-0131,ETCH-03,etch,rf_power_w,383.5761,0,2024-01-23T03:53:01
SR-0001307,W2401-0131,ETCH-03,etch,gas_flow_sccm,48.1361,0,2024-01-23T03:58:01
SR-0001308,W2401-0131,ETCH-03,etch,gas_flow_sccm,50.4896,0,2024-01-23T04:08:01
SR-0001309,W2401-0131,ETCH-03,etch,endpoint_time_s,118.5276,0,2024-01-23T04:14:01
SR-0001310,W2401-0131,ETCH-03,etch,endpoint_time_s,117.5874,0,2024-01-23T04:23:01
SR-0001311,W2401-0132,CMP-02,cmp,polish_pressure_psi,3.8202,0,2024-01-23T07:31:51
SR-0001312,W2401-0132,CMP-02,cmp,polish_pressure_psi,3.3685,0,2024-01-23T07:39:51
SR-0001313,W2401-0132,CMP-02,cmp,platen_speed_rpm,86.8949,0,2024-01-23T07:49:51
SR-0001314,W2401-0132,CMP-02,cmp,platen_speed_rpm,91.8488,0,2024-01-23T07:57:51
SR-0001315,W2401-0132,CMP-02,cmp,slurry_flow_ml_min,196.8612,0,2024-01-23T08:06:51
SR-0001316,W2401-0132,CMP-02,cmp,slurry_flow_ml_min,193.0104,0,2024-01-23T08:12:51
SR-0001317,W2401-0132,CMP-02,cmp,removal_rate_ang_min,1467.5379,0,2024-01-23T08:19:51
SR-0001318,W2401-0132,CMP-02,cmp,removal_rate_ang_min,1420.0254,0,2024-01-23T08:28:51
SR-0001319,W2401-0132,CMP-02,cmp,friction_coeff,0.3307,0,2024-01-23T08:37:51
SR-0001320,W2401-0132,CMP-02,cmp,friction_coeff,0.3511,0,2024-01-23T08:46:51
SR-0001321,W2401-0133,ETCH-02,etch,etch_temp_c,176.4692,0,2024-01-23T11:38:04
SR-0001322,W2401-0133,ETCH-02,etch,etch_temp_c,175.1012,0,2024-01-23T11:47:04
SR-0001323,W2401-0133,ETCH-02,etch,etch_pressure_mtorr,7.1544,0,2024-01-23T11:55:04
SR-0001324,W2401-0133,ETCH-02,etch,etch_pressure_mtorr,8.4742,0,2024-01-23T12:04:04
SR-0001325,W2401-0133,ETCH-02,etch,rf_power_w,369.3799,0,2024-01-23T12:11:04
SR-0001326,W2401-0133,ETCH-02,etch,rf_power_w,393.649,0,2024-01-23T12:20:04
SR-0001327,W2401-0133,ETCH-02,etch,gas_flow_sccm,50.6482,0,2024-01-23T12:28:04
SR-0001328,W2401-0133,ETCH-02,etch,gas_flow_sccm,46.2378,0,2024-01-23T12:36:04
SR-0001329,W2401-0133,ETCH-02,etch,endpoint_time_s,119.9143,0,2024-01-23T12:43:04
SR-0001330,W2401-0133,ETCH-02,etch,endpoint_time_s,115.4253,0,2024-01-23T12:49:04
SR-0001331,W2401-0134,CMP-02,cmp,polish_pressure_psi,3.557,0,2024-01-23T15:28:47
SR-0001332,W2401-0134,CMP-02,cmp,polish_pressure_psi,3.6722,0,2024-01-23T15:35:47
SR-0001333,W2401-0134,CMP-02,cmp,platen_speed_rpm,86.5244,0,2024-01-23T15:46:47
SR-0001334,W2401-0134,CMP-02,cmp,platen_speed_rpm,93.3051,0,2024-01-23T15:51:47
SR-0001335,W2401-0134,CMP-02,cmp,slurry_flow_ml_min,195.0658,0,2024-01-23T15:59:47
SR-0001336,W2401-0134,CMP-02,cmp,slurry_flow_ml_min,202.4876,0,2024-01-23T16:08:47
SR-0001337,W2401-0134,CMP-02,cmp,removal_rate_ang_min,1520.9608,0,2024-01-23T16:18:47
SR-0001338,W2401-0134,CMP-02,cmp,removal_rate_ang_min,1519.781,0,2024-01-23T16:23:47
SR-0001339,W2401-0134,CMP-02,cmp,friction_coeff,0.3664,0,2024-01-23T16:33:47
SR-0001340,W2401-0134,CMP-02,cmp,friction_coeff,0.3107,0,2024-01-23T16:40:47
SR-0001341,W2401-0135,DEP-03,deposition,dep_temp_c,303.7918,0,2024-01-23T19:47:19
SR-0001342,W2401-0135,DEP-03,deposition,dep_temp_c,296.9079,0,2024-01-23T19:52:19
SR-0001343,W2401-0135,DEP-03,deposition,dep_pressure_mtorr,5.2668,0,2024-01-23T20:02:19
SR-0001344,W2401-0135,DEP-03,deposition,dep_pressure_mtorr,5.0237,0,2024-01-23T20:09:19
SR-0001345,W2401-0135,DEP-03,deposition,rf_power_w,382.9373,0,2024-01-23T20:18:19
SR-0001346,W2401-0135,DEP-03,deposition,rf_power_w,368.3182,0,2024-01-23T20:26:19
SR-0001347,W2401-0135,DEP-03,deposition,precursor_flow_sccm,30.724,0,2024-01-23T20:35:19
SR-0001348,W2401-0135,DEP-03,deposition,precursor_flow_sccm,28.0698,0,2024-01-23T20:43:19
SR-0001349,W2401-0135,DEP-03,deposition,film_thickness_nm,49.1448,0,2024-01-23T20:51:19
SR-0001350,W2401-0135,DEP-03,deposition,film_thickness_nm,49.8227,0,2024-01-23T20:58:19
SR-0001351,W2401-0136,CMP-01,cmp,polish_pressure_psi,3.6003,0,2024-01-23T23:38:29
SR-0001352,W2401-0136,CMP-01,cmp,polish_pressure_psi,3.535,0,2024-01-23T23:47:29
SR-0001353,W2401-0136,CMP-01,cmp,platen_speed_rpm,86.5226,0,2024-01-23T23:55:29
SR-0001354,W2401-0136,CMP-01,cmp,platen_speed_rpm,90.1927,0,2024-01-24T00:03:29
SR-0001355,W2401-0136,CMP-01,cmp,slurry_flow_ml_min,196.9103,0,2024-01-24T00:11:29
SR-0001356,W2401-0136,CMP-01,cmp,slurry_flow_ml_min,194.1973,0,2024-01-24T00:18:29
SR-0001357,W2401-0136,CMP-01,cmp,removal_rate_ang_min,1508.2464,0,2024-01-24T00:27:29
SR-0001358,W2401-0136,CMP-01,cmp,removal_rate_ang_min,1512.8161,0,2024-01-24T00:34:29
SR-0001359,W2401-0136,CMP-01,cmp,friction_coeff,0.367,0,2024-01-24T00:42:29
SR-0001360,W2401-0136,CMP-01,cmp,friction_coeff,0.3507,0,2024-01-24T00:51:29
SR-0001361,W2401-0137,LIT-03,litho,exposure_energy_mj,25.1445,0,2024-01-24T03:14:30
SR-0001362,W2401-0137,LIT-03,litho,exposure_energy_mj,24.5524,0,2024-01-24T03:22:30
SR-0001363,W2401-0137,LIT-03,litho,focus_offset_nm,0.6974,0,2024-01-24T03:29:30
SR-0001364,W2401-0137,LIT-03,litho,focus_offset_nm,-2.7967,0,2024-01-24T03:38:30
SR-0001365,W2401-0137,LIT-03,litho,stage_temp_c,21.5233,0,2024-01-24T03:47:30
SR-0001366,W2401-0137,LIT-03,litho,stage_temp_c,21.4837,0,2024-01-24T03:55:30
SR-0001367,W2401-0137,LIT-03,litho,humidity_pct,47.601,0,2024-01-24T04:01:30
SR-0001368,W2401-0137,LIT-03,litho,humidity_pct,47.681,0,2024-01-24T04:12:30
SR-0001369,W2401-0137,LIT-03,litho,dose_uniformity_pct,98.2559,0,2024-01-24T04:18:30
SR-0001370,W2401-0137,LIT-03,litho,dose_uniformity_pct,99.5853,0,2024-01-24T04:26:30
SR-0001371,W2401-0138,IMP-01,implant,beam_current_ma,9.6306,0,2024-01-24T07:26:51
SR-0001372,W2401-0138,IMP-01,implant,beam_current_ma,10.6175,0,2024-01-24T07:36:51
SR-0001373,W2401-0138,IMP-01,implant,beam_energy_kev,49.5313,0,2024-01-24T07:44:51
SR-0001374,W2401-0138,IMP-01,implant,beam_energy_kev,48.3675,0,2024-01-24T07:51:51
SR-0001375,W2401-0138,IMP-01,implant,scan_speed_mm_s,100.6751,0,2024-01-24T08:01:51
SR-0001376,W2401-0138,IMP-01,implant,scan_speed_mm_s,98.7093,0,2024-01-24T08:09:51
SR-0001377,W2401-0138,IMP-01,implant,dose_uniformity_pct,98.7071,0,2024-01-24T08:14:51
SR-0001378,W2401-0138,IMP-01,implant,dose_uniformity_pct,98.9051,0,2024-01-24T08:24:51
SR-0001379,W2401-0138,IMP-01,implant,tilt_angle_deg,7.1944,0,2024-01-24T08:30:51
SR-0001380,W2401-0138,IMP-01,implant,tilt_angle_deg,6.6875,0,2024-01-24T08:41:51
SR-0001381,W2401-0139,IMP-01,implant,beam_current_ma,10.5555,0,2024-01-24T11:36:14
SR-0001382,W2401-0139,IMP-01,implant,beam_current_ma,10.1406,0,2024-01-24T11:43:14
SR-0001383,W2401-0139,IMP-01,implant,beam_energy_kev,50.3694,0,2024-01-24T11:51:14
SR-0001384,W2401-0139,IMP-01,implant,beam_energy_kev,50.6668,0,2024-01-24T11:59:14
SR-0001385,W2401-0139,IMP-01,implant,scan_speed_mm_s,91.6288,0,2024-01-24T12:06:14
SR-0001386,W2401-0139,IMP-01,implant,scan_speed_mm_s,108.4186,0,2024-01-24T12:14:14
SR-0001387,W2401-0139,IMP-01,implant,dose_uniformity_pct,98.9879,0,2024-01-24T12:25:14
SR-0001388,W2401-0139,IMP-01,implant,dose_uniformity_pct,98.6495,0,2024-01-24T12:30:14
SR-0001389,W2401-0139,IMP-01,implant,tilt_angle_deg,7.1644,0,2024-01-24T12:40:14
SR-0001390,W2401-0139,IMP-01,implant,tilt_angle_deg,6.7462,0,2024-01-24T12:49:14
SR-0001391,W2401-0140,IMP-02,implant,beam_current_ma,10.4761,0,2024-01-24T15:29:02
SR-0001392,W2401-0140,IMP-02,implant,beam_current_ma,9.9409,0,2024-01-24T15:37:02
SR-0001393,W2401-0140,IMP-02,implant,beam_energy_kev,50.2055,0,2024-01-24T15:45:02
SR-0001394,W2401-0140,IMP-02,implant,beam_energy_kev,49.2247,0,2024-01-24T15:51:02
SR-0001395,W2401-0140,IMP-02,implant,scan_speed_mm_s,105.0729,0,2024-01-24T16:00:02
SR-0001396,W2401-0140,IMP-02,implant,scan_speed_mm_s,99.2483,0,2024-01-24T16:10:02
SR-0001397,W2401-0140,IMP-02,implant,dose_uniformity_pct,97.9633,0,2024-01-24T16:18:02
SR-0001398,W2401-0140,IMP-02,implant,dose_uniformity_pct,98.2825,0,2024-01-24T16:26:02
SR-0001399,W2401-0140,IMP-02,implant,tilt_angle_deg,7.3514,0,2024-01-24T16:34:02
SR-0001400,W2401-0140,IMP-02,implant,tilt_angle_deg,7.1701,0,2024-01-24T16:39:02
SR-0001401,W2401-0141,IMP-01,implant,beam_current_ma,10.5113,0,2024-01-24T19:53:18
SR-0001402,W2401-0141,IMP-01,implant,beam_current_ma,10.1487,0,2024-01-24T20:02:18
SR-0001403,W2401-0141,IMP-01,implant,beam_energy_kev,52.1898,0,2024-01-24T20:08:18
SR-0001404,W2401-0141,IMP-01,implant,beam_energy_kev,52.4409,0,2024-01-24T20:19:18
SR-0001405,W2401-0141,IMP-01,implant,scan_speed_mm_s,97.2749,0,2024-01-24T20:24:18
SR-0001406,W2401-0141,IMP-01,implant,scan_speed_mm_s,107.1294,0,2024-01-24T20:34:18
SR-0001407,W2401-0141,IMP-01,implant,dose_uniformity_pct,98.5297,0,2024-01-24T20:43:18
SR-0001408,W2401-0141,IMP-01,implant,dose_uniformity_pct,98.7531,0,2024-01-24T20:49:18
SR-0001409,W2401-0141,IMP-01,implant,tilt_angle_deg,7.1984,0,2024-01-24T20:57:18
SR-0001410,W2401-0141,IMP-01,implant,tilt_angle_deg,7.0768,0,2024-01-24T21:07:18
SR-0001411,W2401-0142,CMP-01,cmp,polish_pressure_psi,3.6805,0,2024-01-25T00:07:55
SR-0001412,W2401-0142,CMP-01,cmp,polish_pressure_psi,3.5749,0,2024-01-25T00:17:55
SR-0001413,W2401-0142,CMP-01,cmp,platen_speed_rpm,86.196,0,2024-01-25T00:26:55
SR-0001414,W2401-0142,CMP-01,cmp,platen_speed_rpm,84.8032,0,2024-01-25T00:31:55
SR-0001415,W2401-0142,CMP-01,cmp,slurry_flow_ml_min,195.9391,0,2024-01-25T00:39:55
SR-0001416,W2401-0142,CMP-01,cmp,slurry_flow_ml_min,204.7917,0,2024-01-25T00:50:55
SR-0001417,W2401-0142,CMP-01,cmp,removal_rate_ang_min,1534.7932,0,2024-01-25T00:55:55
SR-0001418,W2401-0142,CMP-01,cmp,removal_rate_ang_min,1439.971,0,2024-01-25T01:06:55
SR-0001419,W2401-0142,CMP-01,cmp,friction_coeff,0.2978,0,2024-01-25T01:12:55
SR-0001420,W2401-0142,CMP-01,cmp,friction_coeff,0.3043,0,2024-01-25T01:20:55
SR-0001421,W2401-0143,CMP-01,cmp,polish_pressure_psi,3.5156,0,2024-01-25T03:55:31
SR-0001422,W2401-0143,CMP-01,cmp,polish_pressure_psi,3.6179,0,2024-01-25T04:03:31
SR-0001423,W2401-0143,CMP-01,cmp,platen_speed_rpm,92.7461,0,2024-01-25T04:13:31
SR-0001424,W2401-0143,CMP-01,cmp,platen_speed_rpm,84.3631,0,2024-01-25T04:21:31
SR-0001425,W2401-0143,CMP-01,cmp,slurry_flow_ml_min,193.7035,0,2024-01-25T04:30:31
SR-0001426,W2401-0143,CMP-01,cmp,slurry_flow_ml_min,218.2267,0,2024-01-25T04:37:31
SR-0001427,W2401-0143,CMP-01,cmp,removal_rate_ang_min,1485.1304,0,2024-01-25T04:43:31
SR-0001428,W2401-0143,CMP-01,cmp,removal_rate_ang_min,1516.8001,0,2024-01-25T04:51:31
SR-0001429,W2401-0143,CMP-01,cmp,friction_coeff,0.3352,0,2024-01-25T05:00:31
SR-0001430,W2401-0143,CMP-01,cmp,friction_coeff,0.3239,0,2024-01-25T05:08:31
SR-0001431,W2401-0144,ETCH-01,etch,etch_temp_c,180.5767,0,2024-01-25T07:52:15
SR-0001432,W2401-0144,ETCH-01,etch,etch_temp_c,176.2404,0,2024-01-25T08:01:15
SR-0001433,W2401-0144,ETCH-01,etch,etch_pressure_mtorr,8.3412,0,2024-01-25T08:08:15
SR-0001434,W2401-0144,ETCH-01,etch,etch_pressure_mtorr,8.3959,0,2024-01-25T08:14:15
SR-0001435,W2401-0144,ETCH-01,etch,rf_power_w,383.7536,0,2024-01-25T08:23:15
SR-0001436,W2401-0144,ETCH-01,etch,rf_power_w,380.9842,0,2024-01-25T08:30:15
SR-0001437,W2401-0144,ETCH-01,etch,gas_flow_sccm,48.7342,0,2024-01-25T08:39:15
SR-0001438,W2401-0144,ETCH-01,etch,gas_flow_sccm,46.0934,0,2024-01-25T08:48:15
SR-0001439,W2401-0144,ETCH-01,etch,endpoint_time_s,117.248,0,2024-01-25T08:56:15
SR-0001440,W2401-0144,ETCH-01,etch,endpoint_time_s,116.9873,0,2024-01-25T09:02:15
SR-0001441,W2401-0145,ETCH-02,etch,etch_temp_c,170.7907,0,2024-01-25T11:36:42
SR-0001442,W2401-0145,ETCH-02,etch,etch_temp_c,175.2149,0,2024-01-25T11:44:42
SR-0001443,W2401-0145,ETCH-02,etch,etch_pressure_mtorr,7.9278,0,2024-01-25T11:52:42
SR-0001444,W2401-0145,ETCH-02,etch,etch_pressure_mtorr,8.0928,0,2024-01-25T11:59:42
SR-0001445,W2401-0145,ETCH-02,etch,rf_power_w,364.7943,0,2024-01-25T12:06:42
SR-0001446,W2401-0145,ETCH-02,etch,rf_power_w,383.5579,0,2024-01-25T12:15:42
SR-0001447,W2401-0145,ETCH-02,etch,gas_flow_sccm,52.3183,0,2024-01-25T12:22:42
SR-0001448,W2401-0145,ETCH-02,etch,gas_flow_sccm,46.1352,0,2024-01-25T12:30:42
SR-0001449,W2401-0145,ETCH-02,etch,endpoint_time_s,125.5235,0,2024-01-25T12:39:42
SR-0001450,W2401-0145,ETCH-02,etch,endpoint_time_s,125.0651,0,2024-01-25T12:48:42
SR-0001451,W2401-0146,CMP-02,cmp,polish_pressure_psi,3.3942,0,2024-01-25T15:34:16
SR-0001452,W2401-0146,CMP-02,cmp,polish_pressure_psi,3.6387,0,2024-01-25T15:42:16
SR-0001453,W2401-0146,CMP-02,cmp,platen_speed_rpm,94.1397,0,2024-01-25T15:49:16
SR-0001454,W2401-0146,CMP-02,cmp,platen_speed_rpm,89.6988,0,2024-01-25T15:56:16
SR-0001455,W2401-0146,CMP-02,cmp,slurry_flow_ml_min,197.6605,0,2024-01-25T16:05:16
SR-0001456,W2401-0146,CMP-02,cmp,slurry_flow_ml_min,210.6286,0,2024-01-25T16:13:16
SR-0001457,W2401-0146,CMP-02,cmp,removal_rate_ang_min,1555.6835,0,2024-01-25T16:22:16
SR-0001458,W2401-0146,CMP-02,cmp,removal_rate_ang_min,1518.6353,0,2024-01-25T16:28:16
SR-0001459,W2401-0146,CMP-02,cmp,friction_coeff,0.3612,0,2024-01-25T16:39:16
SR-0001460,W2401-0146,CMP-02,cmp,friction_coeff,0.3309,0,2024-01-25T16:44:16
SR-0001461,W2401-0147,IMP-02,implant,beam_current_ma,9.1844,0,2024-01-25T19:37:31
SR-0001462,W2401-0147,IMP-02,implant,beam_current_ma,10.13,0,2024-01-25T19:45:31
SR-0001463,W2401-0147,IMP-02,implant,beam_energy_kev,46.6746,0,2024-01-25T19:54:31
SR-0001464,W2401-0147,IMP-02,implant,beam_energy_kev,52.7661,0,2024-01-25T20:01:31
SR-0001465,W2401-0147,IMP-02,implant,scan_speed_mm_s,105.5628,0,2024-01-25T20:12:31
SR-0001466,W2401-0147,IMP-02,implant,scan_speed_mm_s,102.8016,0,2024-01-25T20:17:31
SR-0001467,W2401-0147,IMP-02,implant,dose_uniformity_pct,98.7595,0,2024-01-25T20:27:31
SR-0001468,W2401-0147,IMP-02,implant,dose_uniformity_pct,98.0852,0,2024-01-25T20:33:31
SR-0001469,W2401-0147,IMP-02,implant,tilt_angle_deg,6.7087,0,2024-01-25T20:42:31
SR-0001470,W2401-0147,IMP-02,implant,tilt_angle_deg,6.8861,0,2024-01-25T20:51:31
SR-0001471,W2401-0148,CMP-01,cmp,polish_pressure_psi,3.4301,0,2024-01-25T23:19:28
SR-0001472,W2401-0148,CMP-01,cmp,polish_pressure_psi,3.8255,0,2024-01-25T23:29:28
SR-0001473,W2401-0148,CMP-01,cmp,platen_speed_rpm,95.221,0,2024-01-25T23:37:28
SR-0001474,W2401-0148,CMP-01,cmp,platen_speed_rpm,84.1135,0,2024-01-25T23:44:28
SR-0001475,W2401-0148,CMP-01,cmp,slurry_flow_ml_min,215.7413,0,2024-01-25T23:51:28
SR-0001476,W2401-0148,CMP-01,cmp,slurry_flow_ml_min,210.6723,0,2024-01-25T23:59:28
SR-0001477,W2401-0148,CMP-01,cmp,removal_rate_ang_min,1538.3131,0,2024-01-26T00:08:28
SR-0001478,W2401-0148,CMP-01,cmp,removal_rate_ang_min,1472.4879,0,2024-01-26T00:16:28
SR-0001479,W2401-0148,CMP-01,cmp,friction_coeff,0.2743,0,2024-01-26T00:23:28
SR-0001480,W2401-0148,CMP-01,cmp,friction_coeff,0.3635,0,2024-01-26T00:32:28
SR-0001481,W2401-0149,LIT-03,litho,exposure_energy_mj,24.9623,0,2024-01-26T03:52:02
SR-0001482,W2401-0149,LIT-03,litho,exposure_energy_mj,24.5542,0,2024-01-26T04:00:02
SR-0001483,W2401-0149,LIT-03,litho,focus_offset_nm,1.9853,0,2024-01-26T04:05:02
SR-0001484,W2401-0149,LIT-03,litho,focus_offset_nm,0.7882,0,2024-01-26T04:16:02
SR-0001485,W2401-0149,LIT-03,litho,stage_temp_c,22.1698,0,2024-01-26T04:24:02
SR-0001486,W2401-0149,LIT-03,litho,stage_temp_c,22.032,0,2024-01-26T04:29:02
SR-0001487,W2401-0149,LIT-03,litho,humidity_pct,47.1017,0,2024-01-26T04:39:02
SR-0001488,W2401-0149,LIT-03,litho,humidity_pct,46.0346,0,2024-01-26T04:46:02
SR-0001489,W2401-0149,LIT-03,litho,dose_uniformity_pct,98.6695,0,2024-01-26T04:56:02
SR-0001490,W2401-0149,LIT-03,litho,dose_uniformity_pct,98.5602,0,2024-01-26T05:01:02
SR-0001491,W2401-0150,DIFF-02,diffusion,furnace_temp_c,942.2134,0,2024-01-26T07:19:31
SR-0001492,W2401-0150,DIFF-02,diffusion,furnace_temp_c,948.8312,0,2024-01-26T07:29:31
SR-0001493,W2401-0150,DIFF-02,diffusion,ramp_rate_c_min,10.2187,0,2024-01-26T07:38:31
SR-0001494,W2401-0150,DIFF-02,diffusion,ramp_rate_c_min,9.6508,0,2024-01-26T07:46:31
SR-0001495,W2401-0150,DIFF-02,diffusion,ambient_pressure_torr,758.9799,0,2024-01-26T07:52:31
SR-0001496,W2401-0150,DIFF-02,diffusion,ambient_pressure_torr,758.4369,0,2024-01-26T08:02:31
SR-0001497,W2401-0150,DIFF-02,diffusion,gas_ratio,1.9725,0,2024-01-26T08:08:31
SR-0001498,W2401-0150,DIFF-02,diffusion,gas_ratio,2.1319,0,2024-01-26T08:18:31
SR-0001499,W2401-0150,DIFF-02,diffusion,anneal_time_min,26.6758,0,2024-01-26T08:25:31
SR-0001500,W2401-0150,DIFF-02,diffusion,anneal_time_min,33.1379,0,2024-01-26T08:34:31
SR-0001501,W2401-0151,IMP-01,implant,beam_current_ma,11.6481,0,2024-01-26T11:27:43
SR-0001502,W2401-0151,IMP-01,implant,beam_current_ma,9.5163,0,2024-01-26T11:35:43
SR-0001503,W2401-0151,IMP-01,implant,beam_energy_kev,51.4742,0,2024-01-26T11:43:43
SR-0001504,W2401-0151,IMP-01,implant,beam_energy_kev,51.2566,0,2024-01-26T11:51:43
SR-0001505,W2401-0151,IMP-01,implant,scan_speed_mm_s,103.9654,0,2024-01-26T12:00:43
SR-0001506,W2401-0151,IMP-01,implant,scan_speed_mm_s,112.4879,0,2024-01-26T12:09:43
SR-0001507,W2401-0151,IMP-01,implant,dose_uniformity_pct,99.0377,0,2024-01-26T12:16:43
SR-0001508,W2401-0151,IMP-01,implant,dose_uniformity_pct,97.2355,0,2024-01-26T12:23:43
SR-0001509,W2401-0151,IMP-01,implant,tilt_angle_deg,6.6564,0,2024-01-26T12:32:43
SR-0001510,W2401-0151,IMP-01,implant,tilt_angle_deg,7.169,0,2024-01-26T12:41:43
SR-0001511,W2401-0152,LIT-03,litho,exposure_energy_mj,24.3164,0,2024-01-26T15:18:15
SR-0001512,W2401-0152,LIT-03,litho,exposure_energy_mj,25.0356,0,2024-01-26T15:27:15
SR-0001513,W2401-0152,LIT-03,litho,focus_offset_nm,-3.5909,0,2024-01-26T15:34:15
SR-0001514,W2401-0152,LIT-03,litho,focus_offset_nm,-2.6879,0,2024-01-26T15:43:15
SR-0001515,W2401-0152,LIT-03,litho,stage_temp_c,22.0411,0,2024-01-26T15:51:15
SR-0001516,W2401-0152,LIT-03,litho,stage_temp_c,21.8874,0,2024-01-26T15:59:15
SR-0001517,W2401-0152,LIT-03,litho,humidity_pct,44.8786,0,2024-01-26T16:04:15
SR-0001518,W2401-0152,LIT-03,litho,humidity_pct,47.5024,0,2024-01-26T16:13:15
SR-0001519,W2401-0152,LIT-03,litho,dose_uniformity_pct,98.9026,0,2024-01-26T16:21:15
SR-0001520,W2401-0152,LIT-03,litho,dose_uniformity_pct,99.3039,0,2024-01-26T16:28:15
SR-0001521,W2401-0153,ETCH-01,etch,etch_temp_c,175.9114,0,2024-01-26T19:34:06
SR-0001522,W2401-0153,ETCH-01,etch,etch_temp_c,171.4969,0,2024-01-26T19:42:06
SR-0001523,W2401-0153,ETCH-01,etch,etch_pressure_mtorr,6.7966,0,2024-01-26T19:49:06
SR-0001524,W2401-0153,ETCH-01,etch,etch_pressure_mtorr,8.4002,0,2024-01-26T19:55:06
SR-0001525,W2401-0153,ETCH-01,etch,rf_power_w,397.1355,0,2024-01-26T20:03:06
SR-0001526,W2401-0153,ETCH-01,etch,rf_power_w,370.3671,0,2024-01-26T20:14:06
SR-0001527,W2401-0153,ETCH-01,etch,gas_flow_sccm,47.9454,0,2024-01-26T20:22:06
SR-0001528,W2401-0153,ETCH-01,etch,gas_flow_sccm,50.8763,0,2024-01-26T20:30:06
SR-0001529,W2401-0153,ETCH-01,etch,endpoint_time_s,127.032,0,2024-01-26T20:37:06
SR-0001530,W2401-0153,ETCH-01,etch,endpoint_time_s,111.2168,0,2024-01-26T20:43:06
SR-0001531,W2401-0154,ETCH-02,etch,etch_temp_c,173.5605,0,2024-01-26T23:32:57
SR-0001532,W2401-0154,ETCH-02,etch,etch_temp_c,181.1688,0,2024-01-26T23:40:57
SR-0001533,W2401-0154,ETCH-02,etch,etch_pressure_mtorr,7.9399,0,2024-01-26T23:51:57
SR-0001534,W2401-0154,ETCH-02,etch,etch_pressure_mtorr,7.0688,0,2024-01-26T23:59:57
SR-0001535,W2401-0154,ETCH-02,etch,rf_power_w,389.0546,0,2024-01-27T00:07:57
SR-0001536,W2401-0154,ETCH-02,etch,rf_power_w,389.1207,0,2024-01-27T00:14:57
SR-0001537,W2401-0154,ETCH-02,etch,gas_flow_sccm,50.2797,0,2024-01-27T00:21:57
SR-0001538,W2401-0154,ETCH-02,etch,gas_flow_sccm,48.9266,0,2024-01-27T00:31:57
SR-0001539,W2401-0154,ETCH-02,etch,endpoint_time_s,120.1438,0,2024-01-27T00:39:57
SR-0001540,W2401-0154,ETCH-02,etch,endpoint_time_s,120.5702,0,2024-01-27T00:47:57
SR-0001541,W2401-0155,ETCH-01,etch,etch_temp_c,171.1236,0,2024-01-27T03:12:52
SR-0001542,W2401-0155,ETCH-01,etch,etch_temp_c,169.1785,0,2024-01-27T03:17:52
SR-0001543,W2401-0155,ETCH-01,etch,etch_pressure_mtorr,8.148,0,2024-01-27T03:28:52
SR-0001544,W2401-0155,ETCH-01,etch,etch_pressure_mtorr,7.9438,0,2024-01-27T03:36:52
SR-0001545,W2401-0155,ETCH-01,etch,rf_power_w,399.9881,0,2024-01-27T03:43:52
SR-0001546,W2401-0155,ETCH-01,etch,rf_power_w,381.2678,0,2024-01-27T03:49:52
SR-0001547,W2401-0155,ETCH-01,etch,gas_flow_sccm,48.3725,0,2024-01-27T03:57:52
SR-0001548,W2401-0155,ETCH-01,etch,gas_flow_sccm,49.1171,0,2024-01-27T04:07:52
SR-0001549,W2401-0155,ETCH-01,etch,endpoint_time_s,118.5902,0,2024-01-27T04:15:52
SR-0001550,W2401-0155,ETCH-01,etch,endpoint_time_s,122.4204,0,2024-01-27T04:23:52
SR-0001551,W2401-0156,LIT-02,litho,exposure_energy_mj,24.3836,0,2024-01-27T07:40:54
SR-0001552,W2401-0156,LIT-02,litho,exposure_energy_mj,25.3767,0,2024-01-27T07:47:54
SR-0001553,W2401-0156,LIT-02,litho,focus_offset_nm,1.0568,0,2024-01-27T07:56:54
SR-0001554,W2401-0156,LIT-02,litho,focus_offset_nm,-1.7486,0,2024-01-27T08:02:54
SR-0001555,W2401-0156,LIT-02,litho,stage_temp_c,22.2367,0,2024-01-27T08:10:54
SR-0001556,W2401-0156,LIT-02,litho,stage_temp_c,21.8399,0,2024-01-27T08:17:54
SR-0001557,W2401-0156,LIT-02,litho,humidity_pct,41.7765,0,2024-01-27T08:27:54
SR-0001558,W2401-0156,LIT-02,litho,humidity_pct,46.3768,0,2024-01-27T08:35:54
SR-0001559,W2401-0156,LIT-02,litho,dose_uniformity_pct,98.7009,0,2024-01-27T08:41:54
SR-0001560,W2401-0156,LIT-02,litho,dose_uniformity_pct,97.5323,0,2024-01-27T08:52:54
SR-0001561,W2401-0157,DIFF-02,diffusion,furnace_temp_c,952.4257,0,2024-01-27T11:50:16
SR-0001562,W2401-0157,DIFF-02,diffusion,furnace_temp_c,955.5855,0,2024-01-27T11:56:16
SR-0001563,W2401-0157,DIFF-02,diffusion,ramp_rate_c_min,10.072,0,2024-01-27T12:06:16
SR-0001564,W2401-0157,DIFF-02,diffusion,ramp_rate_c_min,9.6423,0,2024-01-27T12:12:16
SR-0001565,W2401-0157,DIFF-02,diffusion,ambient_pressure_torr,761.3824,0,2024-01-27T12:23:16
SR-0001566,W2401-0157,DIFF-02,diffusion,ambient_pressure_torr,762.4256,0,2024-01-27T12:30:16
SR-0001567,W2401-0157,DIFF-02,diffusion,gas_ratio,2.0882,0,2024-01-27T12:39:16
SR-0001568,W2401-0157,DIFF-02,diffusion,gas_ratio,1.8299,0,2024-01-27T12:46:16
SR-0001569,W2401-0157,DIFF-02,diffusion,anneal_time_min,29.9408,0,2024-01-27T12:53:16
SR-0001570,W2401-0157,DIFF-02,diffusion,anneal_time_min,28.573,0,2024-01-27T13:03:16
SR-0001571,W2401-0158,LIT-03,litho,exposure_energy_mj,24.6862,0,2024-01-27T15:59:46
SR-0001572,W2401-0158,LIT-03,litho,exposure_energy_mj,24.0308,0,2024-01-27T16:06:46
SR-0001573,W2401-0158,LIT-03,litho,focus_offset_nm,0.0743,0,2024-01-27T16:15:46
SR-0001574,W2401-0158,LIT-03,litho,focus_offset_nm,-0.1452,0,2024-01-27T16:25:46
SR-0001575,W2401-0158,LIT-03,litho,stage_temp_c,22.0607,0,2024-01-27T16:31:46
SR-0001576,W2401-0158,LIT-03,litho,stage_temp_c,21.643,0,2024-01-27T16:38:46
SR-0001577,W2401-0158,LIT-03,litho,humidity_pct,39.6741,0,2024-01-27T16:48:46
SR-0001578,W2401-0158,LIT-03,litho,humidity_pct,44.4327,0,2024-01-27T16:57:46
SR-0001579,W2401-0158,LIT-03,litho,dose_uniformity_pct,99.1395,0,2024-01-27T17:05:46
SR-0001580,W2401-0158,LIT-03,litho,dose_uniformity_pct,98.723,0,2024-01-27T17:12:46
SR-0001581,W2401-0159,IMP-02,implant,beam_current_ma,10.8627,0,2024-01-27T19:34:33
SR-0001582,W2401-0159,IMP-02,implant,beam_current_ma,9.4315,0,2024-01-27T19:41:33
SR-0001583,W2401-0159,IMP-02,implant,beam_energy_kev,51.0197,0,2024-01-27T19:51:33
SR-0001584,W2401-0159,IMP-02,implant,beam_energy_kev,47.7103,0,2024-01-27T19:59:33
SR-0001585,W2401-0159,IMP-02,implant,scan_speed_mm_s,104.0337,0,2024-01-27T20:05:33
SR-0001586,W2401-0159,IMP-02,implant,scan_speed_mm_s,105.1517,0,2024-01-27T20:13:33
SR-0001587,W2401-0159,IMP-02,implant,dose_uniformity_pct,98.0217,0,2024-01-27T20:23:33
SR-0001588,W2401-0159,IMP-02,implant,dose_uniformity_pct,98.7951,0,2024-01-27T20:31:33
SR-0001589,W2401-0159,IMP-02,implant,tilt_angle_deg,7.4979,0,2024-01-27T20:38:33
SR-0001590,W2401-0159,IMP-02,implant,tilt_angle_deg,7.2277,0,2024-01-27T20:47:33
SR-0001591,W2401-0160,DEP-02,deposition,dep_temp_c,297.6276,0,2024-01-27T23:10:56
SR-0001592,W2401-0160,DEP-02,deposition,dep_temp_c,295.2874,0,2024-01-27T23:19:56
SR-0001593,W2401-0160,DEP-02,deposition,dep_pressure_mtorr,4.9602,0,2024-01-27T23:27:56
SR-0001594,W2401-0160,DEP-02,deposition,dep_pressure_mtorr,5.267,0,2024-01-27T23:36:56
SR-0001595,W2401-0160,DEP-02,deposition,rf_power_w,398.493,0,2024-01-27T23:45:56
SR-0001596,W2401-0160,DEP-02,deposition,rf_power_w,354.8511,0,2024-01-27T23:50:56
SR-0001597,W2401-0160,DEP-02,deposition,precursor_flow_sccm,31.5902,0,2024-01-27T23:59:56
SR-0001598,W2401-0160,DEP-02,deposition,precursor_flow_sccm,30.6704,0,2024-01-28T00:08:56
SR-0001599,W2401-0160,DEP-02,deposition,film_thickness_nm,49.3509,0,2024-01-28T00:15:56
SR-0001600,W2401-0160,DEP-02,deposition,film_thickness_nm,49.9451,0,2024-01-28T00:25:56
SR-0001601,W2401-0161,IMP-02,implant,beam_current_ma,10.6774,0,2024-01-28T03:05:16
SR-0001602,W2401-0161,IMP-02,implant,beam_current_ma,10.2468,0,2024-01-28T03:13:16
SR-0001603,W2401-0161,IMP-02,implant,beam_energy_kev,50.8545,0,2024-01-28T03:22:16
SR-0001604,W2401-0161,IMP-02,implant,beam_energy_kev,47.5025,0,2024-01-28T03:31:16
SR-0001605,W2401-0161,IMP-02,implant,scan_speed_mm_s,101.4303,0,2024-01-28T03:39:16
SR-0001606,W2401-0161,IMP-02,implant,scan_speed_mm_s,99.1716,0,2024-01-28T03:45:16
SR-0001607,W2401-0161,IMP-02,implant,dose_uniformity_pct,98.3905,0,2024-01-28T03:54:16
SR-0001608,W2401-0161,IMP-02,implant,dose_uniformity_pct,98.7531,0,2024-01-28T04:02:16
SR-0001609,W2401-0161,IMP-02,implant,tilt_angle_deg,7.1169,0,2024-01-28T04:09:16
SR-0001610,W2401-0161,IMP-02,implant,tilt_angle_deg,6.9638,0,2024-01-28T04:19:16
SR-0001611,W2401-0162,DIFF-02,diffusion,furnace_temp_c,948.8434,0,2024-01-28T07:13:33
SR-0001612,W2401-0162,DIFF-02,diffusion,furnace_temp_c,960.0125,0,2024-01-28T07:23:33
SR-0001613,W2401-0162,DIFF-02,diffusion,ramp_rate_c_min,10.3628,0,2024-01-28T07:31:33
SR-0001614,W2401-0162,DIFF-02,diffusion,ramp_rate_c_min,10.7214,0,2024-01-28T07:40:33
SR-0001615,W2401-0162,DIFF-02,diffusion,ambient_pressure_torr,756.8156,0,2024-01-28T07:47:33
SR-0001616,W2401-0162,DIFF-02,diffusion,ambient_pressure_torr,758.0316,0,2024-01-28T07:56:33
SR-0001617,W2401-0162,DIFF-02,diffusion,gas_ratio,1.8164,0,2024-01-28T08:02:33
SR-0001618,W2401-0162,DIFF-02,diffusion,gas_ratio,2.0114,0,2024-01-28T08:09:33
SR-0001619,W2401-0162,DIFF-02,diffusion,anneal_time_min,32.5919,0,2024-01-28T08:19:33
SR-0001620,W2401-0162,DIFF-02,diffusion,anneal_time_min,29.1303,0,2024-01-28T08:25:33
SR-0001621,W2401-0163,DEP-01,deposition,dep_temp_c,300.0485,0,2024-01-28T11:12:14
SR-0001622,W2401-0163,DEP-01,deposition,dep_temp_c,296.8344,0,2024-01-28T11:21:14
SR-0001623,W2401-0163,DEP-01,deposition,dep_pressure_mtorr,5.3492,0,2024-01-28T11:27:14
SR-0001624,W2401-0163,DEP-01,deposition,dep_pressure_mtorr,5.1933,0,2024-01-28T11:34:14
SR-0001625,W2401-0163,DEP-01,deposition,rf_power_w,375.8526,0,2024-01-28T11:43:14
SR-0001626,W2401-0163,DEP-01,deposition,rf_power_w,382.6873,0,2024-01-28T11:53:14
SR-0001627,W2401-0163,DEP-01,deposition,precursor_flow_sccm,31.1714,0,2024-01-28T12:00:14
SR-0001628,W2401-0163,DEP-01,deposition,precursor_flow_sccm,30.3315,0,2024-01-28T12:08:14
SR-0001629,W2401-0163,DEP-01,deposition,film_thickness_nm,49.7426,0,2024-01-28T12:14:14
SR-0001630,W2401-0163,DEP-01,deposition,film_thickness_nm,49.574,0,2024-01-28T12:23:14
SR-0001631,W2401-0164,LIT-02,litho,exposure_energy_mj,25.4799,0,2024-01-28T15:14:54
SR-0001632,W2401-0164,LIT-02,litho,exposure_energy_mj,25.8541,0,2024-01-28T15:22:54
SR-0001633,W2401-0164,LIT-02,litho,focus_offset_nm,-3.2313,0,2024-01-28T15:31:54
SR-0001634,W2401-0164,LIT-02,litho,focus_offset_nm,-0.7945,0,2024-01-28T15:36:54
SR-0001635,W2401-0164,LIT-02,litho,stage_temp_c,21.6374,0,2024-01-28T15:44:54
SR-0001636,W2401-0164,LIT-02,litho,stage_temp_c,22.1602,0,2024-01-28T15:52:54
SR-0001637,W2401-0164,LIT-02,litho,humidity_pct,41.2901,0,2024-01-28T16:01:54
SR-0001638,W2401-0164,LIT-02,litho,humidity_pct,44.9446,0,2024-01-28T16:10:54
SR-0001639,W2401-0164,LIT-02,litho,dose_uniformity_pct,98.9927,0,2024-01-28T16:16:54
SR-0001640,W2401-0164,LIT-02,litho,dose_uniformity_pct,98.1416,0,2024-01-28T16:27:54
SR-0001641,W2401-0165,IMP-01,implant,beam_current_ma,9.9201,0,2024-01-28T19:35:21
SR-0001642,W2401-0165,IMP-01,implant,beam_current_ma,11.2708,0,2024-01-28T19:42:21
SR-0001643,W2401-0165,IMP-01,implant,beam_energy_kev,50.2514,0,2024-01-28T19:50:21
SR-0001644,W2401-0165,IMP-01,implant,beam_energy_kev,53.1379,0,2024-01-28T19:57:21
SR-0001645,W2401-0165,IMP-01,implant,scan_speed_mm_s,104.9958,0,2024-01-28T20:06:21
SR-0001646,W2401-0165,IMP-01,implant,scan_speed_mm_s,102.5892,0,2024-01-28T20:15:21
SR-0001647,W2401-0165,IMP-01,implant,dose_uniformity_pct,99.5187,0,2024-01-28T20:22:21
SR-0001648,W2401-0165,IMP-01,implant,dose_uniformity_pct,99.1199,0,2024-01-28T20:31:21
SR-0001649,W2401-0165,IMP-01,implant,tilt_angle_deg,6.7656,0,2024-01-28T20:36:21
SR-0001650,W2401-0165,IMP-01,implant,tilt_angle_deg,6.9877,0,2024-01-28T20:47:21
SR-0001651,W2401-0166,ETCH-03,etch,etch_temp_c,176.2119,0,2024-01-28T23:52:34
SR-0001652,W2401-0166,ETCH-03,etch,etch_temp_c,174.4382,0,2024-01-28T23:59:34
SR-0001653,W2401-0166,ETCH-03,etch,etch_pressure_mtorr,6.8614,0,2024-01-29T00:08:34
SR-0001654,W2401-0166,ETCH-03,etch,etch_pressure_mtorr,8.6622,0,2024-01-29T00:14:34
SR-0001655,W2401-0166,ETCH-03,etch,rf_power_w,360.5684,0,2024-01-29T00:23:34
SR-0001656,W2401-0166,ETCH-03,etch,rf_power_w,366.0418,0,2024-01-29T00:31:34
SR-0001657,W2401-0166,ETCH-03,etch,gas_flow_sccm,49.9259,0,2024-01-29T00:40:34
SR-0001658,W2401-0166,ETCH-03,etch,gas_flow_sccm,48.8563,0,2024-01-29T00:46:34
SR-0001659,W2401-0166,ETCH-03,etch,endpoint_time_s,112.0254,0,2024-01-29T00:56:34
SR-0001660,W2401-0166,ETCH-03,etch,endpoint_time_s,120.6894,0,2024-01-29T01:04:34
SR-0001661,W2401-0167,DEP-01,deposition,dep_temp_c,297.3848,0,2024-01-29T03:55:45
SR-0001662,W2401-0167,DEP-01,deposition,dep_temp_c,296.9963,0,2024-01-29T04:02:45
SR-0001663,W2401-0167,DEP-01,deposition,dep_pressure_mtorr,4.8122,0,2024-01-29T04:10:45
SR-0001664,W2401-0167,DEP-01,deposition,dep_pressure_mtorr,5.1979,0,2024-01-29T04:19:45
SR-0001665,W2401-0167,DEP-01,deposition,rf_power_w,395.1316,0,2024-01-29T04:29:45
SR-0001666,W2401-0167,DEP-01,deposition,rf_power_w,383.4836,0,2024-01-29T04:37:45
SR-0001667,W2401-0167,DEP-01,deposition,precursor_flow_sccm,28.7311,0,2024-01-29T04:43:45
SR-0001668,W2401-0167,DEP-01,deposition,precursor_flow_sccm,29.8466,0,2024-01-29T04:52:45
SR-0001669,W2401-0167,DEP-01,deposition,film_thickness_nm,51.5217,0,2024-01-29T05:00:45
SR-0001670,W2401-0167,DEP-01,deposition,film_thickness_nm,50.328,0,2024-01-29T05:07:45
SR-0001671,W2401-0168,ETCH-03,etch,etch_temp_c,177.944,0,2024-01-29T07:44:23
SR-0001672,W2401-0168,ETCH-03,etch,etch_temp_c,180.1497,0,2024-01-29T07:50:23
SR-0001673,W2401-0168,ETCH-03,etch,etch_pressure_mtorr,7.1566,0,2024-01-29T07:57:23
SR-0001674,W2401-0168,ETCH-03,etch,etch_pressure_mtorr,9.0729,0,2024-01-29T08:06:23
SR-0001675,W2401-0168,ETCH-03,etch,rf_power_w,369.1174,0,2024-01-29T08:13:23
SR-0001676,W2401-0168,ETCH-03,etch,rf_power_w,389.8405,0,2024-01-29T08:22:23
SR-0001677,W2401-0168,ETCH-03,etch,gas_flow_sccm,49.7848,0,2024-01-29T08:29:23
SR-0001678,W2401-0168,ETCH-03,etch,gas_flow_sccm,48.2793,0,2024-01-29T08:39:23
SR-0001679,W2401-0168,ETCH-03,etch,endpoint_time_s,123.0829,0,2024-01-29T08:46:23
SR-0001680,W2401-0168,ETCH-03,etch,endpoint_time_s,124.0588,0,2024-01-29T08:53:23
SR-0001681,W2401-0169,ETCH-03,etch,etch_temp_c,176.5254,0,2024-01-29T11:19:18
SR-0001682,W2401-0169,ETCH-03,etch,etch_temp_c,174.3711,0,2024-01-29T11:30:18
SR-0001683,W2401-0169,ETCH-03,etch,etch_pressure_mtorr,7.476,0,2024-01-29T11:38:18
SR-0001684,W2401-0169,ETCH-03,etch,etch_pressure_mtorr,8.5814,0,2024-01-29T11:44:18
SR-0001685,W2401-0169,ETCH-03,etch,rf_power_w,396.0747,0,2024-01-29T11:53:18
SR-0001686,W2401-0169,ETCH-03,etch,rf_power_w,375.8623,0,2024-01-29T12:00:18
SR-0001687,W2401-0169,ETCH-03,etch,gas_flow_sccm,52.2689,0,2024-01-29T12:10:18
SR-0001688,W2401-0169,ETCH-03,etch,gas_flow_sccm,51.6775,0,2024-01-29T12:17:18
SR-0001689,W2401-0169,ETCH-03,etch,endpoint_time_s,114.6862,0,2024-01-29T12:24:18
SR-0001690,W2401-0169,ETCH-03,etch,endpoint_time_s,115.5358,0,2024-01-29T12:32:18
SR-0001691,W2401-0170,ETCH-03,etch,etch_temp_c,176.5093,0,2024-01-29T14:59:45
SR-0001692,W2401-0170,ETCH-03,etch,etch_temp_c,174.416,0,2024-01-29T15:10:45
SR-0001693,W2401-0170,ETCH-03,etch,etch_pressure_mtorr,8.3772,0,2024-01-29T15:16:45
SR-0001694,W2401-0170,ETCH-03,etch,etch_pressure_mtorr,7.4815,0,2024-01-29T15:26:45
SR-0001695,W2401-0170,ETCH-03,etch,rf_power_w,396.6391,0,2024-01-29T15:31:45
SR-0001696,W2401-0170,ETCH-03,etch,rf_power_w,388.0037,0,2024-01-29T15:41:45
SR-0001697,W2401-0170,ETCH-03,etch,gas_flow_sccm,50.0693,0,2024-01-29T15:50:45
SR-0001698,W2401-0170,ETCH-03,etch,gas_flow_sccm,48.7782,0,2024-01-29T15:58:45
SR-0001699,W2401-0170,ETCH-03,etch,endpoint_time_s,112.7101,0,2024-01-29T16:05:45
SR-0001700,W2401-0170,ETCH-03,etch,endpoint_time_s,125.7199,0,2024-01-29T16:11:45
SR-0001701,W2401-0171,DIFF-01,diffusion,furnace_temp_c,952.827,0,2024-01-29T18:58:39
SR-0001702,W2401-0171,DIFF-01,diffusion,furnace_temp_c,955.121,0,2024-01-29T19:06:39
SR-0001703,W2401-0171,DIFF-01,diffusion,ramp_rate_c_min,9.7632,0,2024-01-29T19:12:39
SR-0001704,W2401-0171,DIFF-01,diffusion,ramp_rate_c_min,10.5922,0,2024-01-29T19:23:39
SR-0001705,W2401-0171,DIFF-01,diffusion,ambient_pressure_torr,760.0798,0,2024-01-29T19:30:39
SR-0001706,W2401-0171,DIFF-01,diffusion,ambient_pressure_torr,762.9536,0,2024-01-29T19:37:39
SR-0001707,W2401-0171,DIFF-01,diffusion,gas_ratio,1.979,0,2024-01-29T19:44:39
SR-0001708,W2401-0171,DIFF-01,diffusion,gas_ratio,1.9321,0,2024-01-29T19:55:39
SR-0001709,W2401-0171,DIFF-01,diffusion,anneal_time_min,29.2476,0,2024-01-29T20:02:39
SR-0001710,W2401-0171,DIFF-01,diffusion,anneal_time_min,30.7658,0,2024-01-29T20:10:39
SR-0001711,W2401-0172,IMP-02,implant,beam_current_ma,9.8154,0,2024-01-29T22:42:56
SR-0001712,W2401-0172,IMP-02,implant,beam_current_ma,10.1567,0,2024-01-29T22:47:56
SR-0001713,W2401-0172,IMP-02,implant,beam_energy_kev,50.7753,0,2024-01-29T22:56:56
SR-0001714,W2401-0172,IMP-02,implant,beam_energy_kev,44.6143,0,2024-01-29T23:05:56
SR-0001715,W2401-0172,IMP-02,implant,scan_speed_mm_s,100.0668,0,2024-01-29T23:13:56
SR-0001716,W2401-0172,IMP-02,implant,scan_speed_mm_s,103.6477,0,2024-01-29T23:21:56
SR-0001717,W2401-0172,IMP-02,implant,dose_uniformity_pct,98.3177,0,2024-01-29T23:29:56
SR-0001718,W2401-0172,IMP-02,implant,dose_uniformity_pct,97.9681,0,2024-01-29T23:36:56
SR-0001719,W2401-0172,IMP-02,implant,tilt_angle_deg,6.9772,0,2024-01-29T23:45:56
SR-0001720,W2401-0172,IMP-02,implant,tilt_angle_deg,6.9808,0,2024-01-29T23:52:56
SR-0001721,W2401-0173,CMP-02,cmp,polish_pressure_psi,3.2683,0,2024-01-30T02:37:02
SR-0001722,W2401-0173,CMP-02,cmp,polish_pressure_psi,3.6072,0,2024-01-30T02:43:02
SR-0001723,W2401-0173,CMP-02,cmp,platen_speed_rpm,90.9309,0,2024-01-30T02:51:02
SR-0001724,W2401-0173,CMP-02,cmp,platen_speed_rpm,93.7839,0,2024-01-30T03:01:02
SR-0001725,W2401-0173,CMP-02,cmp,slurry_flow_ml_min,201.7347,0,2024-01-30T03:09:02
SR-0001726,W2401-0173,CMP-02,cmp,slurry_flow_ml_min,215.8409,0,2024-01-30T03:17:02
SR-0001727,W2401-0173,CMP-02,cmp,removal_rate_ang_min,1570.7389,0,2024-01-30T03:22:02
SR-0001728,W2401-0173,CMP-02,cmp,removal_rate_ang_min,1360.1137,0,2024-01-30T03:33:02
SR-0001729,W2401-0173,CMP-02,cmp,friction_coeff,0.3823,0,2024-01-30T03:41:02
SR-0001730,W2401-0173,CMP-02,cmp,friction_coeff,0.292,0,2024-01-30T03:47:02
SR-0001731,W2401-0174,LIT-01,litho,exposure_energy_mj,25.0426,0,2024-01-30T06:23:22
SR-0001732,W2401-0174,LIT-01,litho,exposure_energy_mj,24.8023,0,2024-01-30T06:33:22
SR-0001733,W2401-0174,LIT-01,litho,focus_offset_nm,1.0942,0,2024-01-30T06:40:22
SR-0001734,W2401-0174,LIT-01,litho,focus_offset_nm,1.6942,0,2024-01-30T06:49:22
SR-0001735,W2401-0174,LIT-01,litho,stage_temp_c,21.7133,0,2024-01-30T06:56:22
SR-0001736,W2401-0174,LIT-01,litho,stage_temp_c,21.538,0,2024-01-30T07:04:22
SR-0001737,W2401-0174,LIT-01,litho,humidity_pct,40.9869,0,2024-01-30T07:14:22
SR-0001738,W2401-0174,LIT-01,litho,humidity_pct,46.9791,0,2024-01-30T07:22:22
SR-0001739,W2401-0174,LIT-01,litho,dose_uniformity_pct,98.3198,0,2024-01-30T07:27:22
SR-0001740,W2401-0174,LIT-01,litho,dose_uniformity_pct,98.5871,0,2024-01-30T07:35:22
SR-0001741,W2401-0175,CMP-02,cmp,polish_pressure_psi,3.4702,0,2024-01-30T10:15:52
SR-0001742,W2401-0175,CMP-02,cmp,polish_pressure_psi,3.1776,0,2024-01-30T10:20:52
SR-0001743,W2401-0175,CMP-02,cmp,platen_speed_rpm,98.2084,0,2024-01-30T10:30:52
SR-0001744,W2401-0175,CMP-02,cmp,platen_speed_rpm,91.1687,0,2024-01-30T10:39:52
SR-0001745,W2401-0175,CMP-02,cmp,slurry_flow_ml_min,203.383,0,2024-01-30T10:47:52
SR-0001746,W2401-0175,CMP-02,cmp,slurry_flow_ml_min,194.5178,0,2024-01-30T10:52:52
SR-0001747,W2401-0175,CMP-02,cmp,removal_rate_ang_min,1471.4076,0,2024-01-30T11:02:52
SR-0001748,W2401-0175,CMP-02,cmp,removal_rate_ang_min,1571.7482,0,2024-01-30T11:11:52
SR-0001749,W2401-0175,CMP-02,cmp,friction_coeff,0.3417,0,2024-01-30T11:18:52
SR-0001750,W2401-0175,CMP-02,cmp,friction_coeff,0.4679,0,2024-01-30T11:25:52
SR-0001751,W2401-0176,CMP-02,cmp,polish_pressure_psi,3.2305,0,2024-01-30T14:35:02
SR-0001752,W2401-0176,CMP-02,cmp,polish_pressure_psi,3.7349,0,2024-01-30T14:44:02
SR-0001753,W2401-0176,CMP-02,cmp,platen_speed_rpm,83.1908,0,2024-01-30T14:52:02
SR-0001754,W2401-0176,CMP-02,cmp,platen_speed_rpm,92.4584,0,2024-01-30T15:01:02
SR-0001755,W2401-0176,CMP-02,cmp,slurry_flow_ml_min,184.2461,0,2024-01-30T15:06:02
SR-0001756,W2401-0176,CMP-02,cmp,slurry_flow_ml_min,194.9609,0,2024-01-30T15:17:02
SR-0001757,W2401-0176,CMP-02,cmp,removal_rate_ang_min,1518.5831,0,2024-01-30T15:22:02
SR-0001758,W2401-0176,CMP-02,cmp,removal_rate_ang_min,1533.8835,0,2024-01-30T15:33:02
SR-0001759,W2401-0176,CMP-02,cmp,friction_coeff,0.3526,0,2024-01-30T15:41:02
SR-0001760,W2401-0176,CMP-02,cmp,friction_coeff,0.3391,0,2024-01-30T15:47:02
SR-0001761,W2401-0177,DEP-02,deposition,dep_temp_c,308.1559,0,2024-01-30T18:29:00
SR-0001762,W2401-0177,DEP-02,deposition,dep_temp_c,297.3013,0,2024-01-30T18:39:00
SR-0001763,W2401-0177,DEP-02,deposition,dep_pressure_mtorr,5.5143,0,2024-01-30T18:46:00
SR-0001764,W2401-0177,DEP-02,deposition,dep_pressure_mtorr,4.9147,0,2024-01-30T18:55:00
SR-0001765,W2401-0177,DEP-02,deposition,rf_power_w,415.7506,0,2024-01-30T19:04:00
SR-0001766,W2401-0177,DEP-02,deposition,rf_power_w,414.818,0,2024-01-30T19:12:00
SR-0001767,W2401-0177,DEP-02,deposition,precursor_flow_sccm,30.2847,0,2024-01-30T19:17:00
SR-0001768,W2401-0177,DEP-02,deposition,precursor_flow_sccm,30.1116,0,2024-01-30T19:26:00
SR-0001769,W2401-0177,DEP-02,deposition,film_thickness_nm,48.1762,0,2024-01-30T19:36:00
SR-0001770,W2401-0177,DEP-02,deposition,film_thickness_nm,49.699,0,2024-01-30T19:43:00
SR-0001771,W2401-0178,LIT-01,litho,exposure_energy_mj,24.8384,0,2024-01-30T22:57:23
SR-0001772,W2401-0178,LIT-01,litho,exposure_energy_mj,24.678,0,2024-01-30T23:03:23
SR-0001773,W2401-0178,LIT-01,litho,focus_offset_nm,-2.5855,0,2024-01-30T23:13:23
SR-0001774,W2401-0178,LIT-01,litho,focus_offset_nm,-2.8448,0,2024-01-30T23:18:23
SR-0001775,W2401-0178,LIT-01,litho,stage_temp_c,21.9508,0,2024-01-30T23:28:23
SR-0001776,W2401-0178,LIT-01,litho,stage_temp_c,21.9204,0,2024-01-30T23:37:23
SR-0001777,W2401-0178,LIT-01,litho,humidity_pct,45.2417,0,2024-01-30T23:44:23
SR-0001778,W2401-0178,LIT-01,litho,humidity_pct,45.9332,0,2024-01-30T23:52:23
SR-0001779,W2401-0178,LIT-01,litho,dose_uniformity_pct,98.7102,0,2024-01-30T23:59:23
SR-0001780,W2401-0178,LIT-01,litho,dose_uniformity_pct,98.0859,0,2024-01-31T00:06:23
SR-0001781,W2401-0179,ETCH-03,etch,etch_temp_c,174.637,0,2024-01-31T02:30:10
SR-0001782,W2401-0179,ETCH-03,etch,etch_temp_c,178.1256,0,2024-01-31T02:41:10
SR-0001783,W2401-0179,ETCH-03,etch,etch_pressure_mtorr,7.702,0,2024-01-31T02:49:10
SR-0001784,W2401-0179,ETCH-03,etch,etch_pressure_mtorr,8.6095,0,2024-01-31T02:56:10
SR-0001785,W2401-0179,ETCH-03,etch,rf_power_w,392.3398,0,2024-01-31T03:04:10
SR-0001786,W2401-0179,ETCH-03,etch,rf_power_w,379.8108,0,2024-01-31T03:10:10
SR-0001787,W2401-0179,ETCH-03,etch,gas_flow_sccm,50.8257,0,2024-01-31T03:18:10
SR-0001788,W2401-0179,ETCH-03,etch,gas_flow_sccm,49.8672,0,2024-01-31T03:27:10
SR-0001789,W2401-0179,ETCH-03,etch,endpoint_time_s,114.4353,0,2024-01-31T03:37:10
SR-0001790,W2401-0179,ETCH-03,etch,endpoint_time_s,124.9795,0,2024-01-31T03:44:10
SR-0001791,W2401-0180,DEP-03,deposition,dep_temp_c,301.4555,0,2024-01-31T06:42:22
SR-0001792,W2401-0180,DEP-03,deposition,dep_temp_c,295.2976,0,2024-01-31T06:51:22
SR-0001793,W2401-0180,DEP-03,deposition,dep_pressure_mtorr,4.8278,0,2024-01-31T06:58:22
SR-0001794,W2401-0180,DEP-03,deposition,dep_pressure_mtorr,4.6356,0,2024-01-31T07:05:22
SR-0001795,W2401-0180,DEP-03,deposition,rf_power_w,408.1815,0,2024-01-31T07:13:22
SR-0001796,W2401-0180,DEP-03,deposition,rf_power_w,389.8645,0,2024-01-31T07:22:22
SR-0001797,W2401-0180,DEP-03,deposition,precursor_flow_sccm,32.283,0,2024-01-31T07:28:22
SR-0001798,W2401-0180,DEP-03,deposition,precursor_flow_sccm,29.7391,0,2024-01-31T07:39:22
SR-0001799,W2401-0180,DEP-03,deposition,film_thickness_nm,50.0768,0,2024-01-31T07:44:22
SR-0001800,W2401-0180,DEP-03,deposition,film_thickness_nm,51.4554,0,2024-01-31T07:55:22
SR-0001801,W2401-0181,DEP-01,deposition,dep_temp_c,300.6097,0,2024-01-31T11:11:29
SR-0001802,W2401-0181,DEP-01,deposition,dep_temp_c,308.8205,0,2024-01-31T11:19:29
SR-0001803,W2401-0181,DEP-01,deposition,dep_pressure_mtorr,4.4277,0,2024-01-31T11:26:29
SR-0001804,W2401-0181,DEP-01,deposition,dep_pressure_mtorr,4.4042,0,2024-01-31T11:34:29
SR-0001805,W2401-0181,DEP-01,deposition,rf_power_w,352.5492,0,2024-01-31T11:43:29
SR-0001806,W2401-0181,DEP-01,deposition,rf_power_w,382.1625,0,2024-01-31T11:49:29
SR-0001807,W2401-0181,DEP-01,deposition,precursor_flow_sccm,29.3951,0,2024-01-31T11:56:29
SR-0001808,W2401-0181,DEP-01,deposition,precursor_flow_sccm,31.003,0,2024-01-31T12:05:29
SR-0001809,W2401-0181,DEP-01,deposition,film_thickness_nm,51.7141,0,2024-01-31T12:12:29
SR-0001810,W2401-0181,DEP-01,deposition,film_thickness_nm,50.3665,0,2024-01-31T12:21:29
SR-0001811,W2401-0182,DEP-03,deposition,dep_temp_c,306.9955,0,2024-01-31T14:54:56
SR-0001812,W2401-0182,DEP-03,deposition,dep_temp_c,305.4044,0,2024-01-31T15:00:56
SR-0001813,W2401-0182,DEP-03,deposition,dep_pressure_mtorr,4.5036,0,2024-01-31T15:07:56
SR-0001814,W2401-0182,DEP-03,deposition,dep_pressure_mtorr,4.8947,0,2024-01-31T15:18:56
SR-0001815,W2401-0182,DEP-03,deposition,rf_power_w,395.8883,0,2024-01-31T15:26:56
SR-0001816,W2401-0182,DEP-03,deposition,rf_power_w,388.9563,0,2024-01-31T15:32:56
SR-0001817,W2401-0182,DEP-03,deposition,precursor_flow_sccm,30.1235,0,2024-01-31T15:42:56
SR-0001818,W2401-0182,DEP-03,deposition,precursor_flow_sccm,31.6505,0,2024-01-31T15:50:56
SR-0001819,W2401-0182,DEP-03,deposition,film_thickness_nm,49.7458,0,2024-01-31T15:56:56
SR-0001820,W2401-0182,DEP-03,deposition,film_thickness_nm,50.3908,0,2024-01-31T16:06:56
SR-0001821,W2401-0183,CMP-01,cmp,polish_pressure_psi,3.7476,0,2024-01-31T19:07:41
SR-0001822,W2401-0183,CMP-01,cmp,polish_pressure_psi,3.4532,0,2024-01-31T19:18:41
SR-0001823,W2401-0183,CMP-01,cmp,platen_speed_rpm,92.0117,0,2024-01-31T19:26:41
SR-0001824,W2401-0183,CMP-01,cmp,platen_speed_rpm,94.7462,0,2024-01-31T19:33:41
SR-0001825,W2401-0183,CMP-01,cmp,slurry_flow_ml_min,186.6931,0,2024-01-31T19:39:41
SR-0001826,W2401-0183,CMP-01,cmp,slurry_flow_ml_min,188.4967,0,2024-01-31T19:50:41
SR-0001827,W2401-0183,CMP-01,cmp,removal_rate_ang_min,1504.5279,0,2024-01-31T19:56:41
SR-0001828,W2401-0183,CMP-01,cmp,removal_rate_ang_min,1486.3622,0,2024-01-31T20:06:41
SR-0001829,W2401-0183,CMP-01,cmp,friction_coeff,0.3141,0,2024-01-31T20:13:41
SR-0001830,W2401-0183,CMP-01,cmp,friction_coeff,0.3276,0,2024-01-31T20:22:41
SR-0001831,W2401-0184,DEP-01,deposition,dep_temp_c,298.7034,0,2024-01-31T22:59:14
SR-0001832,W2401-0184,DEP-01,deposition,dep_temp_c,305.1799,0,2024-01-31T23:06:14
SR-0001833,W2401-0184,DEP-01,deposition,dep_pressure_mtorr,5.2808,0,2024-01-31T23:15:14
SR-0001834,W2401-0184,DEP-01,deposition,dep_pressure_mtorr,4.9801,0,2024-01-31T23:22:14
SR-0001835,W2401-0184,DEP-01,deposition,rf_power_w,377.0897,0,2024-01-31T23:29:14
SR-0001836,W2401-0184,DEP-01,deposition,rf_power_w,364.1939,0,2024-01-31T23:37:14
SR-0001837,W2401-0184,DEP-01,deposition,precursor_flow_sccm,30.3093,0,2024-01-31T23:46:14
SR-0001838,W2401-0184,DEP-01,deposition,precursor_flow_sccm,32.5914,0,2024-01-31T23:55:14
SR-0001839,W2401-0184,DEP-01,deposition,film_thickness_nm,49.0746,0,2024-02-01T00:01:14
SR-0001840,W2401-0184,DEP-01,deposition,film_thickness_nm,51.1897,0,2024-02-01T00:11:14
SR-0001841,W2402-0185,LIT-01,litho,exposure_energy_mj,24.4633,0,2024-02-01T03:03:12
SR-0001842,W2402-0185,LIT-01,litho,exposure_energy_mj,25.3728,0,2024-02-01T03:10:12
SR-0001843,W2402-0185,LIT-01,litho,focus_offset_nm,-2.5925,0,2024-02-01T03:19:12
SR-0001844,W2402-0185,LIT-01,litho,focus_offset_nm,1.1868,0,2024-02-01T03:25:12
SR-0001845,W2402-0185,LIT-01,litho,stage_temp_c,21.6328,0,2024-02-01T03:34:12
SR-0001846,W2402-0185,LIT-01,litho,stage_temp_c,21.9691,0,2024-02-01T03:43:12
SR-0001847,W2402-0185,LIT-01,litho,humidity_pct,43.8137,0,2024-02-01T03:49:12
SR-0001848,W2402-0185,LIT-01,litho,humidity_pct,45.8108,0,2024-02-01T03:59:12
SR-0001849,W2402-0185,LIT-01,litho,dose_uniformity_pct,98.7583,0,2024-02-01T04:04:12
SR-0001850,W2402-0185,LIT-01,litho,dose_uniformity_pct,98.823,0,2024-02-01T04:15:12
SR-0001851,W2402-0186,DEP-01,deposition,dep_temp_c,288.4739,0,2024-02-01T06:54:47
SR-0001852,W2402-0186,DEP-01,deposition,dep_temp_c,300.6115,0,2024-02-01T07:00:47
SR-0001853,W2402-0186,DEP-01,deposition,dep_pressure_mtorr,5.381,0,2024-02-01T07:10:47
SR-0001854,W2402-0186,DEP-01,deposition,dep_pressure_mtorr,5.2066,0,2024-02-01T07:17:47
SR-0001855,W2402-0186,DEP-01,deposition,rf_power_w,370.4079,0,2024-02-01T07:25:47
SR-0001856,W2402-0186,DEP-01,deposition,rf_power_w,394.9641,0,2024-02-01T07:32:47
SR-0001857,W2402-0186,DEP-01,deposition,precursor_flow_sccm,27.1929,0,2024-02-01T07:40:47
SR-0001858,W2402-0186,DEP-01,deposition,precursor_flow_sccm,29.6135,0,2024-02-01T07:49:47
SR-0001859,W2402-0186,DEP-01,deposition,film_thickness_nm,50.4191,0,2024-02-01T07:56:47
SR-0001860,W2402-0186,DEP-01,deposition,film_thickness_nm,48.9321,0,2024-02-01T08:06:47
SR-0001861,W2402-0187,LIT-01,litho,exposure_energy_mj,24.7809,0,2024-02-01T11:08:04
SR-0001862,W2402-0187,LIT-01,litho,exposure_energy_mj,25.1041,0,2024-02-01T11:16:04
SR-0001863,W2402-0187,LIT-01,litho,focus_offset_nm,-3.404,0,2024-02-01T11:23:04
SR-0001864,W2402-0187,LIT-01,litho,focus_offset_nm,2.4613,0,2024-02-01T11:30:04
SR-0001865,W2402-0187,LIT-01,litho,stage_temp_c,21.676,0,2024-02-01T11:38:04
SR-0001866,W2402-0187,LIT-01,litho,stage_temp_c,22.1922,0,2024-02-01T11:49:04
SR-0001867,W2402-0187,LIT-01,litho,humidity_pct,43.5677,0,2024-02-01T11:54:04
SR-0001868,W2402-0187,LIT-01,litho,humidity_pct,50.1674,0,2024-02-01T12:02:04
SR-0001869,W2402-0187,LIT-01,litho,dose_uniformity_pct,98.3617,0,2024-02-01T12:10:04
SR-0001870,W2402-0187,LIT-01,litho,dose_uniformity_pct,98.198,0,2024-02-01T12:18:04
SR-0001871,W2402-0188,CMP-02,cmp,polish_pressure_psi,3.4945,0,2024-02-01T15:03:40
SR-0001872,W2402-0188,CMP-02,cmp,polish_pressure_psi,3.5991,0,2024-02-01T15:12:40
SR-0001873,W2402-0188,CMP-02,cmp,platen_speed_rpm,88.4493,0,2024-02-01T15:21:40
SR-0001874,W2402-0188,CMP-02,cmp,platen_speed_rpm,90.4411,0,2024-02-01T15:26:40
SR-0001875,W2402-0188,CMP-02,cmp,slurry_flow_ml_min,188.2864,0,2024-02-01T15:35:40
SR-0001876,W2402-0188,CMP-02,cmp,slurry_flow_ml_min,194.5619,0,2024-02-01T15:43:40
SR-0001877,W2402-0188,CMP-02,cmp,removal_rate_ang_min,1463.9781,0,2024-02-01T15:50:40
SR-0001878,W2402-0188,CMP-02,cmp,removal_rate_ang_min,1531.2196,0,2024-02-01T16:01:40
SR-0001879,W2402-0188,CMP-02,cmp,friction_coeff,0.3237,0,2024-02-01T16:06:40
SR-0001880,W2402-0188,CMP-02,cmp,friction_coeff,0.3516,0,2024-02-01T16:16:40
SR-0001881,W2402-0189,DEP-02,deposition,dep_temp_c,309.0962,0,2024-02-01T18:47:36
SR-0001882,W2402-0189,DEP-02,deposition,dep_temp_c,297.8905,0,2024-02-01T18:55:36
SR-0001883,W2402-0189,DEP-02,deposition,dep_pressure_mtorr,4.996,0,2024-02-01T19:04:36
SR-0001884,W2402-0189,DEP-02,deposition,dep_pressure_mtorr,4.7158,0,2024-02-01T19:10:36
SR-0001885,W2402-0189,DEP-02,deposition,rf_power_w,397.0357,0,2024-02-01T19:20:36
SR-0001886,W2402-0189,DEP-02,deposition,rf_power_w,381.8941,0,2024-02-01T19:28:36
SR-0001887,W2402-0189,DEP-02,deposition,precursor_flow_sccm,29.2048,0,2024-02-01T19:36:36
SR-0001888,W2402-0189,DEP-02,deposition,precursor_flow_sccm,32.7896,0,2024-02-01T19:43:36
SR-0001889,W2402-0189,DEP-02,deposition,film_thickness_nm,48.9473,0,2024-02-01T19:49:36
SR-0001890,W2402-0189,DEP-02,deposition,film_thickness_nm,48.3956,0,2024-02-01T19:57:36
SR-0001891,W2402-0190,LIT-01,litho,exposure_energy_mj,25.3027,0,2024-02-01T22:47:13
SR-0001892,W2402-0190,LIT-01,litho,exposure_energy_mj,24.733,0,2024-02-01T22:56:13
SR-0001893,W2402-0190,LIT-01,litho,focus_offset_nm,1.7229,0,2024-02-01T23:06:13
SR-0001894,W2402-0190,LIT-01,litho,focus_offset_nm,3.1263,0,2024-02-01T23:12:13
SR-0001895,W2402-0190,LIT-01,litho,stage_temp_c,22.1271,0,2024-02-01T23:19:13
SR-0001896,W2402-0190,LIT-01,litho,stage_temp_c,22.5541,0,2024-02-01T23:29:13
SR-0001897,W2402-0190,LIT-01,litho,humidity_pct,43.8294,0,2024-02-01T23:38:13
SR-0001898,W2402-0190,LIT-01,litho,humidity_pct,41.2985,0,2024-02-01T23:45:13
SR-0001899,W2402-0190,LIT-01,litho,dose_uniformity_pct,98.9365,0,2024-02-01T23:53:13
SR-0001900,W2402-0190,LIT-01,litho,dose_uniformity_pct,98.553,0,2024-02-02T00:01:13
SR-0001901,W2402-0191,DEP-01,deposition,dep_temp_c,299.66,0,2024-02-02T02:21:30
SR-0001902,W2402-0191,DEP-01,deposition,dep_temp_c,298.3299,0,2024-02-02T02:29:30
SR-0001903,W2402-0191,DEP-01,deposition,dep_pressure_mtorr,4.6896,0,2024-02-02T02:39:30
SR-0001904,W2402-0191,DEP-01,deposition,dep_pressure_mtorr,4.7967,0,2024-02-02T02:47:30
SR-0001905,W2402-0191,DEP-01,deposition,rf_power_w,350.3264,0,2024-02-02T02:53:30
SR-0001906,W2402-0191,DEP-01,deposition,rf_power_w,384.6148,0,2024-02-02T03:02:30
SR-0001907,W2402-0191,DEP-01,deposition,precursor_flow_sccm,29.5719,0,2024-02-02T03:11:30
SR-0001908,W2402-0191,DEP-01,deposition,precursor_flow_sccm,29.6163,0,2024-02-02T03:17:30
SR-0001909,W2402-0191,DEP-01,deposition,film_thickness_nm,48.3785,0,2024-02-02T03:26:30
SR-0001910,W2402-0191,DEP-01,deposition,film_thickness_nm,50.2705,0,2024-02-02T03:34:30
SR-0001911,W2402-0192,ETCH-01,etch,etch_temp_c,178.4991,0,2024-02-02T06:22:20
SR-0001912,W2402-0192,ETCH-01,etch,etch_temp_c,175.0784,0,2024-02-02T06:28:20
SR-0001913,W2402-0192,ETCH-01,etch,etch_pressure_mtorr,7.705,0,2024-02-02T06:38:20
SR-0001914,W2402-0192,ETCH-01,etch,etch_pressure_mtorr,8.0469,0,2024-02-02T06:47:20
SR-0001915,W2402-0192,ETCH-01,etch,rf_power_w,405.8376,0,2024-02-02T06:52:20
SR-0001916,W2402-0192,ETCH-01,etch,rf_power_w,376.7478,0,2024-02-02T07:02:20
SR-0001917,W2402-0192,ETCH-01,etch,gas_flow_sccm,46.1853,0,2024-02-02T07:10:20
SR-0001918,W2402-0192,ETCH-01,etch,gas_flow_sccm,52.395,0,2024-02-02T07:16:20
SR-0001919,W2402-0192,ETCH-01,etch,endpoint_time_s,125.8988,0,2024-02-02T07:27:20
SR-0001920,W2402-0192,ETCH-01,etch,endpoint_time_s,117.575,0,2024-02-02T07:35:20
SR-0001921,W2402-0193,LIT-02,litho,exposure_energy_mj,25.7802,0,2024-02-02T10:34:34
SR-0001922,W2402-0193,LIT-02,litho,exposure_energy_mj,25.8995,0,2024-02-02T10:41:34
SR-0001923,W2402-0193,LIT-02,litho,focus_offset_nm,-0.3869,0,2024-02-02T10:50:34
SR-0001924,W2402-0193,LIT-02,litho,focus_offset_nm,-0.9023,0,2024-02-02T10:57:34
SR-0001925,W2402-0193,LIT-02,litho,stage_temp_c,22.2825,0,2024-02-02T11:07:34
SR-0001926,W2402-0193,LIT-02,litho,stage_temp_c,21.8503,0,2024-02-02T11:14:34
SR-0001927,W2402-0193,LIT-02,litho,humidity_pct,44.7211,0,2024-02-02T11:21:34
SR-0001928,W2402-0193,LIT-02,litho,humidity_pct,46.2552,0,2024-02-02T11:28:34
SR-0001929,W2402-0193,LIT-02,litho,dose_uniformity_pct,98.0753,0,2024-02-02T11:37:34
SR-0001930,W2402-0193,LIT-02,litho,dose_uniformity_pct,98.2759,0,2024-02-02T11:44:34
SR-0001931,W2402-0194,DIFF-02,diffusion,furnace_temp_c,940.8831,0,2024-02-02T14:07:14
SR-0001932,W2402-0194,DIFF-02,diffusion,furnace_temp_c,959.6838,0,2024-02-02T14:18:14
SR-0001933,W2402-0194,DIFF-02,diffusion,ramp_rate_c_min,10.3989,0,2024-02-02T14:24:14
SR-0001934,W2402-0194,DIFF-02,diffusion,ramp_rate_c_min,9.5471,0,2024-02-02T14:34:14
SR-0001935,W2402-0194,DIFF-02,diffusion,ambient_pressure_torr,760.6372,0,2024-02-02T14:42:14
SR-0001936,W2402-0194,DIFF-02,diffusion,ambient_pressure_torr,761.8383,0,2024-02-02T14:50:14
SR-0001937,W2402-0194,DIFF-02,diffusion,gas_ratio,1.9046,0,2024-02-02T14:58:14
SR-0001938,W2402-0194,DIFF-02,diffusion,gas_ratio,1.9091,0,2024-02-02T15:06:14
SR-0001939,W2402-0194,DIFF-02,diffusion,anneal_time_min,25.4919,0,2024-02-02T15:12:14
SR-0001940,W2402-0194,DIFF-02,diffusion,anneal_time_min,30.6426,0,2024-02-02T15:22:14
SR-0001941,W2402-0195,LIT-02,litho,exposure_energy_mj,25.2054,0,2024-02-02T17:55:36
SR-0001942,W2402-0195,LIT-02,litho,exposure_energy_mj,25.5879,0,2024-02-02T18:02:36
SR-0001943,W2402-0195,LIT-02,litho,focus_offset_nm,-0.4788,0,2024-02-02T18:11:36
SR-0001944,W2402-0195,LIT-02,litho,focus_offset_nm,-0.4949,0,2024-02-02T18:19:36
SR-0001945,W2402-0195,LIT-02,litho,stage_temp_c,22.0142,0,2024-02-02T18:28:36
SR-0001946,W2402-0195,LIT-02,litho,stage_temp_c,22.0886,0,2024-02-02T18:37:36
SR-0001947,W2402-0195,LIT-02,litho,humidity_pct,44.2874,0,2024-02-02T18:42:36
SR-0001948,W2402-0195,LIT-02,litho,humidity_pct,47.8336,0,2024-02-02T18:50:36
SR-0001949,W2402-0195,LIT-02,litho,dose_uniformity_pct,98.9483,0,2024-02-02T18:59:36
SR-0001950,W2402-0195,LIT-02,litho,dose_uniformity_pct,98.815,0,2024-02-02T19:08:36
SR-0001951,W2402-0196,LIT-01,litho,exposure_energy_mj,25.2875,0,2024-02-02T21:48:19
SR-0001952,W2402-0196,LIT-01,litho,exposure_energy_mj,24.9675,0,2024-02-02T21:55:19
SR-0001953,W2402-0196,LIT-01,litho,focus_offset_nm,0.4584,0,2024-02-02T22:03:19
SR-0001954,W2402-0196,LIT-01,litho,focus_offset_nm,0.4411,0,2024-02-02T22:12:19
SR-0001955,W2402-0196,LIT-01,litho,stage_temp_c,21.7954,0,2024-02-02T22:20:19
SR-0001956,W2402-0196,LIT-01,litho,stage_temp_c,22.0794,0,2024-02-02T22:29:19
SR-0001957,W2402-0196,LIT-01,litho,humidity_pct,50.4187,0,2024-02-02T22:34:19
SR-0001958,W2402-0196,LIT-01,litho,humidity_pct,46.997,0,2024-02-02T22:42:19
SR-0001959,W2402-0196,LIT-01,litho,dose_uniformity_pct,98.8218,0,2024-02-02T22:53:19
SR-0001960,W2402-0196,LIT-01,litho,dose_uniformity_pct,98.0725,0,2024-02-02T23:01:19
SR-0001961,W2402-0197,CMP-02,cmp,polish_pressure_psi,3.5203,0,2024-02-03T01:42:20
SR-0001962,W2402-0197,CMP-02,cmp,polish_pressure_psi,3.5444,0,2024-02-03T01:49:20
SR-0001963,W2402-0197,CMP-02,cmp,platen_speed_rpm,84.4318,0,2024-02-03T01:57:20
SR-0001964,W2402-0197,CMP-02,cmp,platen_speed_rpm,84.4441,0,2024-02-03T02:07:20
SR-0001965,W2402-0197,CMP-02,cmp,slurry_flow_ml_min,199.6673,0,2024-02-03T02:15:20
SR-0001966,W2402-0197,CMP-02,cmp,slurry_flow_ml_min,209.5663,0,2024-02-03T02:20:20
SR-0001967,W2402-0197,CMP-02,cmp,removal_rate_ang_min,1564.9571,0,2024-02-03T02:31:20
SR-0001968,W2402-0197,CMP-02,cmp,removal_rate_ang_min,1418.4825,0,2024-02-03T02:38:20
SR-0001969,W2402-0197,CMP-02,cmp,friction_coeff,0.3919,0,2024-02-03T02:44:20
SR-0001970,W2402-0197,CMP-02,cmp,friction_coeff,0.4109,0,2024-02-03T02:54:20
SR-0001971,W2402-0198,DIFF-01,diffusion,furnace_temp_c,947.2646,0,2024-02-03T05:40:58
SR-0001972,W2402-0198,DIFF-01,diffusion,furnace_temp_c,955.2177,0,2024-02-03T05:50:58
SR-0001973,W2402-0198,DIFF-01,diffusion,ramp_rate_c_min,9.4153,0,2024-02-03T05:56:58
SR-0001974,W2402-0198,DIFF-01,diffusion,ramp_rate_c_min,9.8696,0,2024-02-03T06:04:58
SR-0001975,W2402-0198,DIFF-01,diffusion,ambient_pressure_torr,759.3368,0,2024-02-03T06:13:58
SR-0001976,W2402-0198,DIFF-01,diffusion,ambient_pressure_torr,760.0083,0,2024-02-03T06:20:58
SR-0001977,W2402-0198,DIFF-01,diffusion,gas_ratio,1.8818,0,2024-02-03T06:28:58
SR-0001978,W2402-0198,DIFF-01,diffusion,gas_ratio,1.9328,0,2024-02-03T06:36:58
SR-0001979,W2402-0198,DIFF-01,diffusion,anneal_time_min,27.9341,0,2024-02-03T06:46:58
SR-0001980,W2402-0198,DIFF-01,diffusion,anneal_time_min,30.3435,0,2024-02-03T06:55:58
SR-0001981,W2402-0199,ETCH-01,etch,etch_temp_c,172.8091,0,2024-02-03T09:54:37
SR-0001982,W2402-0199,ETCH-01,etch,etch_temp_c,176.435,0,2024-02-03T10:05:37
SR-0001983,W2402-0199,ETCH-01,etch,etch_pressure_mtorr,7.36,0,2024-02-03T10:10:37
SR-0001984,W2402-0199,ETCH-01,etch,etch_pressure_mtorr,6.8364,0,2024-02-03T10:20:37
SR-0001985,W2402-0199,ETCH-01,etch,rf_power_w,381.8721,0,2024-02-03T10:29:37
SR-0001986,W2402-0199,ETCH-01,etch,rf_power_w,381.3999,0,2024-02-03T10:36:37
SR-0001987,W2402-0199,ETCH-01,etch,gas_flow_sccm,50.4,0,2024-02-03T10:45:37
SR-0001988,W2402-0199,ETCH-01,etch,gas_flow_sccm,49.9555,0,2024-02-03T10:50:37
SR-0001989,W2402-0199,ETCH-01,etch,endpoint_time_s,122.4649,0,2024-02-03T10:59:37
SR-0001990,W2402-0199,ETCH-01,etch,endpoint_time_s,119.3004,0,2024-02-03T11:06:37
SR-0001991,W2402-0200,ETCH-03,etch,etch_temp_c,176.8587,0,2024-02-03T14:11:14
SR-0001992,W2402-0200,ETCH-03,etch,etch_temp_c,173.9282,0,2024-02-03T14:19:14
SR-0001993,W2402-0200,ETCH-03,etch,etch_pressure_mtorr,8.4792,0,2024-02-03T14:26:14
SR-0001994,W2402-0200,ETCH-03,etch,etch_pressure_mtorr,7.6663,0,2024-02-03T14:34:14
SR-0001995,W2402-0200,ETCH-03,etch,rf_power_w,371.2332,0,2024-02-03T14:42:14
SR-0001996,W2402-0200,ETCH-03,etch,rf_power_w,377.9673,0,2024-02-03T14:51:14
SR-0001997,W2402-0200,ETCH-03,etch,gas_flow_sccm,50.8708,0,2024-02-03T15:01:14
SR-0001998,W2402-0200,ETCH-03,etch,gas_flow_sccm,51.2087,0,2024-02-03T15:06:14
SR-0001999,W2402-0200,ETCH-03,etch,endpoint_time_s,117.5949,0,2024-02-03T15:14:14
SR-0002000,W2402-0200,ETCH-03,etch,endpoint_time_s,122.4526,0,2024-02-03T15:23:14
SR-0002001,W2402-0201,IMP-02,implant,beam_current_ma,10.7983,0,2024-02-03T18:28:30
SR-0002002,W2402-0201,IMP-02,implant,beam_current_ma,9.4084,0,2024-02-03T18:33:30
SR-0002003,W2402-0201,IMP-02,implant,beam_energy_kev,49.8717,0,2024-02-03T18:43:30
SR-0002004,W2402-0201,IMP-02,implant,beam_energy_kev,52.076,0,2024-02-03T18:52:30
SR-0002005,W2402-0201,IMP-02,implant,scan_speed_mm_s,102.0788,0,2024-02-03T18:57:30
SR-0002006,W2402-0201,IMP-02,implant,scan_speed_mm_s,94.9096,0,2024-02-03T19:06:30
SR-0002007,W2402-0201,IMP-02,implant,dose_uniformity_pct,98.5508,0,2024-02-03T19:13:30
SR-0002008,W2402-0201,IMP-02,implant,dose_uniformity_pct,98.3455,0,2024-02-03T19:21:30
SR-0002009,W2402-0201,IMP-02,implant,tilt_angle_deg,7.5108,0,2024-02-03T19:30:30
SR-0002010,W2402-0201,IMP-02,implant,tilt_angle_deg,7.0237,0,2024-02-03T19:38:30
SR-0002011,W2402-0202,DIFF-01,diffusion,furnace_temp_c,942.7637,0,2024-02-03T22:35:22
SR-0002012,W2402-0202,DIFF-01,diffusion,furnace_temp_c,945.058,0,2024-02-03T22:42:22
SR-0002013,W2402-0202,DIFF-01,diffusion,ramp_rate_c_min,9.7741,0,2024-02-03T22:50:22
SR-0002014,W2402-0202,DIFF-01,diffusion,ramp_rate_c_min,8.9838,0,2024-02-03T22:58:22
SR-0002015,W2402-0202,DIFF-01,diffusion,ambient_pressure_torr,764.1523,0,2024-02-03T23:08:22
SR-0002016,W2402-0202,DIFF-01,diffusion,ambient_pressure_torr,762.4709,0,2024-02-03T23:13:22
SR-0002017,W2402-0202,DIFF-01,diffusion,gas_ratio,1.9694,0,2024-02-03T23:21:22
SR-0002018,W2402-0202,DIFF-01,diffusion,gas_ratio,2.0977,0,2024-02-03T23:31:22
SR-0002019,W2402-0202,DIFF-01,diffusion,anneal_time_min,25.293,0,2024-02-03T23:38:22
SR-0002020,W2402-0202,DIFF-01,diffusion,anneal_time_min,34.6567,0,2024-02-03T23:48:22
SR-0002021,W2402-0203,CMP-01,cmp,polish_pressure_psi,3.5016,0,2024-02-04T02:09:50
SR-0002022,W2402-0203,CMP-01,cmp,polish_pressure_psi,3.1875,0,2024-02-04T02:18:50
SR-0002023,W2402-0203,CMP-01,cmp,platen_speed_rpm,84.4826,0,2024-02-04T02:25:50
SR-0002024,W2402-0203,CMP-01,cmp,platen_speed_rpm,91.8976,0,2024-02-04T02:33:50
SR-0002025,W2402-0203,CMP-01,cmp,slurry_flow_ml_min,194.2174,0,2024-02-04T02:39:50
SR-0002026,W2402-0203,CMP-01,cmp,slurry_flow_ml_min,206.5293,0,2024-02-04T02:47:50
SR-0002027,W2402-0203,CMP-01,cmp,removal_rate_ang_min,1552.4691,0,2024-02-04T02:57:50
SR-0002028,W2402-0203,CMP-01,cmp,removal_rate_ang_min,1565.4415,0,2024-02-04T03:04:50
SR-0002029,W2402-0203,CMP-01,cmp,friction_coeff,0.3748,0,2024-02-04T03:13:50
SR-0002030,W2402-0203,CMP-01,cmp,friction_coeff,0.3649,0,2024-02-04T03:21:50
SR-0002031,W2402-0204,DIFF-02,diffusion,furnace_temp_c,947.6175,0,2024-02-04T06:31:41
SR-0002032,W2402-0204,DIFF-02,diffusion,furnace_temp_c,940.7833,0,2024-02-04T06:40:41
SR-0002033,W2402-0204,DIFF-02,diffusion,ramp_rate_c_min,8.9523,0,2024-02-04T06:47:41
SR-0002034,W2402-0204,DIFF-02,diffusion,ramp_rate_c_min,10.0365,0,2024-02-04T06:55:41
SR-0002035,W2402-0204,DIFF-02,diffusion,ambient_pressure_torr,765.7084,0,2024-02-04T07:02:41
SR-0002036,W2402-0204,DIFF-02,diffusion,ambient_pressure_torr,757.3802,0,2024-02-04T07:09:41
SR-0002037,W2402-0204,DIFF-02,diffusion,gas_ratio,2.0338,0,2024-02-04T07:18:41
SR-0002038,W2402-0204,DIFF-02,diffusion,gas_ratio,1.9961,0,2024-02-04T07:28:41
SR-0002039,W2402-0204,DIFF-02,diffusion,anneal_time_min,29.8981,0,2024-02-04T07:33:41
SR-0002040,W2402-0204,DIFF-02,diffusion,anneal_time_min,32.4341,0,2024-02-04T07:44:41
SR-0002041,W2402-0205,CMP-01,cmp,polish_pressure_psi,3.3265,0,2024-02-04T10:35:56
SR-0002042,W2402-0205,CMP-01,cmp,polish_pressure_psi,3.5195,0,2024-02-04T10:40:56
SR-0002043,W2402-0205,CMP-01,cmp,platen_speed_rpm,83.8043,0,2024-02-04T10:48:56
SR-0002044,W2402-0205,CMP-01,cmp,platen_speed_rpm,97.1833,0,2024-02-04T10:59:56
SR-0002045,W2402-0205,CMP-01,cmp,slurry_flow_ml_min,188.5009,0,2024-02-04T11:04:56
SR-0002046,W2402-0205,CMP-01,cmp,slurry_flow_ml_min,188.9635,0,2024-02-04T11:14:56
SR-0002047,W2402-0205,CMP-01,cmp,removal_rate_ang_min,1573.0224,0,2024-02-04T11:23:56
SR-0002048,W2402-0205,CMP-01,cmp,removal_rate_ang_min,1537.7507,0,2024-02-04T11:28:56
SR-0002049,W2402-0205,CMP-01,cmp,friction_coeff,0.396,0,2024-02-04T11:36:56
SR-0002050,W2402-0205,CMP-01,cmp,friction_coeff,0.2815,0,2024-02-04T11:47:56
SR-0002051,W2402-0206,DEP-03,deposition,dep_temp_c,302.725,0,2024-02-04T14:06:39
SR-0002052,W2402-0206,DEP-03,deposition,dep_temp_c,300.1779,0,2024-02-04T14:16:39
SR-0002053,W2402-0206,DEP-03,deposition,dep_pressure_mtorr,5.059,0,2024-02-04T14:24:39
SR-0002054,W2402-0206,DEP-03,deposition,dep_pressure_mtorr,5.1984,0,2024-02-04T14:32:39
SR-0002055,W2402-0206,DEP-03,deposition,rf_power_w,405.7689,0,2024-02-04T14:39:39
SR-0002056,W2402-0206,DEP-03,deposition,rf_power_w,381.7285,0,2024-02-04T14:48:39
SR-0002057,W2402-0206,DEP-03,deposition,precursor_flow_sccm,31.7418,0,2024-02-04T14:54:39
SR-0002058,W2402-0206,DEP-03,deposition,precursor_flow_sccm,29.3756,0,2024-02-04T15:03:39
SR-0002059,W2402-0206,DEP-03,deposition,film_thickness_nm,52.127,0,2024-02-04T15:10:39
SR-0002060,W2402-0206,DEP-03,deposition,film_thickness_nm,50.6165,0,2024-02-04T15:21:39
SR-0002061,W2402-0207,ETCH-03,etch,etch_temp_c,189.5449,0,2024-02-04T18:18:25
SR-0002062,W2402-0207,ETCH-03,etch,etch_temp_c,188.7862,0,2024-02-04T18:24:25
SR-0002063,W2402-0207,ETCH-03,etch,etch_pressure_mtorr,8.288,0,2024-02-04T18:31:25
SR-0002064,W2402-0207,ETCH-03,etch,etch_pressure_mtorr,7.296,0,2024-02-04T18:40:25
SR-0002065,W2402-0207,ETCH-03,etch,rf_power_w,366.9369,0,2024-02-04T18:49:25
SR-0002066,W2402-0207,ETCH-03,etch,rf_power_w,406.97,0,2024-02-04T18:57:25
SR-0002067,W2402-0207,ETCH-03,etch,gas_flow_sccm,48.4052,0,2024-02-04T19:04:25
SR-0002068,W2402-0207,ETCH-03,etch,gas_flow_sccm,50.2491,0,2024-02-04T19:13:25
SR-0002069,W2402-0207,ETCH-03,etch,endpoint_time_s,119.1159,0,2024-02-04T19:22:25
SR-0002070,W2402-0207,ETCH-03,etch,endpoint_time_s,125.2772,0,2024-02-04T19:27:25
SR-0002071,W2402-0208,CMP-02,cmp,polish_pressure_psi,3.5026,0,2024-02-04T22:09:15
SR-0002072,W2402-0208,CMP-02,cmp,polish_pressure_psi,2.9053,0,2024-02-04T22:17:15
SR-0002073,W2402-0208,CMP-02,cmp,platen_speed_rpm,96.707,0,2024-02-04T22:23:15
SR-0002074,W2402-0208,CMP-02,cmp,platen_speed_rpm,87.6188,0,2024-02-04T22:33:15
SR-0002075,W2402-0208,CMP-02,cmp,slurry_flow_ml_min,189.8506,0,2024-02-04T22:39:15
SR-0002076,W2402-0208,CMP-02,cmp,slurry_flow_ml_min,205.314,0,2024-02-04T22:49:15
SR-0002077,W2402-0208,CMP-02,cmp,removal_rate_ang_min,1476.2178,0,2024-02-04T22:58:15
SR-0002078,W2402-0208,CMP-02,cmp,removal_rate_ang_min,1457.3032,0,2024-02-04T23:06:15
SR-0002079,W2402-0208,CMP-02,cmp,friction_coeff,0.3447,0,2024-02-04T23:12:15
SR-0002080,W2402-0208,CMP-02,cmp,friction_coeff,0.3186,0,2024-02-04T23:19:15
SR-0002081,W2402-0209,LIT-03,litho,exposure_energy_mj,25.8874,0,2024-02-05T01:58:20
SR-0002082,W2402-0209,LIT-03,litho,exposure_energy_mj,25.5201,0,2024-02-05T02:05:20
SR-0002083,W2402-0209,LIT-03,litho,focus_offset_nm,-0.2881,0,2024-02-05T02:14:20
SR-0002084,W2402-0209,LIT-03,litho,focus_offset_nm,0.5856,0,2024-02-05T02:21:20
SR-0002085,W2402-0209,LIT-03,litho,stage_temp_c,22.1689,0,2024-02-05T02:29:20
SR-0002086,W2402-0209,LIT-03,litho,stage_temp_c,22.2095,0,2024-02-05T02:37:20
SR-0002087,W2402-0209,LIT-03,litho,humidity_pct,45.5559,0,2024-02-05T02:47:20
SR-0002088,W2402-0209,LIT-03,litho,humidity_pct,46.2173,0,2024-02-05T02:56:20
SR-0002089,W2402-0209,LIT-03,litho,dose_uniformity_pct,98.1825,0,2024-02-05T03:02:20
SR-0002090,W2402-0209,LIT-03,litho,dose_uniformity_pct,99.4137,0,2024-02-05T03:11:20
SR-0002091,W2402-0210,DEP-01,deposition,dep_temp_c,297.5805,0,2024-02-05T05:45:23
SR-0002092,W2402-0210,DEP-01,deposition,dep_temp_c,308.1076,0,2024-02-05T05:55:23
SR-0002093,W2402-0210,DEP-01,deposition,dep_pressure_mtorr,4.8198,0,2024-02-05T06:00:23
SR-0002094,W2402-0210,DEP-01,deposition,dep_pressure_mtorr,4.7216,0,2024-02-05T06:08:23
SR-0002095,W2402-0210,DEP-01,deposition,rf_power_w,366.0189,0,2024-02-05T06:16:23
SR-0002096,W2402-0210,DEP-01,deposition,rf_power_w,392.6482,0,2024-02-05T06:24:23
SR-0002097,W2402-0210,DEP-01,deposition,precursor_flow_sccm,29.2703,0,2024-02-05T06:33:23
SR-0002098,W2402-0210,DEP-01,deposition,precursor_flow_sccm,32.4988,0,2024-02-05T06:40:23
SR-0002099,W2402-0210,DEP-01,deposition,film_thickness_nm,50.6839,0,2024-02-05T06:50:23
SR-0002100,W2402-0210,DEP-01,deposition,film_thickness_nm,49.1838,0,2024-02-05T06:56:23
SR-0002101,W2402-0211,ETCH-03,etch,etch_temp_c,186.5933,0,2024-02-05T09:55:45
SR-0002102,W2402-0211,ETCH-03,etch,etch_temp_c,189.4885,0,2024-02-05T10:04:45
SR-0002103,W2402-0211,ETCH-03,etch,etch_pressure_mtorr,7.5899,0,2024-02-05T10:10:45
SR-0002104,W2402-0211,ETCH-03,etch,etch_pressure_mtorr,8.5802,0,2024-02-05T10:17:45
SR-0002105,W2402-0211,ETCH-03,etch,rf_power_w,360.152,0,2024-02-05T10:28:45
SR-0002106,W2402-0211,ETCH-03,etch,rf_power_w,360.0838,0,2024-02-05T10:33:45
SR-0002107,W2402-0211,ETCH-03,etch,gas_flow_sccm,52.3733,0,2024-02-05T10:43:45
SR-0002108,W2402-0211,ETCH-03,etch,gas_flow_sccm,48.2497,0,2024-02-05T10:49:45
SR-0002109,W2402-0211,ETCH-03,etch,endpoint_time_s,113.9034,0,2024-02-05T11:00:45
SR-0002110,W2402-0211,ETCH-03,etch,endpoint_time_s,113.382,0,2024-02-05T11:05:45
SR-0002111,W2402-0212,IMP-01,implant,beam_current_ma,9.9281,0,2024-02-05T14:11:15
SR-0002112,W2402-0212,IMP-01,implant,beam_current_ma,10.788,0,2024-02-05T14:20:15
SR-0002113,W2402-0212,IMP-01,implant,beam_energy_kev,50.2439,0,2024-02-05T14:28:15
SR-0002114,W2402-0212,IMP-01,implant,beam_energy_kev,48.9994,0,2024-02-05T14:38:15
SR-0002115,W2402-0212,IMP-01,implant,scan_speed_mm_s,97.0763,0,2024-02-05T14:46:15
SR-0002116,W2402-0212,IMP-01,implant,scan_speed_mm_s,99.139,0,2024-02-05T14:52:15
SR-0002117,W2402-0212,IMP-01,implant,dose_uniformity_pct,97.9646,0,2024-02-05T15:00:15
SR-0002118,W2402-0212,IMP-01,implant,dose_uniformity_pct,98.5514,0,2024-02-05T15:09:15
SR-0002119,W2402-0212,IMP-01,implant,tilt_angle_deg,6.9324,0,2024-02-05T15:18:15
SR-0002120,W2402-0212,IMP-01,implant,tilt_angle_deg,6.7105,0,2024-02-05T15:25:15
SR-0002121,W2402-0213,DEP-01,deposition,dep_temp_c,299.4018,0,2024-02-05T18:04:57
SR-0002122,W2402-0213,DEP-01,deposition,dep_temp_c,294.6016,0,2024-02-05T18:11:57
SR-0002123,W2402-0213,DEP-01,deposition,dep_pressure_mtorr,4.8121,0,2024-02-05T18:19:57
SR-0002124,W2402-0213,DEP-01,deposition,dep_pressure_mtorr,4.5995,0,2024-02-05T18:28:57
SR-0002125,W2402-0213,DEP-01,deposition,rf_power_w,383.8822,0,2024-02-05T18:36:57
SR-0002126,W2402-0213,DEP-01,deposition,rf_power_w,397.7989,0,2024-02-05T18:43:57
SR-0002127,W2402-0213,DEP-01,deposition,precursor_flow_sccm,29.6636,0,2024-02-05T18:50:57
SR-0002128,W2402-0213,DEP-01,deposition,precursor_flow_sccm,30.2196,0,2024-02-05T18:58:57
SR-0002129,W2402-0213,DEP-01,deposition,film_thickness_nm,51.8437,0,2024-02-05T19:09:57
SR-0002130,W2402-0213,DEP-01,deposition,film_thickness_nm,48.4773,0,2024-02-05T19:15:57
SR-0002131,W2402-0214,ETCH-01,etch,etch_temp_c,181.8304,0,2024-02-05T21:46:33
SR-0002132,W2402-0214,ETCH-01,etch,etch_temp_c,172.5768,0,2024-02-05T21:57:33
SR-0002133,W2402-0214,ETCH-01,etch,etch_pressure_mtorr,8.6229,0,2024-02-05T22:04:33
SR-0002134,W2402-0214,ETCH-01,etch,etch_pressure_mtorr,8.3863,0,2024-02-05T22:12:33
SR-0002135,W2402-0214,ETCH-01,etch,rf_power_w,364.4635,0,2024-02-05T22:20:33
SR-0002136,W2402-0214,ETCH-01,etch,rf_power_w,372.2132,0,2024-02-05T22:29:33
SR-0002137,W2402-0214,ETCH-01,etch,gas_flow_sccm,50.5819,0,2024-02-05T22:34:33
SR-0002138,W2402-0214,ETCH-01,etch,gas_flow_sccm,45.5069,0,2024-02-05T22:43:33
SR-0002139,W2402-0214,ETCH-01,etch,endpoint_time_s,120.2873,0,2024-02-05T22:51:33
SR-0002140,W2402-0214,ETCH-01,etch,endpoint_time_s,116.6143,0,2024-02-05T23:01:33
SR-0002141,W2402-0215,IMP-02,implant,beam_current_ma,10.0723,0,2024-02-06T01:49:01
SR-0002142,W2402-0215,IMP-02,implant,beam_current_ma,10.171,0,2024-02-06T01:58:01
SR-0002143,W2402-0215,IMP-02,implant,beam_energy_kev,48.1823,0,2024-02-06T02:04:01
SR-0002144,W2402-0215,IMP-02,implant,beam_energy_kev,50.1069,0,2024-02-06T02:11:01
SR-0002145,W2402-0215,IMP-02,implant,scan_speed_mm_s,99.4843,0,2024-02-06T02:19:01
SR-0002146,W2402-0215,IMP-02,implant,scan_speed_mm_s,96.0114,0,2024-02-06T02:28:01
SR-0002147,W2402-0215,IMP-02,implant,dose_uniformity_pct,98.9954,0,2024-02-06T02:37:01
SR-0002148,W2402-0215,IMP-02,implant,dose_uniformity_pct,97.8426,0,2024-02-06T02:45:01
SR-0002149,W2402-0215,IMP-02,implant,tilt_angle_deg,7.1033,0,2024-02-06T02:51:01
SR-0002150,W2402-0215,IMP-02,implant,tilt_angle_deg,7.1317,0,2024-02-06T03:01:01
SR-0002151,W2402-0216,IMP-02,implant,beam_current_ma,9.9485,0,2024-02-06T06:07:53
SR-0002152,W2402-0216,IMP-02,implant,beam_current_ma,10.0756,0,2024-02-06T06:15:53
SR-0002153,W2402-0216,IMP-02,implant,beam_energy_kev,51.5294,0,2024-02-06T06:24:53
SR-0002154,W2402-0216,IMP-02,implant,beam_energy_kev,50.8644,0,2024-02-06T06:31:53
SR-0002155,W2402-0216,IMP-02,implant,scan_speed_mm_s,96.9266,0,2024-02-06T06:38:53
SR-0002156,W2402-0216,IMP-02,implant,scan_speed_mm_s,101.7451,0,2024-02-06T06:46:53
SR-0002157,W2402-0216,IMP-02,implant,dose_uniformity_pct,98.8483,0,2024-02-06T06:54:53
SR-0002158,W2402-0216,IMP-02,implant,dose_uniformity_pct,98.633,0,2024-02-06T07:02:53
SR-0002159,W2402-0216,IMP-02,implant,tilt_angle_deg,6.9052,0,2024-02-06T07:12:53
SR-0002160,W2402-0216,IMP-02,implant,tilt_angle_deg,7.1571,0,2024-02-06T07:19:53
SR-0002161,W2402-0217,CMP-02,cmp,polish_pressure_psi,3.4333,0,2024-02-06T10:00:45
SR-0002162,W2402-0217,CMP-02,cmp,polish_pressure_psi,3.6074,0,2024-02-06T10:09:45
SR-0002163,W2402-0217,CMP-02,cmp,platen_speed_rpm,83.1542,0,2024-02-06T10:14:45
SR-0002164,W2402-0217,CMP-02,cmp,platen_speed_rpm,97.6129,0,2024-02-06T10:23:45
SR-0002165,W2402-0217,CMP-02,cmp,slurry_flow_ml_min,214.0292,0,2024-02-06T10:31:45
SR-0002166,W2402-0217,CMP-02,cmp,slurry_flow_ml_min,203.4926,0,2024-02-06T10:40:45
SR-0002167,W2402-0217,CMP-02,cmp,removal_rate_ang_min,1545.5049,0,2024-02-06T10:48:45
SR-0002168,W2402-0217,CMP-02,cmp,removal_rate_ang_min,1388.6761,0,2024-02-06T10:55:45
SR-0002169,W2402-0217,CMP-02,cmp,friction_coeff,0.3018,0,2024-02-06T11:02:45
SR-0002170,W2402-0217,CMP-02,cmp,friction_coeff,0.3533,0,2024-02-06T11:12:45
SR-0002171,W2402-0218,ETCH-02,etch,etch_temp_c,171.022,0,2024-02-06T14:18:16
SR-0002172,W2402-0218,ETCH-02,etch,etch_temp_c,174.5346,0,2024-02-06T14:27:16
SR-0002173,W2402-0218,ETCH-02,etch,etch_pressure_mtorr,8.1461,0,2024-02-06T14:34:16
SR-0002174,W2402-0218,ETCH-02,etch,etch_pressure_mtorr,8.7825,0,2024-02-06T14:44:16
SR-0002175,W2402-0218,ETCH-02,etch,rf_power_w,348.3246,0,2024-02-06T14:50:16
SR-0002176,W2402-0218,ETCH-02,etch,rf_power_w,376.2632,0,2024-02-06T14:57:16
SR-0002177,W2402-0218,ETCH-02,etch,gas_flow_sccm,46.5307,0,2024-02-06T15:06:16
SR-0002178,W2402-0218,ETCH-02,etch,gas_flow_sccm,46.6684,0,2024-02-06T15:15:16
SR-0002179,W2402-0218,ETCH-02,etch,endpoint_time_s,119.5488,0,2024-02-06T15:24:16
SR-0002180,W2402-0218,ETCH-02,etch,endpoint_time_s,116.8818,0,2024-02-06T15:31:16
SR-0002181,W2402-0219,DEP-02,deposition,dep_temp_c,299.6281,0,2024-02-06T18:49:20
SR-0002182,W2402-0219,DEP-02,deposition,dep_temp_c,298.7487,0,2024-02-06T18:56:20
SR-0002183,W2402-0219,DEP-02,deposition,dep_pressure_mtorr,4.6576,0,2024-02-06T19:05:20
SR-0002184,W2402-0219,DEP-02,deposition,dep_pressure_mtorr,4.657,0,2024-02-06T19:10:20
SR-0002185,W2402-0219,DEP-02,deposition,rf_power_w,359.764,0,2024-02-06T19:19:20
SR-0002186,W2402-0219,DEP-02,deposition,rf_power_w,381.923,0,2024-02-06T19:27:20
SR-0002187,W2402-0219,DEP-02,deposition,precursor_flow_sccm,30.992,0,2024-02-06T19:37:20
SR-0002188,W2402-0219,DEP-02,deposition,precursor_flow_sccm,30.3094,0,2024-02-06T19:45:20
SR-0002189,W2402-0219,DEP-02,deposition,film_thickness_nm,51.0317,0,2024-02-06T19:51:20
SR-0002190,W2402-0219,DEP-02,deposition,film_thickness_nm,50.8896,0,2024-02-06T19:58:20
SR-0002191,W2402-0220,DEP-01,deposition,dep_temp_c,298.0916,0,2024-02-06T22:29:19
SR-0002192,W2402-0220,DEP-01,deposition,dep_temp_c,300.0426,0,2024-02-06T22:38:19
SR-0002193,W2402-0220,DEP-01,deposition,dep_pressure_mtorr,4.7491,0,2024-02-06T22:45:19
SR-0002194,W2402-0220,DEP-01,deposition,dep_pressure_mtorr,4.71,0,2024-02-06T22:54:19
SR-0002195,W2402-0220,DEP-01,deposition,rf_power_w,371.5509,0,2024-02-06T23:03:19
SR-0002196,W2402-0220,DEP-01,deposition,rf_power_w,364.7795,0,2024-02-06T23:10:19
SR-0002197,W2402-0220,DEP-01,deposition,precursor_flow_sccm,30.4824,0,2024-02-06T23:19:19
SR-0002198,W2402-0220,DEP-01,deposition,precursor_flow_sccm,29.3981,0,2024-02-06T23:25:19
SR-0002199,W2402-0220,DEP-01,deposition,film_thickness_nm,50.8959,0,2024-02-06T23:35:19
SR-0002200,W2402-0220,DEP-01,deposition,film_thickness_nm,50.1464,0,2024-02-06T23:42:19
SR-0002201,W2402-0221,IMP-01,implant,beam_current_ma,10.7162,0,2024-02-07T02:50:46
SR-0002202,W2402-0221,IMP-01,implant,beam_current_ma,9.8371,0,2024-02-07T02:58:46
SR-0002203,W2402-0221,IMP-01,implant,beam_energy_kev,52.2691,0,2024-02-07T03:08:46
SR-0002204,W2402-0221,IMP-01,implant,beam_energy_kev,50.8153,0,2024-02-07T03:14:46
SR-0002205,W2402-0221,IMP-01,implant,scan_speed_mm_s,98.9873,0,2024-02-07T03:24:46
SR-0002206,W2402-0221,IMP-01,implant,scan_speed_mm_s,103.2469,0,2024-02-07T03:31:46
SR-0002207,W2402-0221,IMP-01,implant,dose_uniformity_pct,98.5796,0,2024-02-07T03:40:46
SR-0002208,W2402-0221,IMP-01,implant,dose_uniformity_pct,98.4999,0,2024-02-07T03:48:46
SR-0002209,W2402-0221,IMP-01,implant,tilt_angle_deg,7.3307,0,2024-02-07T03:55:46
SR-0002210,W2402-0221,IMP-01,implant,tilt_angle_deg,6.8061,0,2024-02-07T04:04:46
SR-0002211,W2402-0222,CMP-01,cmp,polish_pressure_psi,2.8222,0,2024-02-07T07:15:05
SR-0002212,W2402-0222,CMP-01,cmp,polish_pressure_psi,3.5205,0,2024-02-07T07:25:05
SR-0002213,W2402-0222,CMP-01,cmp,platen_speed_rpm,85.9637,0,2024-02-07T07:34:05
SR-0002214,W2402-0222,CMP-01,cmp,platen_speed_rpm,98.7545,0,2024-02-07T07:39:05
SR-0002215,W2402-0222,CMP-01,cmp,slurry_flow_ml_min,193.7974,0,2024-02-07T07:50:05
SR-0002216,W2402-0222,CMP-01,cmp,slurry_flow_ml_min,182.9298,0,2024-02-07T07:56:05
SR-0002217,W2402-0222,CMP-01,cmp,removal_rate_ang_min,1375.9399,0,2024-02-07T08:06:05
SR-0002218,W2402-0222,CMP-01,cmp,removal_rate_ang_min,1511.2547,0,2024-02-07T08:12:05
SR-0002219,W2402-0222,CMP-01,cmp,friction_coeff,0.3976,0,2024-02-07T08:22:05
SR-0002220,W2402-0222,CMP-01,cmp,friction_coeff,0.3541,0,2024-02-07T08:30:05
SR-0002221,W2402-0223,CMP-01,cmp,polish_pressure_psi,3.7646,0,2024-02-07T11:41:09
SR-0002222,W2402-0223,CMP-01,cmp,polish_pressure_psi,3.4543,0,2024-02-07T11:47:09
SR-0002223,W2402-0223,CMP-01,cmp,platen_speed_rpm,91.7843,0,2024-02-07T11:57:09
SR-0002224,W2402-0223,CMP-01,cmp,platen_speed_rpm,90.976,0,2024-02-07T12:03:09
SR-0002225,W2402-0223,CMP-01,cmp,slurry_flow_ml_min,184.6502,0,2024-02-07T12:13:09
SR-0002226,W2402-0223,CMP-01,cmp,slurry_flow_ml_min,187.8401,0,2024-02-07T12:20:09
SR-0002227,W2402-0223,CMP-01,cmp,removal_rate_ang_min,1519.7668,0,2024-02-07T12:27:09
SR-0002228,W2402-0223,CMP-01,cmp,removal_rate_ang_min,1476.8397,0,2024-02-07T12:34:09
SR-0002229,W2402-0223,CMP-01,cmp,friction_coeff,0.3426,0,2024-02-07T12:45:09
SR-0002230,W2402-0223,CMP-01,cmp,friction_coeff,0.3711,0,2024-02-07T12:52:09
SR-0002231,W2402-0224,LIT-02,litho,exposure_energy_mj,24.1194,0,2024-02-07T15:14:03
SR-0002232,W2402-0224,LIT-02,litho,exposure_energy_mj,24.3353,0,2024-02-07T15:24:03
SR-0002233,W2402-0224,LIT-02,litho,focus_offset_nm,1.4803,0,2024-02-07T15:31:03
SR-0002234,W2402-0224,LIT-02,litho,focus_offset_nm,-0.1995,0,2024-02-07T15:37:03
SR-0002235,W2402-0224,LIT-02,litho,stage_temp_c,22.0385,0,2024-02-07T15:46:03
SR-0002236,W2402-0224,LIT-02,litho,stage_temp_c,22.281,0,2024-02-07T15:55:03
SR-0002237,W2402-0224,LIT-02,litho,humidity_pct,51.0937,0,2024-02-07T16:04:03
SR-0002238,W2402-0224,LIT-02,litho,humidity_pct,47.012,0,2024-02-07T16:12:03
SR-0002239,W2402-0224,LIT-02,litho,dose_uniformity_pct,98.458,0,2024-02-07T16:17:03
SR-0002240,W2402-0224,LIT-02,litho,dose_uniformity_pct,98.1845,0,2024-02-07T16:25:03
SR-0002241,W2402-0225,LIT-02,litho,exposure_energy_mj,24.9305,0,2024-02-07T19:32:32
SR-0002242,W2402-0225,LIT-02,litho,exposure_energy_mj,24.5034,0,2024-02-07T19:40:32
SR-0002243,W2402-0225,LIT-02,litho,focus_offset_nm,-0.9273,0,2024-02-07T19:46:32
SR-0002244,W2402-0225,LIT-02,litho,focus_offset_nm,1.4208,0,2024-02-07T19:55:32
SR-0002245,W2402-0225,LIT-02,litho,stage_temp_c,22.264,0,2024-02-07T20:02:32
SR-0002246,W2402-0225,LIT-02,litho,stage_temp_c,22.1257,0,2024-02-07T20:10:32
SR-0002247,W2402-0225,LIT-02,litho,humidity_pct,41.3821,0,2024-02-07T20:19:32
SR-0002248,W2402-0225,LIT-02,litho,humidity_pct,47.0803,0,2024-02-07T20:29:32
SR-0002249,W2402-0225,LIT-02,litho,dose_uniformity_pct,99.5447,0,2024-02-07T20:36:32
SR-0002250,W2402-0225,LIT-02,litho,dose_uniformity_pct,98.6135,0,2024-02-07T20:42:32
SR-0002251,W2402-0226,LIT-02,litho,exposure_energy_mj,25.3989,0,2024-02-07T23:40:27
SR-0002252,W2402-0226,LIT-02,litho,exposure_energy_mj,25.5656,0,2024-02-07T23:46:27
SR-0002253,W2402-0226,LIT-02,litho,focus_offset_nm,0.8541,0,2024-02-07T23:55:27
SR-0002254,W2402-0226,LIT-02,litho,focus_offset_nm,1.3085,0,2024-02-08T00:02:27
SR-0002255,W2402-0226,LIT-02,litho,stage_temp_c,21.8412,0,2024-02-08T00:09:27
SR-0002256,W2402-0226,LIT-02,litho,stage_temp_c,22.1434,0,2024-02-08T00:17:27
SR-0002257,W2402-0226,LIT-02,litho,humidity_pct,47.2653,0,2024-02-08T00:28:27
SR-0002258,W2402-0226,LIT-02,litho,humidity_pct,50.7738,0,2024-02-08T00:34:27
SR-0002259,W2402-0226,LIT-02,litho,dose_uniformity_pct,98.2211,0,2024-02-08T00:42:27
SR-0002260,W2402-0226,LIT-02,litho,dose_uniformity_pct,98.1616,0,2024-02-08T00:52:27
SR-0002261,W2402-0227,LIT-02,litho,exposure_energy_mj,25.8585,0,2024-02-08T03:41:23
SR-0002262,W2402-0227,LIT-02,litho,exposure_energy_mj,24.0593,0,2024-02-08T03:49:23
SR-0002263,W2402-0227,LIT-02,litho,focus_offset_nm,-2.8701,0,2024-02-08T03:59:23
SR-0002264,W2402-0227,LIT-02,litho,focus_offset_nm,-0.0389,0,2024-02-08T04:05:23
SR-0002265,W2402-0227,LIT-02,litho,stage_temp_c,22.0241,0,2024-02-08T04:15:23
SR-0002266,W2402-0227,LIT-02,litho,stage_temp_c,22.1858,0,2024-02-08T04:21:23
SR-0002267,W2402-0227,LIT-02,litho,humidity_pct,46.1848,0,2024-02-08T04:30:23
SR-0002268,W2402-0227,LIT-02,litho,humidity_pct,50.2146,0,2024-02-08T04:39:23
SR-0002269,W2402-0227,LIT-02,litho,dose_uniformity_pct,97.9508,0,2024-02-08T04:47:23
SR-0002270,W2402-0227,LIT-02,litho,dose_uniformity_pct,97.7742,0,2024-02-08T04:54:23
SR-0002271,W2402-0228,LIT-01,litho,exposure_energy_mj,24.6237,0,2024-02-08T07:51:43
SR-0002272,W2402-0228,LIT-01,litho,exposure_energy_mj,24.4507,0,2024-02-08T07:58:43
SR-0002273,W2402-0228,LIT-01,litho,focus_offset_nm,3.1568,0,2024-02-08T08:07:43
SR-0002274,W2402-0228,LIT-01,litho,focus_offset_nm,-2.7637,0,2024-02-08T08:13:43
SR-0002275,W2402-0228,LIT-01,litho,stage_temp_c,21.7624,0,2024-02-08T08:23:43
SR-0002276,W2402-0228,LIT-01,litho,stage_temp_c,22.0023,0,2024-02-08T08:31:43
SR-0002277,W2402-0228,LIT-01,litho,humidity_pct,51.4373,0,2024-02-08T08:39:43
SR-0002278,W2402-0228,LIT-01,litho,humidity_pct,41.7048,0,2024-02-08T08:44:43
SR-0002279,W2402-0228,LIT-01,litho,dose_uniformity_pct,98.9862,0,2024-02-08T08:55:43
SR-0002280,W2402-0228,LIT-01,litho,dose_uniformity_pct,98.4526,0,2024-02-08T09:01:43
SR-0002281,W2402-0229,IMP-01,implant,beam_current_ma,9.8583,0,2024-02-08T11:52:53
SR-0002282,W2402-0229,IMP-01,implant,beam_current_ma,10.4596,0,2024-02-08T11:58:53
SR-0002283,W2402-0229,IMP-01,implant,beam_energy_kev,48.3285,0,2024-02-08T12:07:53
SR-0002284,W2402-0229,IMP-01,implant,beam_energy_kev,51.7294,0,2024-02-08T12:14:53
SR-0002285,W2402-0229,IMP-01,implant,scan_speed_mm_s,97.2078,0,2024-02-08T12:24:53
SR-0002286,W2402-0229,IMP-01,implant,scan_speed_mm_s,102.0904,0,2024-02-08T12:32:53
SR-0002287,W2402-0229,IMP-01,implant,dose_uniformity_pct,98.6091,0,2024-02-08T12:41:53
SR-0002288,W2402-0229,IMP-01,implant,dose_uniformity_pct,98.1363,0,2024-02-08T12:46:53
SR-0002289,W2402-0229,IMP-01,implant,tilt_angle_deg,7.0463,0,2024-02-08T12:57:53
SR-0002290,W2402-0229,IMP-01,implant,tilt_angle_deg,7.2814,0,2024-02-08T13:05:53
SR-0002291,W2402-0230,IMP-01,implant,beam_current_ma,10.1192,0,2024-02-08T15:58:07
SR-0002292,W2402-0230,IMP-01,implant,beam_current_ma,9.7198,0,2024-02-08T16:04:07
SR-0002293,W2402-0230,IMP-01,implant,beam_energy_kev,51.6797,0,2024-02-08T16:14:07
SR-0002294,W2402-0230,IMP-01,implant,beam_energy_kev,51.4766,0,2024-02-08T16:20:07
SR-0002295,W2402-0230,IMP-01,implant,scan_speed_mm_s,100.893,0,2024-02-08T16:29:07
SR-0002296,W2402-0230,IMP-01,implant,scan_speed_mm_s,97.318,0,2024-02-08T16:38:07
SR-0002297,W2402-0230,IMP-01,implant,dose_uniformity_pct,98.01,0,2024-02-08T16:43:07
SR-0002298,W2402-0230,IMP-01,implant,dose_uniformity_pct,99.1353,0,2024-02-08T16:54:07
SR-0002299,W2402-0230,IMP-01,implant,tilt_angle_deg,7.145,0,2024-02-08T17:00:07
SR-0002300,W2402-0230,IMP-01,implant,tilt_angle_deg,6.8409,0,2024-02-08T17:08:07
SR-0002301,W2402-0231,CMP-02,cmp,polish_pressure_psi,3.5295,0,2024-02-08T20:23:20
SR-0002302,W2402-0231,CMP-02,cmp,polish_pressure_psi,3.6443,0,2024-02-08T20:31:20
SR-0002303,W2402-0231,CMP-02,cmp,platen_speed_rpm,84.196,0,2024-02-08T20:40:20
SR-0002304,W2402-0231,CMP-02,cmp,platen_speed_rpm,95.8461,0,2024-02-08T20:47:20
SR-0002305,W2402-0231,CMP-02,cmp,slurry_flow_ml_min,211.5682,0,2024-02-08T20:54:20
SR-0002306,W2402-0231,CMP-02,cmp,slurry_flow_ml_min,199.2881,0,2024-02-08T21:04:20
SR-0002307,W2402-0231,CMP-02,cmp,removal_rate_ang_min,1493.3893,0,2024-02-08T21:11:20
SR-0002308,W2402-0231,CMP-02,cmp,removal_rate_ang_min,1470.8503,0,2024-02-08T21:18:20
SR-0002309,W2402-0231,CMP-02,cmp,friction_coeff,0.3568,0,2024-02-08T21:27:20
SR-0002310,W2402-0231,CMP-02,cmp,friction_coeff,0.3412,0,2024-02-08T21:34:20
SR-0002311,W2402-0232,DEP-01,deposition,dep_temp_c,300.557,0,2024-02-08T23:56:18
SR-0002312,W2402-0232,DEP-01,deposition,dep_temp_c,298.0167,0,2024-02-09T00:01:18
SR-0002313,W2402-0232,DEP-01,deposition,dep_pressure_mtorr,4.6975,0,2024-02-09T00:09:18
SR-0002314,W2402-0232,DEP-01,deposition,dep_pressure_mtorr,5.0719,0,2024-02-09T00:18:18
SR-0002315,W2402-0232,DEP-01,deposition,rf_power_w,354.6459,0,2024-02-09T00:27:18
SR-0002316,W2402-0232,DEP-01,deposition,rf_power_w,388.4182,0,2024-02-09T00:33:18
SR-0002317,W2402-0232,DEP-01,deposition,precursor_flow_sccm,29.4565,0,2024-02-09T00:44:18
SR-0002318,W2402-0232,DEP-01,deposition,precursor_flow_sccm,30.253,0,2024-02-09T00:50:18
SR-0002319,W2402-0232,DEP-01,deposition,film_thickness_nm,50.0299,0,2024-02-09T00:57:18
SR-0002320,W2402-0232,DEP-01,deposition,film_thickness_nm,50.3804,0,2024-02-09T01:06:18
SR-0002321,W2402-0233,ETCH-01,etch,etch_temp_c,181.0999,0,2024-02-09T04:10:36
SR-0002322,W2402-0233,ETCH-01,etch,etch_temp_c,178.4595,0,2024-02-09T04:19:36
SR-0002323,W2402-0233,ETCH-01,etch,etch_pressure_mtorr,8.1636,0,2024-02-09T04:27:36
SR-0002324,W2402-0233,ETCH-01,etch,etch_pressure_mtorr,7.7002,0,2024-02-09T04:34:36
SR-0002325,W2402-0233,ETCH-01,etch,rf_power_w,376.3036,0,2024-02-09T04:44:36
SR-0002326,W2402-0233,ETCH-01,etch,rf_power_w,387.058,0,2024-02-09T04:50:36
SR-0002327,W2402-0233,ETCH-01,etch,gas_flow_sccm,49.62,0,2024-02-09T04:57:36
SR-0002328,W2402-0233,ETCH-01,etch,gas_flow_sccm,49.2333,0,2024-02-09T05:08:36
SR-0002329,W2402-0233,ETCH-01,etch,endpoint_time_s,122.4211,0,2024-02-09T05:15:36
SR-0002330,W2402-0233,ETCH-01,etch,endpoint_time_s,123.4488,0,2024-02-09T05:22:36
SR-0002331,W2402-0234,IMP-02,implant,beam_current_ma,10.026,0,2024-02-09T08:29:25
SR-0002332,W2402-0234,IMP-02,implant,beam_current_ma,9.7792,0,2024-02-09T08:39:25
SR-0002333,W2402-0234,IMP-02,implant,beam_energy_kev,48.6469,0,2024-02-09T08:45:25
SR-0002334,W2402-0234,IMP-02,implant,beam_energy_kev,51.2808,0,2024-02-09T08:55:25
SR-0002335,W2402-0234,IMP-02,implant,scan_speed_mm_s,101.4417,0,2024-02-09T09:04:25
SR-0002336,W2402-0234,IMP-02,implant,scan_speed_mm_s,102.304,0,2024-02-09T09:10:25
SR-0002337,W2402-0234,IMP-02,implant,dose_uniformity_pct,98.4754,0,2024-02-09T09:19:25
SR-0002338,W2402-0234,IMP-02,implant,dose_uniformity_pct,99.1544,0,2024-02-09T09:28:25
SR-0002339,W2402-0234,IMP-02,implant,tilt_angle_deg,6.9311,0,2024-02-09T09:34:25
SR-0002340,W2402-0234,IMP-02,implant,tilt_angle_deg,6.8599,0,2024-02-09T09:43:25
SR-0002341,W2402-0235,LIT-02,litho,exposure_energy_mj,25.6179,0,2024-02-09T12:06:12
SR-0002342,W2402-0235,LIT-02,litho,exposure_energy_mj,25.086,0,2024-02-09T12:14:12
SR-0002343,W2402-0235,LIT-02,litho,focus_offset_nm,0.1553,0,2024-02-09T12:22:12
SR-0002344,W2402-0235,LIT-02,litho,focus_offset_nm,-3.2834,0,2024-02-09T12:27:12
SR-0002345,W2402-0235,LIT-02,litho,stage_temp_c,21.9772,0,2024-02-09T12:36:12
SR-0002346,W2402-0235,LIT-02,litho,stage_temp_c,22.3344,0,2024-02-09T12:43:12
SR-0002347,W2402-0235,LIT-02,litho,humidity_pct,45.6725,0,2024-02-09T12:53:12
SR-0002348,W2402-0235,LIT-02,litho,humidity_pct,45.2709,0,2024-02-09T13:00:12
SR-0002349,W2402-0235,LIT-02,litho,dose_uniformity_pct,99.027,0,2024-02-09T13:07:12
SR-0002350,W2402-0235,LIT-02,litho,dose_uniformity_pct,98.9504,0,2024-02-09T13:17:12
SR-0002351,W2402-0236,DIFF-02,diffusion,furnace_temp_c,951.7809,0,2024-02-09T15:53:08
SR-0002352,W2402-0236,DIFF-02,diffusion,furnace_temp_c,951.9586,0,2024-02-09T16:00:08
SR-0002353,W2402-0236,DIFF-02,diffusion,ramp_rate_c_min,10.2756,0,2024-02-09T16:09:08
SR-0002354,W2402-0236,DIFF-02,diffusion,ramp_rate_c_min,10.5984,0,2024-02-09T16:19:08
SR-0002355,W2402-0236,DIFF-02,diffusion,ambient_pressure_torr,758.7501,0,2024-02-09T16:26:08
SR-0002356,W2402-0236,DIFF-02,diffusion,ambient_pressure_torr,761.1622,0,2024-02-09T16:32:08
SR-0002357,W2402-0236,DIFF-02,diffusion,gas_ratio,2.0653,0,2024-02-09T16:43:08
SR-0002358,W2402-0236,DIFF-02,diffusion,gas_ratio,1.9507,0,2024-02-09T16:48:08
SR-0002359,W2402-0236,DIFF-02,diffusion,anneal_time_min,28.6771,0,2024-02-09T16:57:08
SR-0002360,W2402-0236,DIFF-02,diffusion,anneal_time_min,31.0264,0,2024-02-09T17:05:08
SR-0002361,W2402-0237,DEP-02,deposition,dep_temp_c,296.3211,0,2024-02-09T19:25:20
SR-0002362,W2402-0237,DEP-02,deposition,dep_temp_c,289.4419,0,2024-02-09T19:33:20
SR-0002363,W2402-0237,DEP-02,deposition,dep_pressure_mtorr,4.8403,0,2024-02-09T19:41:20
SR-0002364,W2402-0237,DEP-02,deposition,dep_pressure_mtorr,4.7711,0,2024-02-09T19:50:20
SR-0002365,W2402-0237,DEP-02,deposition,rf_power_w,370.7661,0,2024-02-09T19:57:20
SR-0002366,W2402-0237,DEP-02,deposition,rf_power_w,378.4556,0,2024-02-09T20:07:20
SR-0002367,W2402-0237,DEP-02,deposition,precursor_flow_sccm,30.0585,0,2024-02-09T20:12:20
SR-0002368,W2402-0237,DEP-02,deposition,precursor_flow_sccm,30.4701,0,2024-02-09T20:21:20
SR-0002369,W2402-0237,DEP-02,deposition,film_thickness_nm,49.9061,0,2024-02-09T20:29:20
SR-0002370,W2402-0237,DEP-02,deposition,film_thickness_nm,50.4352,0,2024-02-09T20:37:20
SR-0002371,W2402-0238,IMP-02,implant,beam_current_ma,10.2192,0,2024-02-09T23:21:33
SR-0002372,W2402-0238,IMP-02,implant,beam_current_ma,9.4735,0,2024-02-09T23:31:33
SR-0002373,W2402-0238,IMP-02,implant,beam_energy_kev,49.9017,0,2024-02-09T23:38:33
SR-0002374,W2402-0238,IMP-02,implant,beam_energy_kev,50.6815,0,2024-02-09T23:47:33
SR-0002375,W2402-0238,IMP-02,implant,scan_speed_mm_s,102.8462,0,2024-02-09T23:53:33
SR-0002376,W2402-0238,IMP-02,implant,scan_speed_mm_s,96.6564,0,2024-02-10T00:03:33
SR-0002377,W2402-0238,IMP-02,implant,dose_uniformity_pct,98.2378,0,2024-02-10T00:09:33
SR-0002378,W2402-0238,IMP-02,implant,dose_uniformity_pct,98.3806,0,2024-02-10T00:16:33
SR-0002379,W2402-0238,IMP-02,implant,tilt_angle_deg,7.3454,0,2024-02-10T00:26:33
SR-0002380,W2402-0238,IMP-02,implant,tilt_angle_deg,6.9027,0,2024-02-10T00:35:33
SR-0002381,W2402-0239,IMP-02,implant,beam_current_ma,10.1808,0,2024-02-10T03:51:59
SR-0002382,W2402-0239,IMP-02,implant,beam_current_ma,9.1857,0,2024-02-10T03:57:59
SR-0002383,W2402-0239,IMP-02,implant,beam_energy_kev,49.8916,0,2024-02-10T04:07:59
SR-0002384,W2402-0239,IMP-02,implant,beam_energy_kev,51.9451,0,2024-02-10T04:12:59
SR-0002385,W2402-0239,IMP-02,implant,scan_speed_mm_s,100.6084,0,2024-02-10T04:22:59
SR-0002386,W2402-0239,IMP-02,implant,scan_speed_mm_s,97.6204,0,2024-02-10T04:29:59
SR-0002387,W2402-0239,IMP-02,implant,dose_uniformity_pct,98.3379,0,2024-02-10T04:38:59
SR-0002388,W2402-0239,IMP-02,implant,dose_uniformity_pct,98.1877,0,2024-02-10T04:46:59
SR-0002389,W2402-0239,IMP-02,implant,tilt_angle_deg,7.1166,0,2024-02-10T04:55:59
SR-0002390,W2402-0239,IMP-02,implant,tilt_angle_deg,6.7882,0,2024-02-10T05:02:59
SR-0002391,W2402-0240,DIFF-01,diffusion,furnace_temp_c,947.821,0,2024-02-10T07:45:27
SR-0002392,W2402-0240,DIFF-01,diffusion,furnace_temp_c,949.2774,0,2024-02-10T07:53:27
SR-0002393,W2402-0240,DIFF-01,diffusion,ramp_rate_c_min,9.678,0,2024-02-10T08:00:27
SR-0002394,W2402-0240,DIFF-01,diffusion,ramp_rate_c_min,10.5874,0,2024-02-10T08:10:27
SR-0002395,W2402-0240,DIFF-01,diffusion,ambient_pressure_torr,760.1899,0,2024-02-10T08:19:27
SR-0002396,W2402-0240,DIFF-01,diffusion,ambient_pressure_torr,758.2881,0,2024-02-10T08:27:27
SR-0002397,W2402-0240,DIFF-01,diffusion,gas_ratio,2.0585,0,2024-02-10T08:34:27
SR-0002398,W2402-0240,DIFF-01,diffusion,gas_ratio,1.936,0,2024-02-10T08:40:27
SR-0002399,W2402-0240,DIFF-01,diffusion,anneal_time_min,31.1423,0,2024-02-10T08:51:27
SR-0002400,W2402-0240,DIFF-01,diffusion,anneal_time_min,34.6912,0,2024-02-10T08:56:27
SR-0002401,W2402-0241,IMP-02,implant,beam_current_ma,8.966,0,2024-02-10T11:23:36
SR-0002402,W2402-0241,IMP-02,implant,beam_current_ma,10.271,0,2024-02-10T11:31:36
SR-0002403,W2402-0241,IMP-02,implant,beam_energy_kev,49.5076,0,2024-02-10T11:38:36
SR-0002404,W2402-0241,IMP-02,implant,beam_energy_kev,50.4448,0,2024-02-10T11:46:36
SR-0002405,W2402-0241,IMP-02,implant,scan_speed_mm_s,91.7299,0,2024-02-10T11:55:36
SR-0002406,W2402-0241,IMP-02,implant,scan_speed_mm_s,96.8309,0,2024-02-10T12:00:36
SR-0002407,W2402-0241,IMP-02,implant,dose_uniformity_pct,98.1406,0,2024-02-10T12:11:36
SR-0002408,W2402-0241,IMP-02,implant,dose_uniformity_pct,99.2302,0,2024-02-10T12:17:36
SR-0002409,W2402-0241,IMP-02,implant,tilt_angle_deg,6.8547,0,2024-02-10T12:27:36
SR-0002410,W2402-0241,IMP-02,implant,tilt_angle_deg,7.3577,0,2024-02-10T12:32:36
SR-0002411,W2402-0242,CMP-01,cmp,polish_pressure_psi,3.5788,0,2024-02-10T15:32:59
SR-0002412,W2402-0242,CMP-01,cmp,polish_pressure_psi,3.4843,0,2024-02-10T15:40:59
SR-0002413,W2402-0242,CMP-01,cmp,platen_speed_rpm,95.4989,0,2024-02-10T15:49:59
SR-0002414,W2402-0242,CMP-01,cmp,platen_speed_rpm,90.1067,0,2024-02-10T15:56:59
SR-0002415,W2402-0242,CMP-01,cmp,slurry_flow_ml_min,213.1403,0,2024-02-10T16:03:59
SR-0002416,W2402-0242,CMP-01,cmp,slurry_flow_ml_min,203.2695,0,2024-02-10T16:14:59
SR-0002417,W2402-0242,CMP-01,cmp,removal_rate_ang_min,1514.7311,0,2024-02-10T16:22:59
SR-0002418,W2402-0242,CMP-01,cmp,removal_rate_ang_min,1463.1566,0,2024-02-10T16:27:59
SR-0002419,W2402-0242,CMP-01,cmp,friction_coeff,0.272,0,2024-02-10T16:36:59
SR-0002420,W2402-0242,CMP-01,cmp,friction_coeff,0.3629,0,2024-02-10T16:46:59
SR-0002421,W2402-0243,IMP-01,implant,beam_current_ma,9.7884,0,2024-02-10T20:03:53
SR-0002422,W2402-0243,IMP-01,implant,beam_current_ma,9.7894,0,2024-02-10T20:12:53
SR-0002423,W2402-0243,IMP-01,implant,beam_energy_kev,47.7986,0,2024-02-10T20:19:53
SR-0002424,W2402-0243,IMP-01,implant,beam_energy_kev,49.6632,0,2024-02-10T20:25:53
SR-0002425,W2402-0243,IMP-01,implant,scan_speed_mm_s,91.6873,0,2024-02-10T20:33:53
SR-0002426,W2402-0243,IMP-01,implant,scan_speed_mm_s,94.3227,0,2024-02-10T20:43:53
SR-0002427,W2402-0243,IMP-01,implant,dose_uniformity_pct,97.8463,0,2024-02-10T20:50:53
SR-0002428,W2402-0243,IMP-01,implant,dose_uniformity_pct,98.4591,0,2024-02-10T21:00:53
SR-0002429,W2402-0243,IMP-01,implant,tilt_angle_deg,7.1362,0,2024-02-10T21:07:53
SR-0002430,W2402-0243,IMP-01,implant,tilt_angle_deg,7.1214,0,2024-02-10T21:16:53
SR-0002431,W2402-0244,ETCH-03,etch,etch_temp_c,188.9513,0,2024-02-11T00:15:38
SR-0002432,W2402-0244,ETCH-03,etch,etch_temp_c,184.3998,0,2024-02-11T00:23:38
SR-0002433,W2402-0244,ETCH-03,etch,etch_pressure_mtorr,7.8861,0,2024-02-11T00:29:38
SR-0002434,W2402-0244,ETCH-03,etch,etch_pressure_mtorr,8.1433,0,2024-02-11T00:37:38
SR-0002435,W2402-0244,ETCH-03,etch,rf_power_w,388.6228,0,2024-02-11T00:45:38
SR-0002436,W2402-0244,ETCH-03,etch,rf_power_w,362.3362,0,2024-02-11T00:52:38
SR-0002437,W2402-0244,ETCH-03,etch,gas_flow_sccm,50.2007,0,2024-02-11T01:03:38
SR-0002438,W2402-0244,ETCH-03,etch,gas_flow_sccm,48.7383,0,2024-02-11T01:09:38
SR-0002439,W2402-0244,ETCH-03,etch,endpoint_time_s,118.5856,0,2024-02-11T01:16:38
SR-0002440,W2402-0244,ETCH-03,etch,endpoint_time_s,119.9952,0,2024-02-11T01:25:38
SR-0002441,W2402-0245,DEP-02,deposition,dep_temp_c,290.8994,0,2024-02-11T04:31:21
SR-0002442,W2402-0245,DEP-02,deposition,dep_temp_c,310.0729,0,2024-02-11T04:40:21
SR-0002443,W2402-0245,DEP-02,deposition,dep_pressure_mtorr,4.935,0,2024-02-11T04:45:21
SR-0002444,W2402-0245,DEP-02,deposition,dep_pressure_mtorr,5.1224,0,2024-02-11T04:55:21
SR-0002445,W2402-0245,DEP-02,deposition,rf_power_w,373.3455,0,2024-02-11T05:01:21
SR-0002446,W2402-0245,DEP-02,deposition,rf_power_w,371.3165,0,2024-02-11T05:11:21
SR-0002447,W2402-0245,DEP-02,deposition,precursor_flow_sccm,30.8391,0,2024-02-11T05:17:21
SR-0002448,W2402-0245,DEP-02,deposition,precursor_flow_sccm,28.5316,0,2024-02-11T05:25:21
SR-0002449,W2402-0245,DEP-02,deposition,film_thickness_nm,49.4157,0,2024-02-11T05:33:21
SR-0002450,W2402-0245,DEP-02,deposition,film_thickness_nm,51.5481,0,2024-02-11T05:41:21
SR-0002451,W2402-0246,DEP-02,deposition,dep_temp_c,303.1243,0,2024-02-11T08:35:39
SR-0002452,W2402-0246,DEP-02,deposition,dep_temp_c,304.9871,0,2024-02-11T08:43:39
SR-0002453,W2402-0246,DEP-02,deposition,dep_pressure_mtorr,5.2085,0,2024-02-11T08:54:39
SR-0002454,W2402-0246,DEP-02,deposition,dep_pressure_mtorr,4.2952,0,2024-02-11T09:01:39
SR-0002455,W2402-0246,DEP-02,deposition,rf_power_w,433.2468,1,2024-02-11T09:09:39
SR-0002456,W2402-0246,DEP-02,deposition,rf_power_w,419.2563,0,2024-02-11T09:17:39
SR-0002457,W2402-0246,DEP-02,deposition,precursor_flow_sccm,29.1714,0,2024-02-11T09:25:39
SR-0002458,W2402-0246,DEP-02,deposition,precursor_flow_sccm,31.4552,0,2024-02-11T09:34:39
SR-0002459,W2402-0246,DEP-02,deposition,film_thickness_nm,47.8277,0,2024-02-11T09:42:39
SR-0002460,W2402-0246,DEP-02,deposition,film_thickness_nm,47.9125,0,2024-02-11T09:49:39
SR-0002461,W2402-0247,ETCH-01,etch,etch_temp_c,169.7653,0,2024-02-11T12:29:32
SR-0002462,W2402-0247,ETCH-01,etch,etch_temp_c,181.0651,0,2024-02-11T12:40:32
SR-0002463,W2402-0247,ETCH-01,etch,etch_pressure_mtorr,8.0196,0,2024-02-11T12:46:32
SR-0002464,W2402-0247,ETCH-01,etch,etch_pressure_mtorr,8.2527,0,2024-02-11T12:55:32
SR-0002465,W2402-0247,ETCH-01,etch,rf_power_w,381.2341,0,2024-02-11T13:02:32
SR-0002466,W2402-0247,ETCH-01,etch,rf_power_w,365.8983,0,2024-02-11T13:12:32
SR-0002467,W2402-0247,ETCH-01,etch,gas_flow_sccm,52.0422,0,2024-02-11T13:20:32
SR-0002468,W2402-0247,ETCH-01,etch,gas_flow_sccm,49.9153,0,2024-02-11T13:27:32
SR-0002469,W2402-0247,ETCH-01,etch,endpoint_time_s,119.6655,0,2024-02-11T13:33:32
SR-0002470,W2402-0247,ETCH-01,etch,endpoint_time_s,113.2186,0,2024-02-11T13:43:32
SR-0002471,W2402-0248,DEP-03,deposition,dep_temp_c,292.4262,0,2024-02-11T16:36:14
SR-0002472,W2402-0248,DEP-03,deposition,dep_temp_c,300.5936,0,2024-02-11T16:41:14
SR-0002473,W2402-0248,DEP-03,deposition,dep_pressure_mtorr,5.3435,0,2024-02-11T16:51:14
SR-0002474,W2402-0248,DEP-03,deposition,dep_pressure_mtorr,4.3754,0,2024-02-11T17:00:14
SR-0002475,W2402-0248,DEP-03,deposition,rf_power_w,395.1983,0,2024-02-11T17:05:14
SR-0002476,W2402-0248,DEP-03,deposition,rf_power_w,378.7659,0,2024-02-11T17:14:14
SR-0002477,W2402-0248,DEP-03,deposition,precursor_flow_sccm,28.7548,0,2024-02-11T17:22:14
SR-0002478,W2402-0248,DEP-03,deposition,precursor_flow_sccm,32.097,0,2024-02-11T17:29:14
SR-0002479,W2402-0248,DEP-03,deposition,film_thickness_nm,48.5086,0,2024-02-11T17:38:14
SR-0002480,W2402-0248,DEP-03,deposition,film_thickness_nm,49.5731,0,2024-02-11T17:48:14
SR-0002481,W2402-0249,IMP-02,implant,beam_current_ma,10.0028,0,2024-02-11T21:04:01
SR-0002482,W2402-0249,IMP-02,implant,beam_current_ma,10.9908,0,2024-02-11T21:14:01
SR-0002483,W2402-0249,IMP-02,implant,beam_energy_kev,46.9816,0,2024-02-11T21:20:01
SR-0002484,W2402-0249,IMP-02,implant,beam_energy_kev,50.051,0,2024-02-11T21:27:01
SR-0002485,W2402-0249,IMP-02,implant,scan_speed_mm_s,103.0539,0,2024-02-11T21:35:01
SR-0002486,W2402-0249,IMP-02,implant,scan_speed_mm_s,92.7236,0,2024-02-11T21:44:01
SR-0002487,W2402-0249,IMP-02,implant,dose_uniformity_pct,98.8155,0,2024-02-11T21:53:01
SR-0002488,W2402-0249,IMP-02,implant,dose_uniformity_pct,99.198,0,2024-02-11T22:00:01
SR-0002489,W2402-0249,IMP-02,implant,tilt_angle_deg,6.8042,0,2024-02-11T22:09:01
SR-0002490,W2402-0249,IMP-02,implant,tilt_angle_deg,6.752,0,2024-02-11T22:15:01
SR-0002491,W2402-0250,LIT-03,litho,exposure_energy_mj,23.9376,0,2024-02-12T00:44:23
SR-0002492,W2402-0250,LIT-03,litho,exposure_energy_mj,25.6266,0,2024-02-12T00:54:23
SR-0002493,W2402-0250,LIT-03,litho,focus_offset_nm,-1.3224,0,2024-02-12T00:59:23
SR-0002494,W2402-0250,LIT-03,litho,focus_offset_nm,0.5078,0,2024-02-12T01:08:23
SR-0002495,W2402-0250,LIT-03,litho,stage_temp_c,21.8274,0,2024-02-12T01:15:23
SR-0002496,W2402-0250,LIT-03,litho,stage_temp_c,21.8798,0,2024-02-12T01:26:23
SR-0002497,W2402-0250,LIT-03,litho,humidity_pct,42.7053,0,2024-02-12T01:34:23
SR-0002498,W2402-0250,LIT-03,litho,humidity_pct,45.7662,0,2024-02-12T01:39:23
SR-0002499,W2402-0250,LIT-03,litho,dose_uniformity_pct,98.168,0,2024-02-12T01:49:23
SR-0002500,W2402-0250,LIT-03,litho,dose_uniformity_pct,98.6841,0,2024-02-12T01:56:23
SR-0002501,W2402-0251,DEP-01,deposition,dep_temp_c,301.131,0,2024-02-12T04:55:57
SR-0002502,W2402-0251,DEP-01,deposition,dep_temp_c,297.6581,0,2024-02-12T05:05:57
SR-0002503,W2402-0251,DEP-01,deposition,dep_pressure_mtorr,4.9308,0,2024-02-12T05:14:57
SR-0002504,W2402-0251,DEP-01,deposition,dep_pressure_mtorr,4.9846,0,2024-02-12T05:19:57
SR-0002505,W2402-0251,DEP-01,deposition,rf_power_w,379.596,0,2024-02-12T05:28:57
SR-0002506,W2402-0251,DEP-01,deposition,rf_power_w,404.0203,0,2024-02-12T05:37:57
SR-0002507,W2402-0251,DEP-01,deposition,precursor_flow_sccm,26.5648,0,2024-02-12T05:45:57
SR-0002508,W2402-0251,DEP-01,deposition,precursor_flow_sccm,31.0285,0,2024-02-12T05:52:57
SR-0002509,W2402-0251,DEP-01,deposition,film_thickness_nm,47.772,0,2024-02-12T06:00:57
SR-0002510,W2402-0251,DEP-01,deposition,film_thickness_nm,50.1065,0,2024-02-12T06:10:57
SR-0002511,W2402-0252,ETCH-01,etch,etch_temp_c,175.253,0,2024-02-12T08:35:14
SR-0002512,W2402-0252,ETCH-01,etch,etch_temp_c,179.4104,0,2024-02-12T08:42:14
SR-0002513,W2402-0252,ETCH-01,etch,etch_pressure_mtorr,8.944,0,2024-02-12T08:52:14
SR-0002514,W2402-0252,ETCH-01,etch,etch_pressure_mtorr,7.8797,0,2024-02-12T08:59:14
SR-0002515,W2402-0252,ETCH-01,etch,rf_power_w,372.3349,0,2024-02-12T09:06:14
SR-0002516,W2402-0252,ETCH-01,etch,rf_power_w,379.4611,0,2024-02-12T09:13:14
SR-0002517,W2402-0252,ETCH-01,etch,gas_flow_sccm,46.1109,0,2024-02-12T09:23:14
SR-0002518,W2402-0252,ETCH-01,etch,gas_flow_sccm,47.7968,0,2024-02-12T09:29:14
SR-0002519,W2402-0252,ETCH-01,etch,endpoint_time_s,134.1995,0,2024-02-12T09:39:14
SR-0002520,W2402-0252,ETCH-01,etch,endpoint_time_s,127.8277,0,2024-02-12T09:48:14
SR-0002521,W2402-0253,CMP-01,cmp,polish_pressure_psi,3.4938,0,2024-02-12T12:25:53
SR-0002522,W2402-0253,CMP-01,cmp,polish_pressure_psi,3.188,0,2024-02-12T12:35:53
SR-0002523,W2402-0253,CMP-01,cmp,platen_speed_rpm,90.2439,0,2024-02-12T12:40:53
SR-0002524,W2402-0253,CMP-01,cmp,platen_speed_rpm,94.4695,0,2024-02-12T12:49:53
SR-0002525,W2402-0253,CMP-01,cmp,slurry_flow_ml_min,198.9359,0,2024-02-12T12:57:53
SR-0002526,W2402-0253,CMP-01,cmp,slurry_flow_ml_min,198.9925,0,2024-02-12T13:05:53
SR-0002527,W2402-0253,CMP-01,cmp,removal_rate_ang_min,1484.3598,0,2024-02-12T13:15:53
SR-0002528,W2402-0253,CMP-01,cmp,removal_rate_ang_min,1494.033,0,2024-02-12T13:21:53
SR-0002529,W2402-0253,CMP-01,cmp,friction_coeff,0.325,0,2024-02-12T13:28:53
SR-0002530,W2402-0253,CMP-01,cmp,friction_coeff,0.324,0,2024-02-12T13:39:53
SR-0002531,W2402-0254,CMP-01,cmp,polish_pressure_psi,3.4462,0,2024-02-12T16:40:01
SR-0002532,W2402-0254,CMP-01,cmp,polish_pressure_psi,3.5097,0,2024-02-12T16:48:01
SR-0002533,W2402-0254,CMP-01,cmp,platen_speed_rpm,85.0257,0,2024-02-12T16:56:01
SR-0002534,W2402-0254,CMP-01,cmp,platen_speed_rpm,88.911,0,2024-02-12T17:05:01
SR-0002535,W2402-0254,CMP-01,cmp,slurry_flow_ml_min,193.7821,0,2024-02-12T17:10:01
SR-0002536,W2402-0254,CMP-01,cmp,slurry_flow_ml_min,211.3667,0,2024-02-12T17:18:01
SR-0002537,W2402-0254,CMP-01,cmp,removal_rate_ang_min,1561.2123,0,2024-02-12T17:28:01
SR-0002538,W2402-0254,CMP-01,cmp,removal_rate_ang_min,1471.1614,0,2024-02-12T17:35:01
SR-0002539,W2402-0254,CMP-01,cmp,friction_coeff,0.3547,0,2024-02-12T17:45:01
SR-0002540,W2402-0254,CMP-01,cmp,friction_coeff,0.3417,0,2024-02-12T17:51:01
SR-0002541,W2402-0255,CMP-02,cmp,polish_pressure_psi,3.3436,0,2024-02-12T20:47:34
SR-0002542,W2402-0255,CMP-02,cmp,polish_pressure_psi,3.5661,0,2024-02-12T20:54:34
SR-0002543,W2402-0255,CMP-02,cmp,platen_speed_rpm,98.1403,0,2024-02-12T21:04:34
SR-0002544,W2402-0255,CMP-02,cmp,platen_speed_rpm,89.0147,0,2024-02-12T21:11:34
SR-0002545,W2402-0255,CMP-02,cmp,slurry_flow_ml_min,187.0551,0,2024-02-12T21:21:34
SR-0002546,W2402-0255,CMP-02,cmp,slurry_flow_ml_min,210.0467,0,2024-02-12T21:27:34
SR-0002547,W2402-0255,CMP-02,cmp,removal_rate_ang_min,1483.8169,0,2024-02-12T21:34:34
SR-0002548,W2402-0255,CMP-02,cmp,removal_rate_ang_min,1611.3182,0,2024-02-12T21:43:34
SR-0002549,W2402-0255,CMP-02,cmp,friction_coeff,0.396,0,2024-02-12T21:50:34
SR-0002550,W2402-0255,CMP-02,cmp,friction_coeff,0.3767,0,2024-02-12T22:00:34
SR-0002551,W2402-0256,DIFF-01,diffusion,furnace_temp_c,954.0464,0,2024-02-13T01:17:32
SR-0002552,W2402-0256,DIFF-01,diffusion,furnace_temp_c,956.8951,0,2024-02-13T01:25:32
SR-0002553,W2402-0256,DIFF-01,diffusion,ramp_rate_c_min,9.8672,0,2024-02-13T01:31:32
SR-0002554,W2402-0256,DIFF-01,diffusion,ramp_rate_c_min,10.3628,0,2024-02-13T01:41:32
SR-0002555,W2402-0256,DIFF-01,diffusion,ambient_pressure_torr,760.3147,0,2024-02-13T01:48:32
SR-0002556,W2402-0256,DIFF-01,diffusion,ambient_pressure_torr,758.1109,0,2024-02-13T01:57:32
SR-0002557,W2402-0256,DIFF-01,diffusion,gas_ratio,1.77,0,2024-02-13T02:02:32
SR-0002558,W2402-0256,DIFF-01,diffusion,gas_ratio,2.0347,0,2024-02-13T02:13:32
SR-0002559,W2402-0256,DIFF-01,diffusion,anneal_time_min,26.0589,0,2024-02-13T02:20:32
SR-0002560,W2402-0256,DIFF-01,diffusion,anneal_time_min,28.5374,0,2024-02-13T02:26:32
SR-0002561,W2402-0257,ETCH-02,etch,etch_temp_c,172.594,0,2024-02-13T04:53:43
SR-0002562,W2402-0257,ETCH-02,etch,etch_temp_c,176.1378,0,2024-02-13T05:02:43
SR-0002563,W2402-0257,ETCH-02,etch,etch_pressure_mtorr,8.1707,0,2024-02-13T05:09:43
SR-0002564,W2402-0257,ETCH-02,etch,etch_pressure_mtorr,6.7365,0,2024-02-13T05:20:43
SR-0002565,W2402-0257,ETCH-02,etch,rf_power_w,356.9841,0,2024-02-13T05:27:43
SR-0002566,W2402-0257,ETCH-02,etch,rf_power_w,377.6851,0,2024-02-13T05:34:43
SR-0002567,W2402-0257,ETCH-02,etch,gas_flow_sccm,49.1637,0,2024-02-13T05:44:43
SR-0002568,W2402-0257,ETCH-02,etch,gas_flow_sccm,47.1374,0,2024-02-13T05:52:43
SR-0002569,W2402-0257,ETCH-02,etch,endpoint_time_s,120.7132,0,2024-02-13T05:59:43
SR-0002570,W2402-0257,ETCH-02,etch,endpoint_time_s,117.9381,0,2024-02-13T06:05:43
SR-0002571,W2402-0258,DEP-01,deposition,dep_temp_c,299.0072,0,2024-02-13T09:18:25
SR-0002572,W2402-0258,DEP-01,deposition,dep_temp_c,293.5672,0,2024-02-13T09:28:25
SR-0002573,W2402-0258,DEP-01,deposition,dep_pressure_mtorr,5.2611,0,2024-02-13T09:36:25
SR-0002574,W2402-0258,DEP-01,deposition,dep_pressure_mtorr,5.5261,0,2024-02-13T09:41:25
SR-0002575,W2402-0258,DEP-01,deposition,rf_power_w,391.1734,0,2024-02-13T09:50:25
SR-0002576,W2402-0258,DEP-01,deposition,rf_power_w,411.2818,0,2024-02-13T09:58:25
SR-0002577,W2402-0258,DEP-01,deposition,precursor_flow_sccm,29.3148,0,2024-02-13T10:06:25
SR-0002578,W2402-0258,DEP-01,deposition,precursor_flow_sccm,31.6324,0,2024-02-13T10:15:25
SR-0002579,W2402-0258,DEP-01,deposition,film_thickness_nm,50.0364,0,2024-02-13T10:21:25
SR-0002580,W2402-0258,DEP-01,deposition,film_thickness_nm,51.269,0,2024-02-13T10:30:25
SR-0002581,W2402-0259,DIFF-01,diffusion,furnace_temp_c,951.5927,0,2024-02-13T13:03:53
SR-0002582,W2402-0259,DIFF-01,diffusion,furnace_temp_c,940.9789,0,2024-02-13T13:11:53
SR-0002583,W2402-0259,DIFF-01,diffusion,ramp_rate_c_min,9.6264,0,2024-02-13T13:19:53
SR-0002584,W2402-0259,DIFF-01,diffusion,ramp_rate_c_min,10.5892,0,2024-02-13T13:29:53
SR-0002585,W2402-0259,DIFF-01,diffusion,ambient_pressure_torr,759.7012,0,2024-02-13T13:36:53
SR-0002586,W2402-0259,DIFF-01,diffusion,ambient_pressure_torr,755.7321,0,2024-02-13T13:43:53
SR-0002587,W2402-0259,DIFF-01,diffusion,gas_ratio,2.112,0,2024-02-13T13:52:53
SR-0002588,W2402-0259,DIFF-01,diffusion,gas_ratio,1.9244,0,2024-02-13T14:01:53
SR-0002589,W2402-0259,DIFF-01,diffusion,anneal_time_min,34.5932,0,2024-02-13T14:10:53
SR-0002590,W2402-0259,DIFF-01,diffusion,anneal_time_min,31.482,0,2024-02-13T14:17:53
SR-0002591,W2402-0260,DIFF-01,diffusion,furnace_temp_c,954.4703,0,2024-02-13T17:15:24
SR-0002592,W2402-0260,DIFF-01,diffusion,furnace_temp_c,945.3041,0,2024-02-13T17:21:24
SR-0002593,W2402-0260,DIFF-01,diffusion,ramp_rate_c_min,9.6302,0,2024-02-13T17:29:24
SR-0002594,W2402-0260,DIFF-01,diffusion,ramp_rate_c_min,10.0261,0,2024-02-13T17:39:24
SR-0002595,W2402-0260,DIFF-01,diffusion,ambient_pressure_torr,761.2868,0,2024-02-13T17:46:24
SR-0002596,W2402-0260,DIFF-01,diffusion,ambient_pressure_torr,762.6188,0,2024-02-13T17:54:24
SR-0002597,W2402-0260,DIFF-01,diffusion,gas_ratio,1.9641,0,2024-02-13T18:03:24
SR-0002598,W2402-0260,DIFF-01,diffusion,gas_ratio,1.9723,0,2024-02-13T18:12:24
SR-0002599,W2402-0260,DIFF-01,diffusion,anneal_time_min,33.1846,0,2024-02-13T18:17:24
SR-0002600,W2402-0260,DIFF-01,diffusion,anneal_time_min,28.5212,0,2024-02-13T18:26:24
SR-0002601,W2402-0261,IMP-01,implant,beam_current_ma,9.8803,0,2024-02-13T20:49:08
SR-0002602,W2402-0261,IMP-01,implant,beam_current_ma,8.8423,0,2024-02-13T20:57:08
SR-0002603,W2402-0261,IMP-01,implant,beam_energy_kev,51.3118,0,2024-02-13T21:03:08
SR-0002604,W2402-0261,IMP-01,implant,beam_energy_kev,49.2543,0,2024-02-13T21:12:08
SR-0002605,W2402-0261,IMP-01,implant,scan_speed_mm_s,99.5722,0,2024-02-13T21:19:08
SR-0002606,W2402-0261,IMP-01,implant,scan_speed_mm_s,98.5734,0,2024-02-13T21:27:08
SR-0002607,W2402-0261,IMP-01,implant,dose_uniformity_pct,97.8721,0,2024-02-13T21:37:08
SR-0002608,W2402-0261,IMP-01,implant,dose_uniformity_pct,98.6895,0,2024-02-13T21:45:08
SR-0002609,W2402-0261,IMP-01,implant,tilt_angle_deg,6.8429,0,2024-02-13T21:53:08
SR-0002610,W2402-0261,IMP-01,implant,tilt_angle_deg,7.2685,0,2024-02-13T21:58:08
SR-0002611,W2402-0262,IMP-02,implant,beam_current_ma,10.1102,0,2024-02-14T00:55:46
SR-0002612,W2402-0262,IMP-02,implant,beam_current_ma,10.1711,0,2024-02-14T01:04:46
SR-0002613,W2402-0262,IMP-02,implant,beam_energy_kev,50.6811,0,2024-02-14T01:09:46
SR-0002614,W2402-0262,IMP-02,implant,beam_energy_kev,49.5871,0,2024-02-14T01:19:46
SR-0002615,W2402-0262,IMP-02,implant,scan_speed_mm_s,101.8957,0,2024-02-14T01:27:46
SR-0002616,W2402-0262,IMP-02,implant,scan_speed_mm_s,105.4227,0,2024-02-14T01:35:46
SR-0002617,W2402-0262,IMP-02,implant,dose_uniformity_pct,99.2113,0,2024-02-14T01:41:46
SR-0002618,W2402-0262,IMP-02,implant,dose_uniformity_pct,99.6383,0,2024-02-14T01:50:46
SR-0002619,W2402-0262,IMP-02,implant,tilt_angle_deg,7.3219,0,2024-02-14T02:00:46
SR-0002620,W2402-0262,IMP-02,implant,tilt_angle_deg,7.3336,0,2024-02-14T02:05:46
SR-0002621,W2402-0263,DEP-02,deposition,dep_temp_c,297.3934,0,2024-02-14T05:13:03
SR-0002622,W2402-0263,DEP-02,deposition,dep_temp_c,289.9342,0,2024-02-14T05:23:03
SR-0002623,W2402-0263,DEP-02,deposition,dep_pressure_mtorr,4.8986,0,2024-02-14T05:28:03
SR-0002624,W2402-0263,DEP-02,deposition,dep_pressure_mtorr,4.5419,0,2024-02-14T05:38:03
SR-0002625,W2402-0263,DEP-02,deposition,rf_power_w,375.7853,0,2024-02-14T05:46:03
SR-0002626,W2402-0263,DEP-02,deposition,rf_power_w,355.0588,0,2024-02-14T05:53:03
SR-0002627,W2402-0263,DEP-02,deposition,precursor_flow_sccm,28.0027,0,2024-02-14T06:02:03
SR-0002628,W2402-0263,DEP-02,deposition,precursor_flow_sccm,31.407,0,2024-02-14T06:10:03
SR-0002629,W2402-0263,DEP-02,deposition,film_thickness_nm,49.6723,0,2024-02-14T06:19:03
SR-0002630,W2402-0263,DEP-02,deposition,film_thickness_nm,49.4831,0,2024-02-14T06:24:03
SR-0002631,W2402-0264,DIFF-01,diffusion,furnace_temp_c,950.3784,0,2024-02-14T09:10:55
SR-0002632,W2402-0264,DIFF-01,diffusion,furnace_temp_c,948.4778,0,2024-02-14T09:19:55
SR-0002633,W2402-0264,DIFF-01,diffusion,ramp_rate_c_min,9.7681,0,2024-02-14T09:25:55
SR-0002634,W2402-0264,DIFF-01,diffusion,ramp_rate_c_min,10.6222,0,2024-02-14T09:35:55
SR-0002635,W2402-0264,DIFF-01,diffusion,ambient_pressure_torr,758.5998,0,2024-02-14T09:42:55
SR-0002636,W2402-0264,DIFF-01,diffusion,ambient_pressure_torr,759.0926,0,2024-02-14T09:52:55
SR-0002637,W2402-0264,DIFF-01,diffusion,gas_ratio,1.9063,0,2024-02-14T09:58:55
SR-0002638,W2402-0264,DIFF-01,diffusion,gas_ratio,1.9133,0,2024-02-14T10:08:55
SR-0002639,W2402-0264,DIFF-01,diffusion,anneal_time_min,30.6996,0,2024-02-14T10:15:55
SR-0002640,W2402-0264,DIFF-01,diffusion,anneal_time_min,29.6586,0,2024-02-14T10:22:55
SR-0002641,W2402-0265,CMP-01,cmp,polish_pressure_psi,3.7085,0,2024-02-14T13:25:58
SR-0002642,W2402-0265,CMP-01,cmp,polish_pressure_psi,3.4438,0,2024-02-14T13:33:58
SR-0002643,W2402-0265,CMP-01,cmp,platen_speed_rpm,88.3947,0,2024-02-14T13:42:58
SR-0002644,W2402-0265,CMP-01,cmp,platen_speed_rpm,91.2454,0,2024-02-14T13:47:58
SR-0002645,W2402-0265,CMP-01,cmp,slurry_flow_ml_min,180.8433,0,2024-02-14T13:55:58
SR-0002646,W2402-0265,CMP-01,cmp,slurry_flow_ml_min,196.9756,0,2024-02-14T14:04:58
SR-0002647,W2402-0265,CMP-01,cmp,removal_rate_ang_min,1380.5791,0,2024-02-14T14:11:58
SR-0002648,W2402-0265,CMP-01,cmp,removal_rate_ang_min,1535.3691,0,2024-02-14T14:22:58
SR-0002649,W2402-0265,CMP-01,cmp,friction_coeff,0.3625,0,2024-02-14T14:27:58
SR-0002650,W2402-0265,CMP-01,cmp,friction_coeff,0.3806,0,2024-02-14T14:36:58
SR-0002651,W2402-0266,CMP-01,cmp,polish_pressure_psi,3.4505,0,2024-02-14T17:24:57
SR-0002652,W2402-0266,CMP-01,cmp,polish_pressure_psi,3.196,0,2024-02-14T17:29:57
SR-0002653,W2402-0266,CMP-01,cmp,platen_speed_rpm,90.1048,0,2024-02-14T17:40:57
SR-0002654,W2402-0266,CMP-01,cmp,platen_speed_rpm,93.2353,0,2024-02-14T17:45:57
SR-0002655,W2402-0266,CMP-01,cmp,slurry_flow_ml_min,200.5666,0,2024-02-14T17:56:57
SR-0002656,W2402-0266,CMP-01,cmp,slurry_flow_ml_min,195.1154,0,2024-02-14T18:02:57
SR-0002657,W2402-0266,CMP-01,cmp,removal_rate_ang_min,1420.449,0,2024-02-14T18:09:57
SR-0002658,W2402-0266,CMP-01,cmp,removal_rate_ang_min,1399.046,0,2024-02-14T18:18:57
SR-0002659,W2402-0266,CMP-01,cmp,friction_coeff,0.3016,0,2024-02-14T18:26:57
SR-0002660,W2402-0266,CMP-01,cmp,friction_coeff,0.4011,0,2024-02-14T18:35:57
SR-0002661,W2402-0267,DIFF-02,diffusion,furnace_temp_c,954.3479,0,2024-02-14T20:54:59
SR-0002662,W2402-0267,DIFF-02,diffusion,furnace_temp_c,945.6827,0,2024-02-14T21:04:59
SR-0002663,W2402-0267,DIFF-02,diffusion,ramp_rate_c_min,10.2278,0,2024-02-14T21:10:59
SR-0002664,W2402-0267,DIFF-02,diffusion,ramp_rate_c_min,9.6043,0,2024-02-14T21:18:59
SR-0002665,W2402-0267,DIFF-02,diffusion,ambient_pressure_torr,762.5664,0,2024-02-14T21:28:59
SR-0002666,W2402-0267,DIFF-02,diffusion,ambient_pressure_torr,759.493,0,2024-02-14T21:35:59
SR-0002667,W2402-0267,DIFF-02,diffusion,gas_ratio,2.0794,0,2024-02-14T21:42:59
SR-0002668,W2402-0267,DIFF-02,diffusion,gas_ratio,1.9902,0,2024-02-14T21:51:59
SR-0002669,W2402-0267,DIFF-02,diffusion,anneal_time_min,27.4131,0,2024-02-14T22:00:59
SR-0002670,W2402-0267,DIFF-02,diffusion,anneal_time_min,34.5642,0,2024-02-14T22:06:59
SR-0002671,W2402-0268,ETCH-02,etch,etch_temp_c,171.7315,0,2024-02-15T01:11:15
SR-0002672,W2402-0268,ETCH-02,etch,etch_temp_c,179.5473,0,2024-02-15T01:16:15
SR-0002673,W2402-0268,ETCH-02,etch,etch_pressure_mtorr,7.3928,0,2024-02-15T01:26:15
SR-0002674,W2402-0268,ETCH-02,etch,etch_pressure_mtorr,8.555,0,2024-02-15T01:34:15
SR-0002675,W2402-0268,ETCH-02,etch,rf_power_w,380.6166,0,2024-02-15T01:42:15
SR-0002676,W2402-0268,ETCH-02,etch,rf_power_w,390.8789,0,2024-02-15T01:49:15
SR-0002677,W2402-0268,ETCH-02,etch,gas_flow_sccm,51.1571,0,2024-02-15T01:59:15
SR-0002678,W2402-0268,ETCH-02,etch,gas_flow_sccm,49.4355,0,2024-02-15T02:07:15
SR-0002679,W2402-0268,ETCH-02,etch,endpoint_time_s,121.8305,0,2024-02-15T02:13:15
SR-0002680,W2402-0268,ETCH-02,etch,endpoint_time_s,125.1773,0,2024-02-15T02:21:15
SR-0002681,W2402-0269,CMP-01,cmp,polish_pressure_psi,3.622,0,2024-02-15T05:11:11
SR-0002682,W2402-0269,CMP-01,cmp,polish_pressure_psi,3.6647,0,2024-02-15T05:17:11
SR-0002683,W2402-0269,CMP-01,cmp,platen_speed_rpm,94.0576,0,2024-02-15T05:26:11
SR-0002684,W2402-0269,CMP-01,cmp,platen_speed_rpm,90.7505,0,2024-02-15T05:34:11
SR-0002685,W2402-0269,CMP-01,cmp,slurry_flow_ml_min,209.9182,0,2024-02-15T05:42:11
SR-0002686,W2402-0269,CMP-01,cmp,slurry_flow_ml_min,194.2899,0,2024-02-15T05:50:11
SR-0002687,W2402-0269,CMP-01,cmp,removal_rate_ang_min,1513.8001,0,2024-02-15T05:56:11
SR-0002688,W2402-0269,CMP-01,cmp,removal_rate_ang_min,1572.9099,0,2024-02-15T06:07:11
SR-0002689,W2402-0269,CMP-01,cmp,friction_coeff,0.3471,0,2024-02-15T06:13:11
SR-0002690,W2402-0269,CMP-01,cmp,friction_coeff,0.3817,0,2024-02-15T06:20:11
SR-0002691,W2402-0270,LIT-01,litho,exposure_energy_mj,25.6384,0,2024-02-15T08:53:05
SR-0002692,W2402-0270,LIT-01,litho,exposure_energy_mj,25.5848,0,2024-02-15T08:59:05
SR-0002693,W2402-0270,LIT-01,litho,focus_offset_nm,-2.0998,0,2024-02-15T09:08:05
SR-0002694,W2402-0270,LIT-01,litho,focus_offset_nm,-0.2331,0,2024-02-15T09:18:05
SR-0002695,W2402-0270,LIT-01,litho,stage_temp_c,22.1046,0,2024-02-15T09:25:05
SR-0002696,W2402-0270,LIT-01,litho,stage_temp_c,22.0961,0,2024-02-15T09:32:05
SR-0002697,W2402-0270,LIT-01,litho,humidity_pct,43.9666,0,2024-02-15T09:42:05
SR-0002698,W2402-0270,LIT-01,litho,humidity_pct,53.2866,0,2024-02-15T09:47:05
SR-0002699,W2402-0270,LIT-01,litho,dose_uniformity_pct,98.1426,0,2024-02-15T09:58:05
SR-0002700,W2402-0270,LIT-01,litho,dose_uniformity_pct,97.9164,0,2024-02-15T10:04:05
SR-0002701,W2402-0271,DEP-03,deposition,dep_temp_c,300.4015,0,2024-02-15T12:58:56
SR-0002702,W2402-0271,DEP-03,deposition,dep_temp_c,300.0596,0,2024-02-15T13:07:56
SR-0002703,W2402-0271,DEP-03,deposition,dep_pressure_mtorr,4.4777,0,2024-02-15T13:15:56
SR-0002704,W2402-0271,DEP-03,deposition,dep_pressure_mtorr,5.5116,0,2024-02-15T13:20:56
SR-0002705,W2402-0271,DEP-03,deposition,rf_power_w,407.7286,0,2024-02-15T13:29:56
SR-0002706,W2402-0271,DEP-03,deposition,rf_power_w,389.8773,0,2024-02-15T13:37:56
SR-0002707,W2402-0271,DEP-03,deposition,precursor_flow_sccm,31.4641,0,2024-02-15T13:44:56
SR-0002708,W2402-0271,DEP-03,deposition,precursor_flow_sccm,29.4024,0,2024-02-15T13:52:56
SR-0002709,W2402-0271,DEP-03,deposition,film_thickness_nm,49.1761,0,2024-02-15T14:03:56
SR-0002710,W2402-0271,DEP-03,deposition,film_thickness_nm,49.1919,0,2024-02-15T14:08:56
SR-0002711,W2402-0272,DEP-01,deposition,dep_temp_c,300.5054,0,2024-02-15T17:13:35
SR-0002712,W2402-0272,DEP-01,deposition,dep_temp_c,300.0407,0,2024-02-15T17:19:35
SR-0002713,W2402-0272,DEP-01,deposition,dep_pressure_mtorr,5.1726,0,2024-02-15T17:27:35
SR-0002714,W2402-0272,DEP-01,deposition,dep_pressure_mtorr,4.9712,0,2024-02-15T17:36:35
SR-0002715,W2402-0272,DEP-01,deposition,rf_power_w,387.2738,0,2024-02-15T17:43:35
SR-0002716,W2402-0272,DEP-01,deposition,rf_power_w,372.0291,0,2024-02-15T17:53:35
SR-0002717,W2402-0272,DEP-01,deposition,precursor_flow_sccm,28.6261,0,2024-02-15T17:58:35
SR-0002718,W2402-0272,DEP-01,deposition,precursor_flow_sccm,29.4645,0,2024-02-15T18:07:35
SR-0002719,W2402-0272,DEP-01,deposition,film_thickness_nm,48.8738,0,2024-02-15T18:15:35
SR-0002720,W2402-0272,DEP-01,deposition,film_thickness_nm,51.3361,0,2024-02-15T18:23:35
SR-0002721,W2402-0273,DEP-03,deposition,dep_temp_c,299.6871,0,2024-02-15T21:15:48
SR-0002722,W2402-0273,DEP-03,deposition,dep_temp_c,303.6817,0,2024-02-15T21:24:48
SR-0002723,W2402-0273,DEP-03,deposition,dep_pressure_mtorr,5.2087,0,2024-02-15T21:31:48
SR-0002724,W2402-0273,DEP-03,deposition,dep_pressure_mtorr,5.2854,0,2024-02-15T21:39:48
SR-0002725,W2402-0273,DEP-03,deposition,rf_power_w,373.1863,0,2024-02-15T21:46:48
SR-0002726,W2402-0273,DEP-03,deposition,rf_power_w,389.6601,0,2024-02-15T21:56:48
SR-0002727,W2402-0273,DEP-03,deposition,precursor_flow_sccm,28.8952,0,2024-02-15T22:03:48
SR-0002728,W2402-0273,DEP-03,deposition,precursor_flow_sccm,30.2789,0,2024-02-15T22:10:48
SR-0002729,W2402-0273,DEP-03,deposition,film_thickness_nm,51.0373,0,2024-02-15T22:21:48
SR-0002730,W2402-0273,DEP-03,deposition,film_thickness_nm,49.4731,0,2024-02-15T22:28:48
SR-0002731,W2402-0274,ETCH-01,etch,etch_temp_c,172.9919,0,2024-02-16T01:19:48
SR-0002732,W2402-0274,ETCH-01,etch,etch_temp_c,174.4677,0,2024-02-16T01:28:48
SR-0002733,W2402-0274,ETCH-01,etch,etch_pressure_mtorr,8.4564,0,2024-02-16T01:34:48
SR-0002734,W2402-0274,ETCH-01,etch,etch_pressure_mtorr,7.9337,0,2024-02-16T01:41:48
SR-0002735,W2402-0274,ETCH-01,etch,rf_power_w,384.2389,0,2024-02-16T01:49:48
SR-0002736,W2402-0274,ETCH-01,etch,rf_power_w,403.471,0,2024-02-16T01:58:48
SR-0002737,W2402-0274,ETCH-01,etch,gas_flow_sccm,51.0633,0,2024-02-16T02:07:48
SR-0002738,W2402-0274,ETCH-01,etch,gas_flow_sccm,45.6935,0,2024-02-16T02:13:48
SR-0002739,W2402-0274,ETCH-01,etch,endpoint_time_s,121.9098,0,2024-02-16T02:24:48
SR-0002740,W2402-0274,ETCH-01,etch,endpoint_time_s,124.8451,0,2024-02-16T02:31:48
SR-0002741,W2402-0275,DIFF-02,diffusion,furnace_temp_c,961.1655,0,2024-02-16T05:37:30
SR-0002742,W2402-0275,DIFF-02,diffusion,furnace_temp_c,949.244,0,2024-02-16T05:43:30
SR-0002743,W2402-0275,DIFF-02,diffusion,ramp_rate_c_min,10.2127,0,2024-02-16T05:52:30
SR-0002744,W2402-0275,DIFF-02,diffusion,ramp_rate_c_min,9.5984,0,2024-02-16T06:01:30
SR-0002745,W2402-0275,DIFF-02,diffusion,ambient_pressure_torr,762.8699,0,2024-02-16T06:09:30
SR-0002746,W2402-0275,DIFF-02,diffusion,ambient_pressure_torr,760.1185,0,2024-02-16T06:18:30
SR-0002747,W2402-0275,DIFF-02,diffusion,gas_ratio,2.0801,0,2024-02-16T06:23:30
SR-0002748,W2402-0275,DIFF-02,diffusion,gas_ratio,2.0401,0,2024-02-16T06:31:30
SR-0002749,W2402-0275,DIFF-02,diffusion,anneal_time_min,29.3116,0,2024-02-16T06:39:30
SR-0002750,W2402-0275,DIFF-02,diffusion,anneal_time_min,26.2252,0,2024-02-16T06:48:30
SR-0002751,W2402-0276,ETCH-03,etch,etch_temp_c,188.9532,0,2024-02-16T09:07:55
SR-0002752,W2402-0276,ETCH-03,etch,etch_temp_c,190.8027,1,2024-02-16T09:17:55
SR-0002753,W2402-0276,ETCH-03,etch,etch_pressure_mtorr,8.2851,0,2024-02-16T09:25:55
SR-0002754,W2402-0276,ETCH-03,etch,etch_pressure_mtorr,7.7668,0,2024-02-16T09:32:55
SR-0002755,W2402-0276,ETCH-03,etch,rf_power_w,335.1929,1,2024-02-16T09:40:55
SR-0002756,W2402-0276,ETCH-03,etch,rf_power_w,389.418,0,2024-02-16T09:49:55
SR-0002757,W2402-0276,ETCH-03,etch,gas_flow_sccm,50.3547,0,2024-02-16T09:57:55
SR-0002758,W2402-0276,ETCH-03,etch,gas_flow_sccm,51.7233,0,2024-02-16T10:03:55
SR-0002759,W2402-0276,ETCH-03,etch,endpoint_time_s,116.6544,0,2024-02-16T10:14:55
SR-0002760,W2402-0276,ETCH-03,etch,endpoint_time_s,124.7462,0,2024-02-16T10:19:55
SR-0002761,W2402-0277,DEP-03,deposition,dep_temp_c,302.1505,0,2024-02-16T13:32:30
SR-0002762,W2402-0277,DEP-03,deposition,dep_temp_c,293.7275,0,2024-02-16T13:40:30
SR-0002763,W2402-0277,DEP-03,deposition,dep_pressure_mtorr,4.7296,0,2024-02-16T13:49:30
SR-0002764,W2402-0277,DEP-03,deposition,dep_pressure_mtorr,5.372,0,2024-02-16T13:56:30
SR-0002765,W2402-0277,DEP-03,deposition,rf_power_w,385.4605,0,2024-02-16T14:06:30
SR-0002766,W2402-0277,DEP-03,deposition,rf_power_w,361.5122,0,2024-02-16T14:11:30
SR-0002767,W2402-0277,DEP-03,deposition,precursor_flow_sccm,30.0578,0,2024-02-16T14:20:30
SR-0002768,W2402-0277,DEP-03,deposition,precursor_flow_sccm,28.3454,0,2024-02-16T14:30:30
SR-0002769,W2402-0277,DEP-03,deposition,film_thickness_nm,50.4549,0,2024-02-16T14:38:30
SR-0002770,W2402-0277,DEP-03,deposition,film_thickness_nm,49.4678,0,2024-02-16T14:43:30
SR-0002771,W2402-0278,DIFF-02,diffusion,furnace_temp_c,947.876,0,2024-02-16T17:26:04
SR-0002772,W2402-0278,DIFF-02,diffusion,furnace_temp_c,943.9756,0,2024-02-16T17:33:04
SR-0002773,W2402-0278,DIFF-02,diffusion,ramp_rate_c_min,9.7077,0,2024-02-16T17:44:04
SR-0002774,W2402-0278,DIFF-02,diffusion,ramp_rate_c_min,9.2018,0,2024-02-16T17:51:04
SR-0002775,W2402-0278,DIFF-02,diffusion,ambient_pressure_torr,759.9234,0,2024-02-16T17:59:04
SR-0002776,W2402-0278,DIFF-02,diffusion,ambient_pressure_torr,761.0066,0,2024-02-16T18:07:04
SR-0002777,W2402-0278,DIFF-02,diffusion,gas_ratio,1.9329,0,2024-02-16T18:13:04
SR-0002778,W2402-0278,DIFF-02,diffusion,gas_ratio,2.0145,0,2024-02-16T18:22:04
SR-0002779,W2402-0278,DIFF-02,diffusion,anneal_time_min,30.5376,0,2024-02-16T18:31:04
SR-0002780,W2402-0278,DIFF-02,diffusion,anneal_time_min,31.0986,0,2024-02-16T18:39:04
SR-0002781,W2402-0279,CMP-02,cmp,polish_pressure_psi,3.5275,0,2024-02-16T21:18:11
SR-0002782,W2402-0279,CMP-02,cmp,polish_pressure_psi,3.4547,0,2024-02-16T21:26:11
SR-0002783,W2402-0279,CMP-02,cmp,platen_speed_rpm,98.7692,0,2024-02-16T21:34:11
SR-0002784,W2402-0279,CMP-02,cmp,platen_speed_rpm,89.7416,0,2024-02-16T21:43:11
SR-0002785,W2402-0279,CMP-02,cmp,slurry_flow_ml_min,199.8858,0,2024-02-16T21:51:11
SR-0002786,W2402-0279,CMP-02,cmp,slurry_flow_ml_min,189.0756,0,2024-02-16T21:59:11
SR-0002787,W2402-0279,CMP-02,cmp,removal_rate_ang_min,1607.9354,0,2024-02-16T22:06:11
SR-0002788,W2402-0279,CMP-02,cmp,removal_rate_ang_min,1442.336,0,2024-02-16T22:15:11
SR-0002789,W2402-0279,CMP-02,cmp,friction_coeff,0.3725,0,2024-02-16T22:21:11
SR-0002790,W2402-0279,CMP-02,cmp,friction_coeff,0.3469,0,2024-02-16T22:31:11
SR-0002791,W2402-0280,IMP-01,implant,beam_current_ma,9.9486,0,2024-02-17T01:16:39
SR-0002792,W2402-0280,IMP-01,implant,beam_current_ma,9.9504,0,2024-02-17T01:25:39
SR-0002793,W2402-0280,IMP-01,implant,beam_energy_kev,48.3921,0,2024-02-17T01:31:39
SR-0002794,W2402-0280,IMP-01,implant,beam_energy_kev,44.6013,0,2024-02-17T01:39:39
SR-0002795,W2402-0280,IMP-01,implant,scan_speed_mm_s,96.7697,0,2024-02-17T01:50:39
SR-0002796,W2402-0280,IMP-01,implant,scan_speed_mm_s,103.6343,0,2024-02-17T01:56:39
SR-0002797,W2402-0280,IMP-01,implant,dose_uniformity_pct,98.3708,0,2024-02-17T02:06:39
SR-0002798,W2402-0280,IMP-01,implant,dose_uniformity_pct,98.5726,0,2024-02-17T02:14:39
SR-0002799,W2402-0280,IMP-01,implant,tilt_angle_deg,7.1556,0,2024-02-17T02:20:39
SR-0002800,W2402-0280,IMP-01,implant,tilt_angle_deg,6.6948,0,2024-02-17T02:30:39
SR-0002801,W2402-0281,ETCH-03,etch,etch_temp_c,184.3437,0,2024-02-17T05:32:08
SR-0002802,W2402-0281,ETCH-03,etch,etch_temp_c,185.2281,0,2024-02-17T05:41:08
SR-0002803,W2402-0281,ETCH-03,etch,etch_pressure_mtorr,8.0141,0,2024-02-17T05:49:08
SR-0002804,W2402-0281,ETCH-03,etch,etch_pressure_mtorr,6.9148,0,2024-02-17T05:57:08
SR-0002805,W2402-0281,ETCH-03,etch,rf_power_w,364.766,0,2024-02-17T06:06:08
SR-0002806,W2402-0281,ETCH-03,etch,rf_power_w,388.8676,0,2024-02-17T06:13:08
SR-0002807,W2402-0281,ETCH-03,etch,gas_flow_sccm,50.1573,0,2024-02-17T06:23:08
SR-0002808,W2402-0281,ETCH-03,etch,gas_flow_sccm,49.5053,0,2024-02-17T06:29:08
SR-0002809,W2402-0281,ETCH-03,etch,endpoint_time_s,117.0211,0,2024-02-17T06:36:08
SR-0002810,W2402-0281,ETCH-03,etch,endpoint_time_s,115.0696,0,2024-02-17T06:47:08
SR-0002811,W2402-0282,DEP-02,deposition,dep_temp_c,302.458,0,2024-02-17T09:13:34
SR-0002812,W2402-0282,DEP-02,deposition,dep_temp_c,299.5632,0,2024-02-17T09:21:34
SR-0002813,W2402-0282,DEP-02,deposition,dep_pressure_mtorr,4.8391,0,2024-02-17T09:29:34
SR-0002814,W2402-0282,DEP-02,deposition,dep_pressure_mtorr,4.9558,0,2024-02-17T09:37:34
SR-0002815,W2402-0282,DEP-02,deposition,rf_power_w,382.1307,0,2024-02-17T09:45:34
SR-0002816,W2402-0282,DEP-02,deposition,rf_power_w,397.3491,0,2024-02-17T09:55:34
SR-0002817,W2402-0282,DEP-02,deposition,precursor_flow_sccm,31.8989,0,2024-02-17T10:02:34
SR-0002818,W2402-0282,DEP-02,deposition,precursor_flow_sccm,31.8804,0,2024-02-17T10:09:34
SR-0002819,W2402-0282,DEP-02,deposition,film_thickness_nm,49.4908,0,2024-02-17T10:17:34
SR-0002820,W2402-0282,DEP-02,deposition,film_thickness_nm,48.2184,0,2024-02-17T10:25:34
SR-0002821,W2402-0283,DIFF-02,diffusion,furnace_temp_c,947.5708,0,2024-02-17T13:26:00
SR-0002822,W2402-0283,DIFF-02,diffusion,furnace_temp_c,955.4133,0,2024-02-17T13:36:00
SR-0002823,W2402-0283,DIFF-02,diffusion,ramp_rate_c_min,10.6479,0,2024-02-17T13:42:00
SR-0002824,W2402-0283,DIFF-02,diffusion,ramp_rate_c_min,9.7986,0,2024-02-17T13:50:00
SR-0002825,W2402-0283,DIFF-02,diffusion,ambient_pressure_torr,762.1367,0,2024-02-17T13:57:00
SR-0002826,W2402-0283,DIFF-02,diffusion,ambient_pressure_torr,758.4807,0,2024-02-17T14:05:00
SR-0002827,W2402-0283,DIFF-02,diffusion,gas_ratio,1.9787,0,2024-02-17T14:13:00
SR-0002828,W2402-0283,DIFF-02,diffusion,gas_ratio,2.0211,0,2024-02-17T14:23:00
SR-0002829,W2402-0283,DIFF-02,diffusion,anneal_time_min,29.1697,0,2024-02-17T14:29:00
SR-0002830,W2402-0283,DIFF-02,diffusion,anneal_time_min,26.2039,0,2024-02-17T14:38:00
SR-0002831,W2402-0284,DIFF-02,diffusion,furnace_temp_c,949.3105,0,2024-02-17T17:54:53
SR-0002832,W2402-0284,DIFF-02,diffusion,furnace_temp_c,950.9385,0,2024-02-17T18:05:53
SR-0002833,W2402-0284,DIFF-02,diffusion,ramp_rate_c_min,9.9422,0,2024-02-17T18:13:53
SR-0002834,W2402-0284,DIFF-02,diffusion,ramp_rate_c_min,10.4387,0,2024-02-17T18:19:53
SR-0002835,W2402-0284,DIFF-02,diffusion,ambient_pressure_torr,762.3331,0,2024-02-17T18:29:53
SR-0002836,W2402-0284,DIFF-02,diffusion,ambient_pressure_torr,758.7741,0,2024-02-17T18:34:53
SR-0002837,W2402-0284,DIFF-02,diffusion,gas_ratio,1.8539,0,2024-02-17T18:45:53
SR-0002838,W2402-0284,DIFF-02,diffusion,gas_ratio,2.0234,0,2024-02-17T18:50:53
SR-0002839,W2402-0284,DIFF-02,diffusion,anneal_time_min,30.8454,0,2024-02-17T19:00:53
SR-0002840,W2402-0284,DIFF-02,diffusion,anneal_time_min,28.2732,0,2024-02-17T19:06:53
SR-0002841,W2402-0285,DIFF-02,diffusion,furnace_temp_c,955.4018,0,2024-02-17T21:54:28
SR-0002842,W2402-0285,DIFF-02,diffusion,furnace_temp_c,959.9553,0,2024-02-17T22:00:28
SR-0002843,W2402-0285,DIFF-02,diffusion,ramp_rate_c_min,9.4794,0,2024-02-17T22:09:28
SR-0002844,W2402-0285,DIFF-02,diffusion,ramp_rate_c_min,10.2685,0,2024-02-17T22:17:28
SR-0002845,W2402-0285,DIFF-02,diffusion,ambient_pressure_torr,762.2124,0,2024-02-17T22:27:28
SR-0002846,W2402-0285,DIFF-02,diffusion,ambient_pressure_torr,761.7407,0,2024-02-17T22:34:28
SR-0002847,W2402-0285,DIFF-02,diffusion,gas_ratio,2.1201,0,2024-02-17T22:42:28
SR-0002848,W2402-0285,DIFF-02,diffusion,gas_ratio,1.9729,0,2024-02-17T22:51:28
SR-0002849,W2402-0285,DIFF-02,diffusion,anneal_time_min,30.7635,0,2024-02-17T22:58:28
SR-0002850,W2402-0285,DIFF-02,diffusion,anneal_time_min,33.3294,0,2024-02-17T23:04:28
SR-0002851,W2402-0286,ETCH-02,etch,etch_temp_c,172.7595,0,2024-02-18T01:39:13
SR-0002852,W2402-0286,ETCH-02,etch,etch_temp_c,180.3534,0,2024-02-18T01:48:13
SR-0002853,W2402-0286,ETCH-02,etch,etch_pressure_mtorr,6.9448,0,2024-02-18T01:57:13
SR-0002854,W2402-0286,ETCH-02,etch,etch_pressure_mtorr,8.3259,0,2024-02-18T02:06:13
SR-0002855,W2402-0286,ETCH-02,etch,rf_power_w,393.0678,0,2024-02-18T02:11:13
SR-0002856,W2402-0286,ETCH-02,etch,rf_power_w,392.0028,0,2024-02-18T02:21:13
SR-0002857,W2402-0286,ETCH-02,etch,gas_flow_sccm,51.3784,0,2024-02-18T02:28:13
SR-0002858,W2402-0286,ETCH-02,etch,gas_flow_sccm,55.464,0,2024-02-18T02:36:13
SR-0002859,W2402-0286,ETCH-02,etch,endpoint_time_s,128.7228,0,2024-02-18T02:46:13
SR-0002860,W2402-0286,ETCH-02,etch,endpoint_time_s,116.4916,0,2024-02-18T02:54:13
SR-0002861,W2402-0287,DEP-02,deposition,dep_temp_c,304.6661,0,2024-02-18T05:53:38
SR-0002862,W2402-0287,DEP-02,deposition,dep_temp_c,294.2906,0,2024-02-18T05:59:38
SR-0002863,W2402-0287,DEP-02,deposition,dep_pressure_mtorr,4.7453,0,2024-02-18T06:07:38
SR-0002864,W2402-0287,DEP-02,deposition,dep_pressure_mtorr,4.7188,0,2024-02-18T06:17:38
SR-0002865,W2402-0287,DEP-02,deposition,rf_power_w,410.4589,0,2024-02-18T06:25:38
SR-0002866,W2402-0287,DEP-02,deposition,rf_power_w,435.9649,1,2024-02-18T06:31:38
SR-0002867,W2402-0287,DEP-02,deposition,precursor_flow_sccm,31.1919,0,2024-02-18T06:38:38
SR-0002868,W2402-0287,DEP-02,deposition,precursor_flow_sccm,30.0106,0,2024-02-18T06:46:38
SR-0002869,W2402-0287,DEP-02,deposition,film_thickness_nm,50.0754,0,2024-02-18T06:56:38
SR-0002870,W2402-0287,DEP-02,deposition,film_thickness_nm,47.6529,0,2024-02-18T07:02:38
SR-0002871,W2402-0288,DIFF-02,diffusion,furnace_temp_c,945.4917,0,2024-02-18T09:37:02
SR-0002872,W2402-0288,DIFF-02,diffusion,furnace_temp_c,954.016,0,2024-02-18T09:46:02
SR-0002873,W2402-0288,DIFF-02,diffusion,ramp_rate_c_min,9.7499,0,2024-02-18T09:55:02
SR-0002874,W2402-0288,DIFF-02,diffusion,ramp_rate_c_min,9.0797,0,2024-02-18T10:04:02
SR-0002875,W2402-0288,DIFF-02,diffusion,ambient_pressure_torr,760.9356,0,2024-02-18T10:10:02
SR-0002876,W2402-0288,DIFF-02,diffusion,ambient_pressure_torr,760.3483,0,2024-02-18T10:18:02
SR-0002877,W2402-0288,DIFF-02,diffusion,gas_ratio,2.0692,0,2024-02-18T10:25:02
SR-0002878,W2402-0288,DIFF-02,diffusion,gas_ratio,2.1516,0,2024-02-18T10:36:02
SR-0002879,W2402-0288,DIFF-02,diffusion,anneal_time_min,29.263,0,2024-02-18T10:41:02
SR-0002880,W2402-0288,DIFF-02,diffusion,anneal_time_min,29.3016,0,2024-02-18T10:49:02
SR-0002881,W2402-0289,IMP-01,implant,beam_current_ma,9.5041,0,2024-02-18T13:24:28
SR-0002882,W2402-0289,IMP-01,implant,beam_current_ma,9.898,0,2024-02-18T13:33:28
SR-0002883,W2402-0289,IMP-01,implant,beam_energy_kev,49.3318,0,2024-02-18T13:40:28
SR-0002884,W2402-0289,IMP-01,implant,beam_energy_kev,50.6662,0,2024-02-18T13:49:28
SR-0002885,W2402-0289,IMP-01,implant,scan_speed_mm_s,102.2004,0,2024-02-18T13:56:28
SR-0002886,W2402-0289,IMP-01,implant,scan_speed_mm_s,109.4004,0,2024-02-18T14:07:28
SR-0002887,W2402-0289,IMP-01,implant,dose_uniformity_pct,98.5739,0,2024-02-18T14:13:28
SR-0002888,W2402-0289,IMP-01,implant,dose_uniformity_pct,98.5545,0,2024-02-18T14:21:28
SR-0002889,W2402-0289,IMP-01,implant,tilt_angle_deg,6.7758,0,2024-02-18T14:30:28
SR-0002890,W2402-0289,IMP-01,implant,tilt_angle_deg,6.6853,0,2024-02-18T14:39:28
SR-0002891,W2402-0290,ETCH-01,etch,etch_temp_c,175.8947,0,2024-02-18T17:33:49
SR-0002892,W2402-0290,ETCH-01,etch,etch_temp_c,174.6001,0,2024-02-18T17:41:49
SR-0002893,W2402-0290,ETCH-01,etch,etch_pressure_mtorr,8.2834,0,2024-02-18T17:50:49
SR-0002894,W2402-0290,ETCH-01,etch,etch_pressure_mtorr,7.9261,0,2024-02-18T18:00:49
SR-0002895,W2402-0290,ETCH-01,etch,rf_power_w,379.9541,0,2024-02-18T18:08:49
SR-0002896,W2402-0290,ETCH-01,etch,rf_power_w,353.4024,0,2024-02-18T18:15:49
SR-0002897,W2402-0290,ETCH-01,etch,gas_flow_sccm,48.7444,0,2024-02-18T18:22:49
SR-0002898,W2402-0290,ETCH-01,etch,gas_flow_sccm,48.9637,0,2024-02-18T18:29:49
SR-0002899,W2402-0290,ETCH-01,etch,endpoint_time_s,121.3474,0,2024-02-18T18:40:49
SR-0002900,W2402-0290,ETCH-01,etch,endpoint_time_s,122.5606,0,2024-02-18T18:46:49
SR-0002901,W2402-0291,ETCH-01,etch,etch_temp_c,174.7855,0,2024-02-18T21:15:03
SR-0002902,W2402-0291,ETCH-01,etch,etch_temp_c,173.4541,0,2024-02-18T21:21:03
SR-0002903,W2402-0291,ETCH-01,etch,etch_pressure_mtorr,7.7609,0,2024-02-18T21:28:03
SR-0002904,W2402-0291,ETCH-01,etch,etch_pressure_mtorr,8.2283,0,2024-02-18T21:38:03
SR-0002905,W2402-0291,ETCH-01,etch,rf_power_w,364.59,0,2024-02-18T21:47:03
SR-0002906,W2402-0291,ETCH-01,etch,rf_power_w,384.2004,0,2024-02-18T21:54:03
SR-0002907,W2402-0291,ETCH-01,etch,gas_flow_sccm,48.9383,0,2024-02-18T22:03:03
SR-0002908,W2402-0291,ETCH-01,etch,gas_flow_sccm,50.3261,0,2024-02-18T22:08:03
SR-0002909,W2402-0291,ETCH-01,etch,endpoint_time_s,122.2522,0,2024-02-18T22:18:03
SR-0002910,W2402-0291,ETCH-01,etch,endpoint_time_s,112.2828,0,2024-02-18T22:24:03
SR-0002911,W2402-0292,LIT-01,litho,exposure_energy_mj,24.4153,0,2024-02-19T00:56:36
SR-0002912,W2402-0292,LIT-01,litho,exposure_energy_mj,24.8745,0,2024-02-19T01:03:36
SR-0002913,W2402-0292,LIT-01,litho,focus_offset_nm,2.4469,0,2024-02-19T01:12:36
SR-0002914,W2402-0292,LIT-01,litho,focus_offset_nm,-2.7552,0,2024-02-19T01:21:36
SR-0002915,W2402-0292,LIT-01,litho,stage_temp_c,21.8074,0,2024-02-19T01:28:36
SR-0002916,W2402-0292,LIT-01,litho,stage_temp_c,21.7297,0,2024-02-19T01:35:36
SR-0002917,W2402-0292,LIT-01,litho,humidity_pct,43.6346,0,2024-02-19T01:44:36
SR-0002918,W2402-0292,LIT-01,litho,humidity_pct,44.0119,0,2024-02-19T01:51:36
SR-0002919,W2402-0292,LIT-01,litho,dose_uniformity_pct,99.8608,0,2024-02-19T02:02:36
SR-0002920,W2402-0292,LIT-01,litho,dose_uniformity_pct,98.9168,0,2024-02-19T02:09:36
SR-0002921,W2402-0293,DIFF-01,diffusion,furnace_temp_c,951.2303,0,2024-02-19T05:11:51
SR-0002922,W2402-0293,DIFF-01,diffusion,furnace_temp_c,958.2835,0,2024-02-19T05:22:51
SR-0002923,W2402-0293,DIFF-01,diffusion,ramp_rate_c_min,9.8982,0,2024-02-19T05:28:51
SR-0002924,W2402-0293,DIFF-01,diffusion,ramp_rate_c_min,9.8039,0,2024-02-19T05:37:51
SR-0002925,W2402-0293,DIFF-01,diffusion,ambient_pressure_torr,761.8296,0,2024-02-19T05:44:51
SR-0002926,W2402-0293,DIFF-01,diffusion,ambient_pressure_torr,759.7346,0,2024-02-19T05:54:51
SR-0002927,W2402-0293,DIFF-01,diffusion,gas_ratio,1.9567,0,2024-02-19T05:59:51
SR-0002928,W2402-0293,DIFF-01,diffusion,gas_ratio,1.8273,0,2024-02-19T06:07:51
SR-0002929,W2402-0293,DIFF-01,diffusion,anneal_time_min,29.9527,0,2024-02-19T06:18:51
SR-0002930,W2402-0293,DIFF-01,diffusion,anneal_time_min,26.0112,0,2024-02-19T06:23:51
SR-0002931,W2402-0294,DEP-02,deposition,dep_temp_c,301.4542,0,2024-02-19T09:12:29
SR-0002932,W2402-0294,DEP-02,deposition,dep_temp_c,304.0083,0,2024-02-19T09:18:29
SR-0002933,W2402-0294,DEP-02,deposition,dep_pressure_mtorr,5.3855,0,2024-02-19T09:26:29
SR-0002934,W2402-0294,DEP-02,deposition,dep_pressure_mtorr,5.2082,0,2024-02-19T09:35:29
SR-0002935,W2402-0294,DEP-02,deposition,rf_power_w,429.1195,0,2024-02-19T09:43:29
SR-0002936,W2402-0294,DEP-02,deposition,rf_power_w,434.4332,1,2024-02-19T09:52:29
SR-0002937,W2402-0294,DEP-02,deposition,precursor_flow_sccm,29.9268,0,2024-02-19T10:01:29
SR-0002938,W2402-0294,DEP-02,deposition,precursor_flow_sccm,30.3007,0,2024-02-19T10:08:29
SR-0002939,W2402-0294,DEP-02,deposition,film_thickness_nm,49.1124,0,2024-02-19T10:17:29
SR-0002940,W2402-0294,DEP-02,deposition,film_thickness_nm,51.5299,0,2024-02-19T10:25:29
SR-0002941,W2402-0295,ETCH-02,etch,etch_temp_c,176.1788,0,2024-02-19T13:15:56
SR-0002942,W2402-0295,ETCH-02,etch,etch_temp_c,176.0539,0,2024-02-19T13:22:56
SR-0002943,W2402-0295,ETCH-02,etch,etch_pressure_mtorr,8.6637,0,2024-02-19T13:31:56
SR-0002944,W2402-0295,ETCH-02,etch,etch_pressure_mtorr,6.5299,0,2024-02-19T13:38:56
SR-0002945,W2402-0295,ETCH-02,etch,rf_power_w,360.2867,0,2024-02-19T13:46:56
SR-0002946,W2402-0295,ETCH-02,etch,rf_power_w,398.9431,0,2024-02-19T13:54:56
SR-0002947,W2402-0295,ETCH-02,etch,gas_flow_sccm,53.1576,0,2024-02-19T14:05:56
SR-0002948,W2402-0295,ETCH-02,etch,gas_flow_sccm,51.4408,0,2024-02-19T14:12:56
SR-0002949,W2402-0295,ETCH-02,etch,endpoint_time_s,122.4186,0,2024-02-19T14:19:56
SR-0002950,W2402-0295,ETCH-02,etch,endpoint_time_s,125.9625,0,2024-02-19T14:28:56
SR-0002951,W2402-0296,LIT-01,litho,exposure_energy_mj,25.2722,0,2024-02-19T17:14:40
SR-0002952,W2402-0296,LIT-01,litho,exposure_energy_mj,25.7101,0,2024-02-19T17:25:40
SR-0002953,W2402-0296,LIT-01,litho,focus_offset_nm,1.3614,0,2024-02-19T17:32:40
SR-0002954,W2402-0296,LIT-01,litho,focus_offset_nm,5.5208,0,2024-02-19T17:41:40
SR-0002955,W2402-0296,LIT-01,litho,stage_temp_c,21.9518,0,2024-02-19T17:47:40
SR-0002956,W2402-0296,LIT-01,litho,stage_temp_c,22.4963,0,2024-02-19T17:57:40
SR-0002957,W2402-0296,LIT-01,litho,humidity_pct,42.0434,0,2024-02-19T18:02:40
SR-0002958,W2402-0296,LIT-01,litho,humidity_pct,43.3873,0,2024-02-19T18:13:40
SR-0002959,W2402-0296,LIT-01,litho,dose_uniformity_pct,98.8108,0,2024-02-19T18:19:40
SR-0002960,W2402-0296,LIT-01,litho,dose_uniformity_pct,97.9416,0,2024-02-19T18:28:40
SR-0002961,W2402-0297,DEP-02,deposition,dep_temp_c,302.1773,0,2024-02-19T21:22:50
SR-0002962,W2402-0297,DEP-02,deposition,dep_temp_c,304.4684,0,2024-02-19T21:31:50
SR-0002963,W2402-0297,DEP-02,deposition,dep_pressure_mtorr,5.1551,0,2024-02-19T21:38:50
SR-0002964,W2402-0297,DEP-02,deposition,dep_pressure_mtorr,5.6629,0,2024-02-19T21:44:50
SR-0002965,W2402-0297,DEP-02,deposition,rf_power_w,347.8458,0,2024-02-19T21:52:50
SR-0002966,W2402-0297,DEP-02,deposition,rf_power_w,379.3677,0,2024-02-19T22:00:50
SR-0002967,W2402-0297,DEP-02,deposition,precursor_flow_sccm,28.8777,0,2024-02-19T22:09:50
SR-0002968,W2402-0297,DEP-02,deposition,precursor_flow_sccm,30.7499,0,2024-02-19T22:17:50
SR-0002969,W2402-0297,DEP-02,deposition,film_thickness_nm,49.339,0,2024-02-19T22:27:50
SR-0002970,W2402-0297,DEP-02,deposition,film_thickness_nm,50.4313,0,2024-02-19T22:35:50
SR-0002971,W2402-0298,DEP-01,deposition,dep_temp_c,297.1772,0,2024-02-20T00:58:53
SR-0002972,W2402-0298,DEP-01,deposition,dep_temp_c,296.7262,0,2024-02-20T01:09:53
SR-0002973,W2402-0298,DEP-01,deposition,dep_pressure_mtorr,5.2742,0,2024-02-20T01:14:53
SR-0002974,W2402-0298,DEP-01,deposition,dep_pressure_mtorr,5.4176,0,2024-02-20T01:25:53
SR-0002975,W2402-0298,DEP-01,deposition,rf_power_w,392.4954,0,2024-02-20T01:33:53
SR-0002976,W2402-0298,DEP-01,deposition,rf_power_w,384.1808,0,2024-02-20T01:40:53
SR-0002977,W2402-0298,DEP-01,deposition,precursor_flow_sccm,31.2723,0,2024-02-20T01:48:53
SR-0002978,W2402-0298,DEP-01,deposition,precursor_flow_sccm,31.7309,0,2024-02-20T01:57:53
SR-0002979,W2402-0298,DEP-01,deposition,film_thickness_nm,49.9742,0,2024-02-20T02:02:53
SR-0002980,W2402-0298,DEP-01,deposition,film_thickness_nm,49.9504,0,2024-02-20T02:11:53
SR-0002981,W2402-0299,IMP-02,implant,beam_current_ma,10.1375,0,2024-02-20T04:41:38
SR-0002982,W2402-0299,IMP-02,implant,beam_current_ma,10.2115,0,2024-02-20T04:46:38
SR-0002983,W2402-0299,IMP-02,implant,beam_energy_kev,51.0979,0,2024-02-20T04:57:38
SR-0002984,W2402-0299,IMP-02,implant,beam_energy_kev,53.3606,0,2024-02-20T05:05:38
SR-0002985,W2402-0299,IMP-02,implant,scan_speed_mm_s,103.4738,0,2024-02-20T05:13:38
SR-0002986,W2402-0299,IMP-02,implant,scan_speed_mm_s,100.7852,0,2024-02-20T05:18:38
SR-0002987,W2402-0299,IMP-02,implant,dose_uniformity_pct,98.8356,0,2024-02-20T05:29:38
SR-0002988,W2402-0299,IMP-02,implant,dose_uniformity_pct,98.4116,0,2024-02-20T05:34:38
SR-0002989,W2402-0299,IMP-02,implant,tilt_angle_deg,7.282,0,2024-02-20T05:43:38
SR-0002990,W2402-0299,IMP-02,implant,tilt_angle_deg,7.1848,0,2024-02-20T05:52:38
SR-0002991,W2402-0300,ETCH-03,etch,etch_temp_c,189.9222,0,2024-02-20T08:45:42
SR-0002992,W2402-0300,ETCH-03,etch,etch_temp_c,184.3241,0,2024-02-20T08:52:42
SR-0002993,W2402-0300,ETCH-03,etch,etch_pressure_mtorr,7.8846,0,2024-02-20T08:59:42
SR-0002994,W2402-0300,ETCH-03,etch,etch_pressure_mtorr,8.1068,0,2024-02-20T09:09:42
SR-0002995,W2402-0300,ETCH-03,etch,rf_power_w,374.2215,0,2024-02-20T09:16:42
SR-0002996,W2402-0300,ETCH-03,etch,rf_power_w,392.2583,0,2024-02-20T09:23:42
SR-0002997,W2402-0300,ETCH-03,etch,gas_flow_sccm,49.617,0,2024-02-20T09:32:42
SR-0002998,W2402-0300,ETCH-03,etch,gas_flow_sccm,52.1418,0,2024-02-20T09:39:42
SR-0002999,W2402-0300,ETCH-03,etch,endpoint_time_s,117.9552,0,2024-02-20T09:49:42
SR-0003000,W2402-0300,ETCH-03,etch,endpoint_time_s,115.3027,0,2024-02-20T09:57:42
SR-0003001,W2402-0301,ETCH-01,etch,etch_temp_c,178.6479,0,2024-02-20T12:17:54
SR-0003002,W2402-0301,ETCH-01,etch,etch_temp_c,169.1066,0,2024-02-20T12:26:54
SR-0003003,W2402-0301,ETCH-01,etch,etch_pressure_mtorr,7.6046,0,2024-02-20T12:33:54
SR-0003004,W2402-0301,ETCH-01,etch,etch_pressure_mtorr,7.8879,0,2024-02-20T12:42:54
SR-0003005,W2402-0301,ETCH-01,etch,rf_power_w,360.5719,0,2024-02-20T12:51:54
SR-0003006,W2402-0301,ETCH-01,etch,rf_power_w,365.6373,0,2024-02-20T12:59:54
SR-0003007,W2402-0301,ETCH-01,etch,gas_flow_sccm,46.805,0,2024-02-20T13:05:54
SR-0003008,W2402-0301,ETCH-01,etch,gas_flow_sccm,51.2967,0,2024-02-20T13:14:54
SR-0003009,W2402-0301,ETCH-01,etch,endpoint_time_s,124.4918,0,2024-02-20T13:24:54
SR-0003010,W2402-0301,ETCH-01,etch,endpoint_time_s,121.6158,0,2024-02-20T13:32:54
SR-0003011,W2402-0302,DEP-02,deposition,dep_temp_c,298.151,0,2024-02-20T16:46:03
SR-0003012,W2402-0302,DEP-02,deposition,dep_temp_c,299.5745,0,2024-02-20T16:55:03
SR-0003013,W2402-0302,DEP-02,deposition,dep_pressure_mtorr,4.9967,0,2024-02-20T17:01:03
SR-0003014,W2402-0302,DEP-02,deposition,dep_pressure_mtorr,4.7154,0,2024-02-20T17:08:03
SR-0003015,W2402-0302,DEP-02,deposition,rf_power_w,364.0031,0,2024-02-20T17:16:03
SR-0003016,W2402-0302,DEP-02,deposition,rf_power_w,388.1685,0,2024-02-20T17:27:03
SR-0003017,W2402-0302,DEP-02,deposition,precursor_flow_sccm,34.0895,0,2024-02-20T17:33:03
SR-0003018,W2402-0302,DEP-02,deposition,precursor_flow_sccm,29.1568,0,2024-02-20T17:41:03
SR-0003019,W2402-0302,DEP-02,deposition,film_thickness_nm,49.5865,0,2024-02-20T17:49:03
SR-0003020,W2402-0302,DEP-02,deposition,film_thickness_nm,51.2909,0,2024-02-20T17:56:03
SR-0003021,W2402-0303,DEP-03,deposition,dep_temp_c,298.8419,0,2024-02-20T20:34:10
SR-0003022,W2402-0303,DEP-03,deposition,dep_temp_c,300.3524,0,2024-02-20T20:42:10
SR-0003023,W2402-0303,DEP-03,deposition,dep_pressure_mtorr,4.9501,0,2024-02-20T20:48:10
SR-0003024,W2402-0303,DEP-03,deposition,dep_pressure_mtorr,4.8641,0,2024-02-20T20:59:10
SR-0003025,W2402-0303,DEP-03,deposition,rf_power_w,359.3881,0,2024-02-20T21:07:10
SR-0003026,W2402-0303,DEP-03,deposition,rf_power_w,368.1798,0,2024-02-20T21:15:10
SR-0003027,W2402-0303,DEP-03,deposition,precursor_flow_sccm,30.7461,0,2024-02-20T21:22:10
SR-0003028,W2402-0303,DEP-03,deposition,precursor_flow_sccm,30.7059,0,2024-02-20T21:31:10
SR-0003029,W2402-0303,DEP-03,deposition,film_thickness_nm,50.4065,0,2024-02-20T21:38:10
SR-0003030,W2402-0303,DEP-03,deposition,film_thickness_nm,50.596,0,2024-02-20T21:47:10
SR-0003031,W2402-0304,CMP-02,cmp,polish_pressure_psi,3.741,0,2024-02-21T00:08:54
SR-0003032,W2402-0304,CMP-02,cmp,polish_pressure_psi,3.4359,0,2024-02-21T00:16:54
SR-0003033,W2402-0304,CMP-02,cmp,platen_speed_rpm,97.1634,0,2024-02-21T00:23:54
SR-0003034,W2402-0304,CMP-02,cmp,platen_speed_rpm,86.5051,0,2024-02-21T00:29:54
SR-0003035,W2402-0304,CMP-02,cmp,slurry_flow_ml_min,177.4845,0,2024-02-21T00:37:54
SR-0003036,W2402-0304,CMP-02,cmp,slurry_flow_ml_min,201.612,0,2024-02-21T00:45:54
SR-0003037,W2402-0304,CMP-02,cmp,removal_rate_ang_min,1478.0212,0,2024-02-21T00:56:54
SR-0003038,W2402-0304,CMP-02,cmp,removal_rate_ang_min,1566.2018,0,2024-02-21T01:01:54
SR-0003039,W2402-0304,CMP-02,cmp,friction_coeff,0.3803,0,2024-02-21T01:12:54
SR-0003040,W2402-0304,CMP-02,cmp,friction_coeff,0.2957,0,2024-02-21T01:19:54
SR-0003041,W2402-0305,IMP-01,implant,beam_current_ma,9.9809,0,2024-02-21T04:32:10
SR-0003042,W2402-0305,IMP-01,implant,beam_current_ma,10.2055,0,2024-02-21T04:40:10
SR-0003043,W2402-0305,IMP-01,implant,beam_energy_kev,53.3652,0,2024-02-21T04:45:10
SR-0003044,W2402-0305,IMP-01,implant,beam_energy_kev,50.7555,0,2024-02-21T04:53:10
SR-0003045,W2402-0305,IMP-01,implant,scan_speed_mm_s,105.3044,0,2024-02-21T05:03:10
SR-0003046,W2402-0305,IMP-01,implant,scan_speed_mm_s,110.8479,0,2024-02-21T05:12:10
SR-0003047,W2402-0305,IMP-01,implant,dose_uniformity_pct,98.2762,0,2024-02-21T05:20:10
SR-0003048,W2402-0305,IMP-01,implant,dose_uniformity_pct,98.9839,0,2024-02-21T05:26:10
SR-0003049,W2402-0305,IMP-01,implant,tilt_angle_deg,7.0093,0,2024-02-21T05:35:10
SR-0003050,W2402-0305,IMP-01,implant,tilt_angle_deg,6.9676,0,2024-02-21T05:43:10
SR-0003051,W2402-0306,ETCH-02,etch,etch_temp_c,179.3718,0,2024-02-21T08:39:02
SR-0003052,W2402-0306,ETCH-02,etch,etch_temp_c,174.8731,0,2024-02-21T08:47:02
SR-0003053,W2402-0306,ETCH-02,etch,etch_pressure_mtorr,7.9596,0,2024-02-21T08:52:02
SR-0003054,W2402-0306,ETCH-02,etch,etch_pressure_mtorr,8.2872,0,2024-02-21T09:02:02
SR-0003055,W2402-0306,ETCH-02,etch,rf_power_w,380.8433,0,2024-02-21T09:10:02
SR-0003056,W2402-0306,ETCH-02,etch,rf_power_w,360.6705,0,2024-02-21T09:19:02
SR-0003057,W2402-0306,ETCH-02,etch,gas_flow_sccm,54.3523,0,2024-02-21T09:25:02
SR-0003058,W2402-0306,ETCH-02,etch,gas_flow_sccm,48.1279,0,2024-02-21T09:35:02
SR-0003059,W2402-0306,ETCH-02,etch,endpoint_time_s,118.2904,0,2024-02-21T09:40:02
SR-0003060,W2402-0306,ETCH-02,etch,endpoint_time_s,122.0814,0,2024-02-21T09:49:02
SR-0003061,W2402-0307,DIFF-01,diffusion,furnace_temp_c,943.772,0,2024-02-21T12:33:59
SR-0003062,W2402-0307,DIFF-01,diffusion,furnace_temp_c,953.0576,0,2024-02-21T12:40:59
SR-0003063,W2402-0307,DIFF-01,diffusion,ramp_rate_c_min,9.9562,0,2024-02-21T12:47:59
SR-0003064,W2402-0307,DIFF-01,diffusion,ramp_rate_c_min,9.7885,0,2024-02-21T12:55:59
SR-0003065,W2402-0307,DIFF-01,diffusion,ambient_pressure_torr,760.3511,0,2024-02-21T13:02:59
SR-0003066,W2402-0307,DIFF-01,diffusion,ambient_pressure_torr,757.6253,0,2024-02-21T13:12:59
SR-0003067,W2402-0307,DIFF-01,diffusion,gas_ratio,1.8712,0,2024-02-21T13:19:59
SR-0003068,W2402-0307,DIFF-01,diffusion,gas_ratio,2.064,0,2024-02-21T13:26:59
SR-0003069,W2402-0307,DIFF-01,diffusion,anneal_time_min,29.5723,0,2024-02-21T13:34:59
SR-0003070,W2402-0307,DIFF-01,diffusion,anneal_time_min,27.3988,0,2024-02-21T13:43:59
SR-0003071,W2402-0308,DIFF-02,diffusion,furnace_temp_c,952.6974,0,2024-02-21T16:53:23
SR-0003072,W2402-0308,DIFF-02,diffusion,furnace_temp_c,945.3835,0,2024-02-21T17:01:23
SR-0003073,W2402-0308,DIFF-02,diffusion,ramp_rate_c_min,9.5767,0,2024-02-21T17:12:23
SR-0003074,W2402-0308,DIFF-02,diffusion,ramp_rate_c_min,10.8037,0,2024-02-21T17:20:23
SR-0003075,W2402-0308,DIFF-02,diffusion,ambient_pressure_torr,760.5151,0,2024-02-21T17:27:23
SR-0003076,W2402-0308,DIFF-02,diffusion,ambient_pressure_torr,761.1288,0,2024-02-21T17:34:23
SR-0003077,W2402-0308,DIFF-02,diffusion,gas_ratio,2.134,0,2024-02-21T17:43:23
SR-0003078,W2402-0308,DIFF-02,diffusion,gas_ratio,2.0662,0,2024-02-21T17:52:23
SR-0003079,W2402-0308,DIFF-02,diffusion,anneal_time_min,33.5957,0,2024-02-21T17:59:23
SR-0003080,W2402-0308,DIFF-02,diffusion,anneal_time_min,29.1343,0,2024-02-21T18:06:23
SR-0003081,W2402-0309,DIFF-01,diffusion,furnace_temp_c,946.6247,0,2024-02-21T21:13:06
SR-0003082,W2402-0309,DIFF-01,diffusion,furnace_temp_c,945.7545,0,2024-02-21T21:21:06
SR-0003083,W2402-0309,DIFF-01,diffusion,ramp_rate_c_min,9.4973,0,2024-02-21T21:29:06
SR-0003084,W2402-0309,DIFF-01,diffusion,ramp_rate_c_min,9.349,0,2024-02-21T21:37:06
SR-0003085,W2402-0309,DIFF-01,diffusion,ambient_pressure_torr,760.6838,0,2024-02-21T21:46:06
SR-0003086,W2402-0309,DIFF-01,diffusion,ambient_pressure_torr,759.1406,0,2024-02-21T21:53:06
SR-0003087,W2402-0309,DIFF-01,diffusion,gas_ratio,2.2077,0,2024-02-21T22:01:06
SR-0003088,W2402-0309,DIFF-01,diffusion,gas_ratio,1.9054,0,2024-02-21T22:10:06
SR-0003089,W2402-0309,DIFF-01,diffusion,anneal_time_min,30.0685,0,2024-02-21T22:20:06
SR-0003090,W2402-0309,DIFF-01,diffusion,anneal_time_min,32.8737,0,2024-02-21T22:28:06
SR-0003091,W2402-0310,LIT-03,litho,exposure_energy_mj,25.5266,0,2024-02-22T01:34:22
SR-0003092,W2402-0310,LIT-03,litho,exposure_energy_mj,24.3016,0,2024-02-22T01:43:22
SR-0003093,W2402-0310,LIT-03,litho,focus_offset_nm,0.2372,0,2024-02-22T01:53:22
SR-0003094,W2402-0310,LIT-03,litho,focus_offset_nm,-1.2288,0,2024-02-22T02:01:22
SR-0003095,W2402-0310,LIT-03,litho,stage_temp_c,22.1225,0,2024-02-22T02:07:22
SR-0003096,W2402-0310,LIT-03,litho,stage_temp_c,22.0122,0,2024-02-22T02:15:22
SR-0003097,W2402-0310,LIT-03,litho,humidity_pct,45.3873,0,2024-02-22T02:22:22
SR-0003098,W2402-0310,LIT-03,litho,humidity_pct,47.0365,0,2024-02-22T02:32:22
SR-0003099,W2402-0310,LIT-03,litho,dose_uniformity_pct,98.8077,0,2024-02-22T02:41:22
SR-0003100,W2402-0310,LIT-03,litho,dose_uniformity_pct,99.1765,0,2024-02-22T02:46:22
SR-0003101,W2402-0311,CMP-01,cmp,polish_pressure_psi,3.4914,0,2024-02-22T05:32:06
SR-0003102,W2402-0311,CMP-01,cmp,polish_pressure_psi,3.3481,0,2024-02-22T05:39:06
SR-0003103,W2402-0311,CMP-01,cmp,platen_speed_rpm,89.478,0,2024-02-22T05:48:06
SR-0003104,W2402-0311,CMP-01,cmp,platen_speed_rpm,85.1309,0,2024-02-22T05:56:06
SR-0003105,W2402-0311,CMP-01,cmp,slurry_flow_ml_min,192.3369,0,2024-02-22T06:04:06
SR-0003106,W2402-0311,CMP-01,cmp,slurry_flow_ml_min,203.3091,0,2024-02-22T06:12:06
SR-0003107,W2402-0311,CMP-01,cmp,removal_rate_ang_min,1481.6726,0,2024-02-22T06:19:06
SR-0003108,W2402-0311,CMP-01,cmp,removal_rate_ang_min,1483.5096,0,2024-02-22T06:28:06
SR-0003109,W2402-0311,CMP-01,cmp,friction_coeff,0.3687,0,2024-02-22T06:37:06
SR-0003110,W2402-0311,CMP-01,cmp,friction_coeff,0.347,0,2024-02-22T06:43:06
SR-0003111,W2402-0312,IMP-02,implant,beam_current_ma,10.3296,0,2024-02-22T09:36:56
SR-0003112,W2402-0312,IMP-02,implant,beam_current_ma,9.8109,0,2024-02-22T09:45:56
SR-0003113,W2402-0312,IMP-02,implant,beam_energy_kev,47.1946,0,2024-02-22T09:53:56
SR-0003114,W2402-0312,IMP-02,implant,beam_energy_kev,45.5476,0,2024-02-22T09:59:56
SR-0003115,W2402-0312,IMP-02,implant,scan_speed_mm_s,104.7289,0,2024-02-22T10:08:56
SR-0003116,W2402-0312,IMP-02,implant,scan_speed_mm_s,103.5469,0,2024-02-22T10:16:56
SR-0003117,W2402-0312,IMP-02,implant,dose_uniformity_pct,99.1746,0,2024-02-22T10:25:56
SR-0003118,W2402-0312,IMP-02,implant,dose_uniformity_pct,99.2085,0,2024-02-22T10:32:56
SR-0003119,W2402-0312,IMP-02,implant,tilt_angle_deg,7.2139,0,2024-02-22T10:39:56
SR-0003120,W2402-0312,IMP-02,implant,tilt_angle_deg,7.1357,0,2024-02-22T10:49:56
SR-0003121,W2402-0313,LIT-02,litho,exposure_energy_mj,23.8075,0,2024-02-22T13:21:01
SR-0003122,W2402-0313,LIT-02,litho,exposure_energy_mj,25.3891,0,2024-02-22T13:28:01
SR-0003123,W2402-0313,LIT-02,litho,focus_offset_nm,-1.4098,0,2024-02-22T13:36:01
SR-0003124,W2402-0313,LIT-02,litho,focus_offset_nm,-1.9588,0,2024-02-22T13:45:01
SR-0003125,W2402-0313,LIT-02,litho,stage_temp_c,21.8092,0,2024-02-22T13:51:01
SR-0003126,W2402-0313,LIT-02,litho,stage_temp_c,21.8234,0,2024-02-22T13:58:01
SR-0003127,W2402-0313,LIT-02,litho,humidity_pct,43.8111,0,2024-02-22T14:09:01
SR-0003128,W2402-0313,LIT-02,litho,humidity_pct,45.3906,0,2024-02-22T14:16:01
SR-0003129,W2402-0313,LIT-02,litho,dose_uniformity_pct,98.6137,0,2024-02-22T14:25:01
SR-0003130,W2402-0313,LIT-02,litho,dose_uniformity_pct,98.2475,0,2024-02-22T14:32:01
SR-0003131,W2402-0314,LIT-02,litho,exposure_energy_mj,25.9014,0,2024-02-22T17:23:29
SR-0003132,W2402-0314,LIT-02,litho,exposure_energy_mj,25.3094,0,2024-02-22T17:30:29
SR-0003133,W2402-0314,LIT-02,litho,focus_offset_nm,0.2356,0,2024-02-22T17:39:29
SR-0003134,W2402-0314,LIT-02,litho,focus_offset_nm,0.4783,0,2024-02-22T17:44:29
SR-0003135,W2402-0314,LIT-02,litho,stage_temp_c,21.818,0,2024-02-22T17:53:29
SR-0003136,W2402-0314,LIT-02,litho,stage_temp_c,21.8935,0,2024-02-22T18:02:29
SR-0003137,W2402-0314,LIT-02,litho,humidity_pct,42.587,0,2024-02-22T18:08:29
SR-0003138,W2402-0314,LIT-02,litho,humidity_pct,49.5723,0,2024-02-22T18:18:29
SR-0003139,W2402-0314,LIT-02,litho,dose_uniformity_pct,98.5462,0,2024-02-22T18:25:29
SR-0003140,W2402-0314,LIT-02,litho,dose_uniformity_pct,97.6305,0,2024-02-22T18:33:29
SR-0003141,W2402-0315,DEP-02,deposition,dep_temp_c,301.922,0,2024-02-22T21:36:26
SR-0003142,W2402-0315,DEP-02,deposition,dep_temp_c,294.8936,0,2024-02-22T21:45:26
SR-0003143,W2402-0315,DEP-02,deposition,dep_pressure_mtorr,5.2681,0,2024-02-22T21:52:26
SR-0003144,W2402-0315,DEP-02,deposition,dep_pressure_mtorr,4.5583,0,2024-02-22T22:00:26
SR-0003145,W2402-0315,DEP-02,deposition,rf_power_w,414.6893,0,2024-02-22T22:11:26
SR-0003146,W2402-0315,DEP-02,deposition,rf_power_w,422.0966,0,2024-02-22T22:17:26
SR-0003147,W2402-0315,DEP-02,deposition,precursor_flow_sccm,31.2,0,2024-02-22T22:24:26
SR-0003148,W2402-0315,DEP-02,deposition,precursor_flow_sccm,30.5733,0,2024-02-22T22:34:26
SR-0003149,W2402-0315,DEP-02,deposition,film_thickness_nm,48.8888,0,2024-02-22T22:43:26
SR-0003150,W2402-0315,DEP-02,deposition,film_thickness_nm,50.804,0,2024-02-22T22:50:26
SR-0003151,W2402-0316,IMP-02,implant,beam_current_ma,10.374,0,2024-02-23T01:49:08
SR-0003152,W2402-0316,IMP-02,implant,beam_current_ma,10.0088,0,2024-02-23T01:54:08
SR-0003153,W2402-0316,IMP-02,implant,beam_energy_kev,50.4132,0,2024-02-23T02:02:08
SR-0003154,W2402-0316,IMP-02,implant,beam_energy_kev,51.3903,0,2024-02-23T02:13:08
SR-0003155,W2402-0316,IMP-02,implant,scan_speed_mm_s,97.8442,0,2024-02-23T02:18:08
SR-0003156,W2402-0316,IMP-02,implant,scan_speed_mm_s,108.8724,0,2024-02-23T02:26:08
SR-0003157,W2402-0316,IMP-02,implant,dose_uniformity_pct,97.8192,0,2024-02-23T02:36:08
SR-0003158,W2402-0316,IMP-02,implant,dose_uniformity_pct,98.3835,0,2024-02-23T02:42:08
SR-0003159,W2402-0316,IMP-02,implant,tilt_angle_deg,6.9401,0,2024-02-23T02:53:08
SR-0003160,W2402-0316,IMP-02,implant,tilt_angle_deg,6.9732,0,2024-02-23T03:00:08
SR-0003161,W2402-0317,DIFF-01,diffusion,furnace_temp_c,946.0494,0,2024-02-23T06:18:43
SR-0003162,W2402-0317,DIFF-01,diffusion,furnace_temp_c,957.5696,0,2024-02-23T06:26:43
SR-0003163,W2402-0317,DIFF-01,diffusion,ramp_rate_c_min,10.4147,0,2024-02-23T06:31:43
SR-0003164,W2402-0317,DIFF-01,diffusion,ramp_rate_c_min,9.3949,0,2024-02-23T06:42:43
SR-0003165,W2402-0317,DIFF-01,diffusion,ambient_pressure_torr,761.9184,0,2024-02-23T06:50:43
SR-0003166,W2402-0317,DIFF-01,diffusion,ambient_pressure_torr,763.0373,0,2024-02-23T06:55:43
SR-0003167,W2402-0317,DIFF-01,diffusion,gas_ratio,1.7873,0,2024-02-23T07:05:43
SR-0003168,W2402-0317,DIFF-01,diffusion,gas_ratio,2.043,0,2024-02-23T07:12:43
SR-0003169,W2402-0317,DIFF-01,diffusion,anneal_time_min,29.6447,0,2024-02-23T07:19:43
SR-0003170,W2402-0317,DIFF-01,diffusion,anneal_time_min,30.499,0,2024-02-23T07:29:43
SR-0003171,W2402-0318,DIFF-02,diffusion,furnace_temp_c,947.5687,0,2024-02-23T10:16:29
SR-0003172,W2402-0318,DIFF-02,diffusion,furnace_temp_c,950.3179,0,2024-02-23T10:23:29
SR-0003173,W2402-0318,DIFF-02,diffusion,ramp_rate_c_min,10.2123,0,2024-02-23T10:29:29
SR-0003174,W2402-0318,DIFF-02,diffusion,ramp_rate_c_min,10.9212,0,2024-02-23T10:39:29
SR-0003175,W2402-0318,DIFF-02,diffusion,ambient_pressure_torr,758.3809,0,2024-02-23T10:45:29
SR-0003176,W2402-0318,DIFF-02,diffusion,ambient_pressure_torr,763.7213,0,2024-02-23T10:53:29
SR-0003177,W2402-0318,DIFF-02,diffusion,gas_ratio,2.1555,0,2024-02-23T11:03:29
SR-0003178,W2402-0318,DIFF-02,diffusion,gas_ratio,1.9342,0,2024-02-23T11:12:29
SR-0003179,W2402-0318,DIFF-02,diffusion,anneal_time_min,32.4197,0,2024-02-23T11:19:29
SR-0003180,W2402-0318,DIFF-02,diffusion,anneal_time_min,28.5576,0,2024-02-23T11:28:29
SR-0003181,W2402-0319,DEP-01,deposition,dep_temp_c,289.2104,0,2024-02-23T14:11:08
SR-0003182,W2402-0319,DEP-01,deposition,dep_temp_c,306.978,0,2024-02-23T14:22:08
SR-0003183,W2402-0319,DEP-01,deposition,dep_pressure_mtorr,5.4255,0,2024-02-23T14:30:08
SR-0003184,W2402-0319,DEP-01,deposition,dep_pressure_mtorr,4.8209,0,2024-02-23T14:36:08
SR-0003185,W2402-0319,DEP-01,deposition,rf_power_w,364.1326,0,2024-02-23T14:46:08
SR-0003186,W2402-0319,DEP-01,deposition,rf_power_w,358.2822,0,2024-02-23T14:53:08
SR-0003187,W2402-0319,DEP-01,deposition,precursor_flow_sccm,26.5167,0,2024-02-23T15:02:08
SR-0003188,W2402-0319,DEP-01,deposition,precursor_flow_sccm,30.1776,0,2024-02-23T15:09:08
SR-0003189,W2402-0319,DEP-01,deposition,film_thickness_nm,50.7736,0,2024-02-23T15:15:08
SR-0003190,W2402-0319,DEP-01,deposition,film_thickness_nm,48.8543,0,2024-02-23T15:24:08
SR-0003191,W2402-0320,ETCH-01,etch,etch_temp_c,179.5473,0,2024-02-23T18:19:01
SR-0003192,W2402-0320,ETCH-01,etch,etch_temp_c,174.5981,0,2024-02-23T18:29:01
SR-0003193,W2402-0320,ETCH-01,etch,etch_pressure_mtorr,7.8141,0,2024-02-23T18:34:01
SR-0003194,W2402-0320,ETCH-01,etch,etch_pressure_mtorr,8.174,0,2024-02-23T18:45:01
SR-0003195,W2402-0320,ETCH-01,etch,rf_power_w,401.7329,0,2024-02-23T18:53:01
SR-0003196,W2402-0320,ETCH-01,etch,rf_power_w,382.6804,0,2024-02-23T18:59:01
SR-0003197,W2402-0320,ETCH-01,etch,gas_flow_sccm,50.8692,0,2024-02-23T19:08:01
SR-0003198,W2402-0320,ETCH-01,etch,gas_flow_sccm,50.1139,0,2024-02-23T19:17:01
SR-0003199,W2402-0320,ETCH-01,etch,endpoint_time_s,115.6867,0,2024-02-23T19:23:01
SR-0003200,W2402-0320,ETCH-01,etch,endpoint_time_s,121.3624,0,2024-02-23T19:31:01
SR-0003201,W2402-0321,DIFF-01,diffusion,furnace_temp_c,948.0694,0,2024-02-23T22:24:40
SR-0003202,W2402-0321,DIFF-01,diffusion,furnace_temp_c,954.2742,0,2024-02-23T22:34:40
SR-0003203,W2402-0321,DIFF-01,diffusion,ramp_rate_c_min,9.7533,0,2024-02-23T22:40:40
SR-0003204,W2402-0321,DIFF-01,diffusion,ramp_rate_c_min,10.0605,0,2024-02-23T22:49:40
SR-0003205,W2402-0321,DIFF-01,diffusion,ambient_pressure_torr,758.7323,0,2024-02-23T22:58:40
SR-0003206,W2402-0321,DIFF-01,diffusion,ambient_pressure_torr,760.8796,0,2024-02-23T23:03:40
SR-0003207,W2402-0321,DIFF-01,diffusion,gas_ratio,2.0735,0,2024-02-23T23:12:40
SR-0003208,W2402-0321,DIFF-01,diffusion,gas_ratio,1.9538,0,2024-02-23T23:19:40
SR-0003209,W2402-0321,DIFF-01,diffusion,anneal_time_min,30.2313,0,2024-02-23T23:28:40
SR-0003210,W2402-0321,DIFF-01,diffusion,anneal_time_min,32.211,0,2024-02-23T23:37:40
SR-0003211,W2402-0322,ETCH-03,etch,etch_temp_c,191.6224,1,2024-02-24T02:09:42
SR-0003212,W2402-0322,ETCH-03,etch,etch_temp_c,187.2501,0,2024-02-24T02:14:42
SR-0003213,W2402-0322,ETCH-03,etch,etch_pressure_mtorr,8.2012,0,2024-02-24T02:24:42
SR-0003214,W2402-0322,ETCH-03,etch,etch_pressure_mtorr,7.7404,0,2024-02-24T02:33:42
SR-0003215,W2402-0322,ETCH-03,etch,rf_power_w,383.5774,0,2024-02-24T02:40:42
SR-0003216,W2402-0322,ETCH-03,etch,rf_power_w,391.3061,0,2024-02-24T02:46:42
SR-0003217,W2402-0322,ETCH-03,etch,gas_flow_sccm,50.5231,0,2024-02-24T02:54:42
SR-0003218,W2402-0322,ETCH-03,etch,gas_flow_sccm,48.0696,0,2024-02-24T03:05:42
SR-0003219,W2402-0322,ETCH-03,etch,endpoint_time_s,113.4771,0,2024-02-24T03:11:42
SR-0003220,W2402-0322,ETCH-03,etch,endpoint_time_s,118.6143,0,2024-02-24T03:20:42
SR-0003221,W2402-0323,ETCH-02,etch,etch_temp_c,177.9299,0,2024-02-24T05:58:50
SR-0003222,W2402-0323,ETCH-02,etch,etch_temp_c,173.5672,0,2024-02-24T06:03:50
SR-0003223,W2402-0323,ETCH-02,etch,etch_pressure_mtorr,7.9719,0,2024-02-24T06:12:50
SR-0003224,W2402-0323,ETCH-02,etch,etch_pressure_mtorr,8.3404,0,2024-02-24T06:19:50
SR-0003225,W2402-0323,ETCH-02,etch,rf_power_w,377.3072,0,2024-02-24T06:27:50
SR-0003226,W2402-0323,ETCH-02,etch,rf_power_w,370.1349,0,2024-02-24T06:35:50
SR-0003227,W2402-0323,ETCH-02,etch,gas_flow_sccm,49.3274,0,2024-02-24T06:45:50
SR-0003228,W2402-0323,ETCH-02,etch,gas_flow_sccm,50.41,0,2024-02-24T06:54:50
SR-0003229,W2402-0323,ETCH-02,etch,endpoint_time_s,126.8817,0,2024-02-24T07:02:50
SR-0003230,W2402-0323,ETCH-02,etch,endpoint_time_s,117.2447,0,2024-02-24T07:09:50
SR-0003231,W2402-0324,DEP-01,deposition,dep_temp_c,302.1965,0,2024-02-24T09:42:05
SR-0003232,W2402-0324,DEP-01,deposition,dep_temp_c,302.4112,0,2024-02-24T09:49:05
SR-0003233,W2402-0324,DEP-01,deposition,dep_pressure_mtorr,5.5063,0,2024-02-24T09:57:05
SR-0003234,W2402-0324,DEP-01,deposition,dep_pressure_mtorr,4.9323,0,2024-02-24T10:03:05
SR-0003235,W2402-0324,DEP-01,deposition,rf_power_w,368.1097,0,2024-02-24T10:11:05
SR-0003236,W2402-0324,DEP-01,deposition,rf_power_w,392.9921,0,2024-02-24T10:22:05
SR-0003237,W2402-0324,DEP-01,deposition,precursor_flow_sccm,33.0064,0,2024-02-24T10:29:05
SR-0003238,W2402-0324,DEP-01,deposition,precursor_flow_sccm,31.3752,0,2024-02-24T10:36:05
SR-0003239,W2402-0324,DEP-01,deposition,film_thickness_nm,48.7799,0,2024-02-24T10:45:05
SR-0003240,W2402-0324,DEP-01,deposition,film_thickness_nm,49.7479,0,2024-02-24T10:53:05
SR-0003241,W2402-0325,DIFF-02,diffusion,furnace_temp_c,947.2567,0,2024-02-24T13:49:39
SR-0003242,W2402-0325,DIFF-02,diffusion,furnace_temp_c,950.5031,0,2024-02-24T13:57:39
SR-0003243,W2402-0325,DIFF-02,diffusion,ramp_rate_c_min,10.0623,0,2024-02-24T14:05:39
SR-0003244,W2402-0325,DIFF-02,diffusion,ramp_rate_c_min,9.8425,0,2024-02-24T14:12:39
SR-0003245,W2402-0325,DIFF-02,diffusion,ambient_pressure_torr,761.08,0,2024-02-24T14:18:39
SR-0003246,W2402-0325,DIFF-02,diffusion,ambient_pressure_torr,761.6149,0,2024-02-24T14:26:39
SR-0003247,W2402-0325,DIFF-02,diffusion,gas_ratio,2.1485,0,2024-02-24T14:36:39
SR-0003248,W2402-0325,DIFF-02,diffusion,gas_ratio,2.1299,0,2024-02-24T14:45:39
SR-0003249,W2402-0325,DIFF-02,diffusion,anneal_time_min,29.4967,0,2024-02-24T14:51:39
SR-0003250,W2402-0325,DIFF-02,diffusion,anneal_time_min,29.4009,0,2024-02-24T14:58:39
SR-0003251,W2402-0326,DIFF-02,diffusion,furnace_temp_c,950.2607,0,2024-02-24T18:15:09
SR-0003252,W2402-0326,DIFF-02,diffusion,furnace_temp_c,953.1187,0,2024-02-24T18:22:09
SR-0003253,W2402-0326,DIFF-02,diffusion,ramp_rate_c_min,9.4754,0,2024-02-24T18:30:09
SR-0003254,W2402-0326,DIFF-02,diffusion,ramp_rate_c_min,10.0363,0,2024-02-24T18:39:09
SR-0003255,W2402-0326,DIFF-02,diffusion,ambient_pressure_torr,759.0935,0,2024-02-24T18:48:09
SR-0003256,W2402-0326,DIFF-02,diffusion,ambient_pressure_torr,758.1442,0,2024-02-24T18:55:09
SR-0003257,W2402-0326,DIFF-02,diffusion,gas_ratio,2.0055,0,2024-02-24T19:04:09
SR-0003258,W2402-0326,DIFF-02,diffusion,gas_ratio,1.9975,0,2024-02-24T19:11:09
SR-0003259,W2402-0326,DIFF-02,diffusion,anneal_time_min,32.2155,0,2024-02-24T19:19:09
SR-0003260,W2402-0326,DIFF-02,diffusion,anneal_time_min,28.956,0,2024-02-24T19:28:09
SR-0003261,W2402-0327,ETCH-01,etch,etch_temp_c,168.8759,0,2024-02-24T22:28:25
SR-0003262,W2402-0327,ETCH-01,etch,etch_temp_c,174.5463,0,2024-02-24T22:36:25
SR-0003263,W2402-0327,ETCH-01,etch,etch_pressure_mtorr,8.6005,0,2024-02-24T22:45:25
SR-0003264,W2402-0327,ETCH-01,etch,etch_pressure_mtorr,8.976,0,2024-02-24T22:53:25
SR-0003265,W2402-0327,ETCH-01,etch,rf_power_w,376.0462,0,2024-02-24T23:02:25
SR-0003266,W2402-0327,ETCH-01,etch,rf_power_w,368.7721,0,2024-02-24T23:11:25
SR-0003267,W2402-0327,ETCH-01,etch,gas_flow_sccm,50.0204,0,2024-02-24T23:18:25
SR-0003268,W2402-0327,ETCH-01,etch,gas_flow_sccm,50.2345,0,2024-02-24T23:27:25
SR-0003269,W2402-0327,ETCH-01,etch,endpoint_time_s,122.0814,0,2024-02-24T23:32:25
SR-0003270,W2402-0327,ETCH-01,etch,endpoint_time_s,129.9987,0,2024-02-24T23:43:25
SR-0003271,W2402-0328,DIFF-02,diffusion,furnace_temp_c,947.7949,0,2024-02-25T02:47:45
SR-0003272,W2402-0328,DIFF-02,diffusion,furnace_temp_c,949.276,0,2024-02-25T02:56:45
SR-0003273,W2402-0328,DIFF-02,diffusion,ramp_rate_c_min,10.7503,0,2024-02-25T03:05:45
SR-0003274,W2402-0328,DIFF-02,diffusion,ramp_rate_c_min,8.9789,0,2024-02-25T03:12:45
SR-0003275,W2402-0328,DIFF-02,diffusion,ambient_pressure_torr,757.4386,0,2024-02-25T03:20:45
SR-0003276,W2402-0328,DIFF-02,diffusion,ambient_pressure_torr,760.9603,0,2024-02-25T03:28:45
SR-0003277,W2402-0328,DIFF-02,diffusion,gas_ratio,2.1226,0,2024-02-25T03:34:45
SR-0003278,W2402-0328,DIFF-02,diffusion,gas_ratio,1.8993,0,2024-02-25T03:44:45
SR-0003279,W2402-0328,DIFF-02,diffusion,anneal_time_min,30.8947,0,2024-02-25T03:52:45
SR-0003280,W2402-0328,DIFF-02,diffusion,anneal_time_min,30.1992,0,2024-02-25T03:59:45
SR-0003281,W2402-0329,IMP-01,implant,beam_current_ma,10.0413,0,2024-02-25T06:35:03
SR-0003282,W2402-0329,IMP-01,implant,beam_current_ma,9.7441,0,2024-02-25T06:42:03
SR-0003283,W2402-0329,IMP-01,implant,beam_energy_kev,47.7916,0,2024-02-25T06:49:03
SR-0003284,W2402-0329,IMP-01,implant,beam_energy_kev,49.4545,0,2024-02-25T06:58:03
SR-0003285,W2402-0329,IMP-01,implant,scan_speed_mm_s,103.8913,0,2024-02-25T07:04:03
SR-0003286,W2402-0329,IMP-01,implant,scan_speed_mm_s,96.6458,0,2024-02-25T07:12:03
SR-0003287,W2402-0329,IMP-01,implant,dose_uniformity_pct,98.6001,0,2024-02-25T07:20:03
SR-0003288,W2402-0329,IMP-01,implant,dose_uniformity_pct,98.4496,0,2024-02-25T07:30:03
SR-0003289,W2402-0329,IMP-01,implant,tilt_angle_deg,7.0015,0,2024-02-25T07:36:03
SR-0003290,W2402-0329,IMP-01,implant,tilt_angle_deg,7.1036,0,2024-02-25T07:46:03
SR-0003291,W2402-0330,LIT-02,litho,exposure_energy_mj,25.084,0,2024-02-25T10:08:36
SR-0003292,W2402-0330,LIT-02,litho,exposure_energy_mj,25.757,0,2024-02-25T10:16:36
SR-0003293,W2402-0330,LIT-02,litho,focus_offset_nm,-0.9069,0,2024-02-25T10:24:36
SR-0003294,W2402-0330,LIT-02,litho,focus_offset_nm,-4.0741,0,2024-02-25T10:33:36
SR-0003295,W2402-0330,LIT-02,litho,stage_temp_c,22.1853,0,2024-02-25T10:40:36
SR-0003296,W2402-0330,LIT-02,litho,stage_temp_c,22.4555,0,2024-02-25T10:48:36
SR-0003297,W2402-0330,LIT-02,litho,humidity_pct,46.3987,0,2024-02-25T10:58:36
SR-0003298,W2402-0330,LIT-02,litho,humidity_pct,38.0762,0,2024-02-25T11:03:36
SR-0003299,W2402-0330,LIT-02,litho,dose_uniformity_pct,99.1104,0,2024-02-25T11:13:36
SR-0003300,W2402-0330,LIT-02,litho,dose_uniformity_pct,99.0911,0,2024-02-25T11:20:36
SR-0003301,W2402-0331,CMP-01,cmp,polish_pressure_psi,3.3704,0,2024-02-25T13:51:54
SR-0003302,W2402-0331,CMP-01,cmp,polish_pressure_psi,3.4238,0,2024-02-25T13:57:54
SR-0003303,W2402-0331,CMP-01,cmp,platen_speed_rpm,86.0207,0,2024-02-25T14:05:54
SR-0003304,W2402-0331,CMP-01,cmp,platen_speed_rpm,89.9993,0,2024-02-25T14:13:54
SR-0003305,W2402-0331,CMP-01,cmp,slurry_flow_ml_min,210.3768,0,2024-02-25T14:22:54
SR-0003306,W2402-0331,CMP-01,cmp,slurry_flow_ml_min,197.1545,0,2024-02-25T14:31:54
SR-0003307,W2402-0331,CMP-01,cmp,removal_rate_ang_min,1539.5215,0,2024-02-25T14:37:54
SR-0003308,W2402-0331,CMP-01,cmp,removal_rate_ang_min,1427.3335,0,2024-02-25T14:47:54
SR-0003309,W2402-0331,CMP-01,cmp,friction_coeff,0.3931,0,2024-02-25T14:52:54
SR-0003310,W2402-0331,CMP-01,cmp,friction_coeff,0.3709,0,2024-02-25T15:02:54
SR-0003311,W2402-0332,ETCH-01,etch,etch_temp_c,177.4784,0,2024-02-25T18:18:19
SR-0003312,W2402-0332,ETCH-01,etch,etch_temp_c,171.893,0,2024-02-25T18:27:19
SR-0003313,W2402-0332,ETCH-01,etch,etch_pressure_mtorr,8.1043,0,2024-02-25T18:35:19
SR-0003314,W2402-0332,ETCH-01,etch,etch_pressure_mtorr,6.9287,0,2024-02-25T18:40:19
SR-0003315,W2402-0332,ETCH-01,etch,rf_power_w,387.9762,0,2024-02-25T18:51:19
SR-0003316,W2402-0332,ETCH-01,etch,rf_power_w,387.0149,0,2024-02-25T18:58:19
SR-0003317,W2402-0332,ETCH-01,etch,gas_flow_sccm,50.5807,0,2024-02-25T19:05:19
SR-0003318,W2402-0332,ETCH-01,etch,gas_flow_sccm,48.3081,0,2024-02-25T19:14:19
SR-0003319,W2402-0332,ETCH-01,etch,endpoint_time_s,117.6635,0,2024-02-25T19:20:19
SR-0003320,W2402-0332,ETCH-01,etch,endpoint_time_s,120.1674,0,2024-02-25T19:31:19
SR-0003321,W2402-0333,CMP-01,cmp,polish_pressure_psi,3.3004,0,2024-02-25T22:41:11
SR-0003322,W2402-0333,CMP-01,cmp,polish_pressure_psi,3.1699,0,2024-02-25T22:52:11
SR-0003323,W2402-0333,CMP-01,cmp,platen_speed_rpm,91.9647,0,2024-02-25T22:57:11
SR-0003324,W2402-0333,CMP-01,cmp,platen_speed_rpm,93.42,0,2024-02-25T23:05:11
SR-0003325,W2402-0333,CMP-01,cmp,slurry_flow_ml_min,204.0254,0,2024-02-25T23:15:11
SR-0003326,W2402-0333,CMP-01,cmp,slurry_flow_ml_min,184.5916,0,2024-02-25T23:24:11
SR-0003327,W2402-0333,CMP-01,cmp,removal_rate_ang_min,1448.1084,0,2024-02-25T23:31:11
SR-0003328,W2402-0333,CMP-01,cmp,removal_rate_ang_min,1516.7437,0,2024-02-25T23:37:11
SR-0003329,W2402-0333,CMP-01,cmp,friction_coeff,0.3385,0,2024-02-25T23:46:11
SR-0003330,W2402-0333,CMP-01,cmp,friction_coeff,0.3117,0,2024-02-25T23:56:11
SR-0003331,W2402-0334,DEP-02,deposition,dep_temp_c,299.3446,0,2024-02-26T02:35:01
SR-0003332,W2402-0334,DEP-02,deposition,dep_temp_c,301.2416,0,2024-02-26T02:43:01
SR-0003333,W2402-0334,DEP-02,deposition,dep_pressure_mtorr,5.444,0,2024-02-26T02:52:01
SR-0003334,W2402-0334,DEP-02,deposition,dep_pressure_mtorr,4.6689,0,2024-02-26T02:58:01
SR-0003335,W2402-0334,DEP-02,deposition,rf_power_w,428.8293,0,2024-02-26T03:07:01
SR-0003336,W2402-0334,DEP-02,deposition,rf_power_w,425.0508,0,2024-02-26T03:14:01
SR-0003337,W2402-0334,DEP-02,deposition,precursor_flow_sccm,30.0084,0,2024-02-26T03:22:01
SR-0003338,W2402-0334,DEP-02,deposition,precursor_flow_sccm,30.0123,0,2024-02-26T03:30:01
SR-0003339,W2402-0334,DEP-02,deposition,film_thickness_nm,50.4676,0,2024-02-26T03:41:01
SR-0003340,W2402-0334,DEP-02,deposition,film_thickness_nm,48.235,0,2024-02-26T03:48:01
SR-0003341,W2402-0335,DEP-01,deposition,dep_temp_c,307.2342,0,2024-02-26T06:55:11
SR-0003342,W2402-0335,DEP-01,deposition,dep_temp_c,296.8277,0,2024-02-26T07:01:11
SR-0003343,W2402-0335,DEP-01,deposition,dep_pressure_mtorr,5.0195,0,2024-02-26T07:10:11
SR-0003344,W2402-0335,DEP-01,deposition,dep_pressure_mtorr,5.1975,0,2024-02-26T07:16:11
SR-0003345,W2402-0335,DEP-01,deposition,rf_power_w,359.5776,0,2024-02-26T07:27:11
SR-0003346,W2402-0335,DEP-01,deposition,rf_power_w,381.9044,0,2024-02-26T07:33:11
SR-0003347,W2402-0335,DEP-01,deposition,precursor_flow_sccm,30.2495,0,2024-02-26T07:41:11
SR-0003348,W2402-0335,DEP-01,deposition,precursor_flow_sccm,31.1784,0,2024-02-26T07:49:11
SR-0003349,W2402-0335,DEP-01,deposition,film_thickness_nm,51.4456,0,2024-02-26T07:59:11
SR-0003350,W2402-0335,DEP-01,deposition,film_thickness_nm,49.1795,0,2024-02-26T08:04:11
SR-0003351,W2402-0336,LIT-02,litho,exposure_energy_mj,25.0506,0,2024-02-26T10:38:28
SR-0003352,W2402-0336,LIT-02,litho,exposure_energy_mj,24.7303,0,2024-02-26T10:46:28
SR-0003353,W2402-0336,LIT-02,litho,focus_offset_nm,1.1879,0,2024-02-26T10:51:28
SR-0003354,W2402-0336,LIT-02,litho,focus_offset_nm,-3.5717,0,2024-02-26T11:00:28
SR-0003355,W2402-0336,LIT-02,litho,stage_temp_c,22.0823,0,2024-02-26T11:07:28
SR-0003356,W2402-0336,LIT-02,litho,stage_temp_c,21.9789,0,2024-02-26T11:18:28
SR-0003357,W2402-0336,LIT-02,litho,humidity_pct,46.4844,0,2024-02-26T11:23:28
SR-0003358,W2402-0336,LIT-02,litho,humidity_pct,44.309,0,2024-02-26T11:34:28
SR-0003359,W2402-0336,LIT-02,litho,dose_uniformity_pct,98.4362,0,2024-02-26T11:39:28
SR-0003360,W2402-0336,LIT-02,litho,dose_uniformity_pct,98.8922,0,2024-02-26T11:48:28
SR-0003361,W2402-0337,DEP-01,deposition,dep_temp_c,297.4454,0,2024-02-26T14:43:13
SR-0003362,W2402-0337,DEP-01,deposition,dep_temp_c,304.0935,0,2024-02-26T14:48:13
SR-0003363,W2402-0337,DEP-01,deposition,dep_pressure_mtorr,4.7763,0,2024-02-26T14:57:13
SR-0003364,W2402-0337,DEP-01,deposition,dep_pressure_mtorr,4.6301,0,2024-02-26T15:05:13
SR-0003365,W2402-0337,DEP-01,deposition,rf_power_w,403.0114,0,2024-02-26T15:14:13
SR-0003366,W2402-0337,DEP-01,deposition,rf_power_w,394.9791,0,2024-02-26T15:20:13
SR-0003367,W2402-0337,DEP-01,deposition,precursor_flow_sccm,28.948,0,2024-02-26T15:29:13
SR-0003368,W2402-0337,DEP-01,deposition,precursor_flow_sccm,29.2215,0,2024-02-26T15:38:13
SR-0003369,W2402-0337,DEP-01,deposition,film_thickness_nm,49.2267,0,2024-02-26T15:47:13
SR-0003370,W2402-0337,DEP-01,deposition,film_thickness_nm,49.6185,0,2024-02-26T15:54:13
SR-0003371,W2402-0338,DEP-02,deposition,dep_temp_c,291.4202,0,2024-02-26T18:26:58
SR-0003372,W2402-0338,DEP-02,deposition,dep_temp_c,301.6664,0,2024-02-26T18:35:58
SR-0003373,W2402-0338,DEP-02,deposition,dep_pressure_mtorr,4.9478,0,2024-02-26T18:43:58
SR-0003374,W2402-0338,DEP-02,deposition,dep_pressure_mtorr,5.3981,0,2024-02-26T18:49:58
SR-0003375,W2402-0338,DEP-02,deposition,rf_power_w,375.2286,0,2024-02-26T18:58:58
SR-0003376,W2402-0338,DEP-02,deposition,rf_power_w,389.1232,0,2024-02-26T19:06:58
SR-0003377,W2402-0338,DEP-02,deposition,precursor_flow_sccm,30.9645,0,2024-02-26T19:15:58
SR-0003378,W2402-0338,DEP-02,deposition,precursor_flow_sccm,30.3346,0,2024-02-26T19:21:58
SR-0003379,W2402-0338,DEP-02,deposition,film_thickness_nm,50.1008,0,2024-02-26T19:29:58
SR-0003380,W2402-0338,DEP-02,deposition,film_thickness_nm,50.3894,0,2024-02-26T19:39:58
SR-0003381,W2402-0339,ETCH-01,etch,etch_temp_c,175.8105,0,2024-02-26T22:24:37
SR-0003382,W2402-0339,ETCH-01,etch,etch_temp_c,175.5267,0,2024-02-26T22:31:37
SR-0003383,W2402-0339,ETCH-01,etch,etch_pressure_mtorr,6.5919,0,2024-02-26T22:38:37
SR-0003384,W2402-0339,ETCH-01,etch,etch_pressure_mtorr,8.2499,0,2024-02-26T22:49:37
SR-0003385,W2402-0339,ETCH-01,etch,rf_power_w,374.5387,0,2024-02-26T22:57:37
SR-0003386,W2402-0339,ETCH-01,etch,rf_power_w,384.7381,0,2024-02-26T23:04:37
SR-0003387,W2402-0339,ETCH-01,etch,gas_flow_sccm,49.6649,0,2024-02-26T23:10:37
SR-0003388,W2402-0339,ETCH-01,etch,gas_flow_sccm,53.2383,0,2024-02-26T23:21:37
SR-0003389,W2402-0339,ETCH-01,etch,endpoint_time_s,121.9392,0,2024-02-26T23:28:37
SR-0003390,W2402-0339,ETCH-01,etch,endpoint_time_s,112.4846,0,2024-02-26T23:35:37
SR-0003391,W2402-0340,DIFF-01,diffusion,furnace_temp_c,944.0536,0,2024-02-27T02:27:08
SR-0003392,W2402-0340,DIFF-01,diffusion,furnace_temp_c,954.2602,0,2024-02-27T02:34:08
SR-0003393,W2402-0340,DIFF-01,diffusion,ramp_rate_c_min,10.342,0,2024-02-27T02:42:08
SR-0003394,W2402-0340,DIFF-01,diffusion,ramp_rate_c_min,10.1944,0,2024-02-27T02:51:08
SR-0003395,W2402-0340,DIFF-01,diffusion,ambient_pressure_torr,762.1908,0,2024-02-27T02:58:08
SR-0003396,W2402-0340,DIFF-01,diffusion,ambient_pressure_torr,760.3591,0,2024-02-27T03:06:08
SR-0003397,W2402-0340,DIFF-01,diffusion,gas_ratio,2.0567,0,2024-02-27T03:13:08
SR-0003398,W2402-0340,DIFF-01,diffusion,gas_ratio,1.8775,0,2024-02-27T03:21:08
SR-0003399,W2402-0340,DIFF-01,diffusion,anneal_time_min,28.6104,0,2024-02-27T03:30:08
SR-0003400,W2402-0340,DIFF-01,diffusion,anneal_time_min,31.0769,0,2024-02-27T03:37:08
SR-0003401,W2402-0341,ETCH-03,etch,etch_temp_c,186.3736,0,2024-02-27T06:41:00
SR-0003402,W2402-0341,ETCH-03,etch,etch_temp_c,185.957,0,2024-02-27T06:52:00
SR-0003403,W2402-0341,ETCH-03,etch,etch_pressure_mtorr,8.6375,0,2024-02-27T06:58:00
SR-0003404,W2402-0341,ETCH-03,etch,etch_pressure_mtorr,8.3217,0,2024-02-27T07:08:00
SR-0003405,W2402-0341,ETCH-03,etch,rf_power_w,363.0575,0,2024-02-27T07:15:00
SR-0003406,W2402-0341,ETCH-03,etch,rf_power_w,360.0449,0,2024-02-27T07:22:00
SR-0003407,W2402-0341,ETCH-03,etch,gas_flow_sccm,53.3648,0,2024-02-27T07:29:00
SR-0003408,W2402-0341,ETCH-03,etch,gas_flow_sccm,47.4012,0,2024-02-27T07:37:00
SR-0003409,W2402-0341,ETCH-03,etch,endpoint_time_s,122.6255,0,2024-02-27T07:45:00
SR-0003410,W2402-0341,ETCH-03,etch,endpoint_time_s,124.2077,0,2024-02-27T07:53:00
SR-0003411,W2402-0342,LIT-03,litho,exposure_energy_mj,25.4325,0,2024-02-27T10:41:21
SR-0003412,W2402-0342,LIT-03,litho,exposure_energy_mj,24.8374,0,2024-02-27T10:51:21
SR-0003413,W2402-0342,LIT-03,litho,focus_offset_nm,0.0053,0,2024-02-27T10:57:21
SR-0003414,W2402-0342,LIT-03,litho,focus_offset_nm,0.7724,0,2024-02-27T11:07:21
SR-0003415,W2402-0342,LIT-03,litho,stage_temp_c,22.469,0,2024-02-27T11:16:21
SR-0003416,W2402-0342,LIT-03,litho,stage_temp_c,21.9783,0,2024-02-27T11:22:21
SR-0003417,W2402-0342,LIT-03,litho,humidity_pct,43.9227,0,2024-02-27T11:31:21
SR-0003418,W2402-0342,LIT-03,litho,humidity_pct,48.501,0,2024-02-27T11:39:21
SR-0003419,W2402-0342,LIT-03,litho,dose_uniformity_pct,98.7963,0,2024-02-27T11:48:21
SR-0003420,W2402-0342,LIT-03,litho,dose_uniformity_pct,98.0383,0,2024-02-27T11:53:21
SR-0003421,W2402-0343,LIT-01,litho,exposure_energy_mj,24.5738,0,2024-02-27T14:15:17
SR-0003422,W2402-0343,LIT-01,litho,exposure_energy_mj,26.3361,0,2024-02-27T14:20:17
SR-0003423,W2402-0343,LIT-01,litho,focus_offset_nm,-2.2363,0,2024-02-27T14:28:17
SR-0003424,W2402-0343,LIT-01,litho,focus_offset_nm,-0.8171,0,2024-02-27T14:38:17
SR-0003425,W2402-0343,LIT-01,litho,stage_temp_c,22.1323,0,2024-02-27T14:44:17
SR-0003426,W2402-0343,LIT-01,litho,stage_temp_c,22.1613,0,2024-02-27T14:54:17
SR-0003427,W2402-0343,LIT-01,litho,humidity_pct,47.8986,0,2024-02-27T15:00:17
SR-0003428,W2402-0343,LIT-01,litho,humidity_pct,45.1054,0,2024-02-27T15:08:17
SR-0003429,W2402-0343,LIT-01,litho,dose_uniformity_pct,98.6938,0,2024-02-27T15:18:17
SR-0003430,W2402-0343,LIT-01,litho,dose_uniformity_pct,99.7148,0,2024-02-27T15:24:17
SR-0003431,W2402-0344,LIT-03,litho,exposure_energy_mj,24.8547,0,2024-02-27T18:17:26
SR-0003432,W2402-0344,LIT-03,litho,exposure_energy_mj,25.375,0,2024-02-27T18:22:26
SR-0003433,W2402-0344,LIT-03,litho,focus_offset_nm,-0.523,0,2024-02-27T18:30:26
SR-0003434,W2402-0344,LIT-03,litho,focus_offset_nm,2.3214,0,2024-02-27T18:40:26
SR-0003435,W2402-0344,LIT-03,litho,stage_temp_c,22.0528,0,2024-02-27T18:49:26
SR-0003436,W2402-0344,LIT-03,litho,stage_temp_c,21.6546,0,2024-02-27T18:55:26
SR-0003437,W2402-0344,LIT-03,litho,humidity_pct,45.7343,0,2024-02-27T19:02:26
SR-0003438,W2402-0344,LIT-03,litho,humidity_pct,45.6297,0,2024-02-27T19:11:26
SR-0003439,W2402-0344,LIT-03,litho,dose_uniformity_pct,98.4516,0,2024-02-27T19:21:26
SR-0003440,W2402-0344,LIT-03,litho,dose_uniformity_pct,98.1607,0,2024-02-27T19:29:26
SR-0003441,W2402-0345,DIFF-01,diffusion,furnace_temp_c,942.5542,0,2024-02-27T21:50:51
SR-0003442,W2402-0345,DIFF-01,diffusion,furnace_temp_c,946.3073,0,2024-02-27T21:59:51
SR-0003443,W2402-0345,DIFF-01,diffusion,ramp_rate_c_min,10.3169,0,2024-02-27T22:09:51
SR-0003444,W2402-0345,DIFF-01,diffusion,ramp_rate_c_min,9.8099,0,2024-02-27T22:14:51
SR-0003445,W2402-0345,DIFF-01,diffusion,ambient_pressure_torr,757.5913,0,2024-02-27T22:25:51
SR-0003446,W2402-0345,DIFF-01,diffusion,ambient_pressure_torr,762.0399,0,2024-02-27T22:32:51
SR-0003447,W2402-0345,DIFF-01,diffusion,gas_ratio,2.0934,0,2024-02-27T22:40:51
SR-0003448,W2402-0345,DIFF-01,diffusion,gas_ratio,2.0371,0,2024-02-27T22:46:51
SR-0003449,W2402-0345,DIFF-01,diffusion,anneal_time_min,32.0093,0,2024-02-27T22:55:51
SR-0003450,W2402-0345,DIFF-01,diffusion,anneal_time_min,30.3003,0,2024-02-27T23:03:51
SR-0003451,W2402-0346,DEP-02,deposition,dep_temp_c,306.6218,0,2024-02-28T02:01:02
SR-0003452,W2402-0346,DEP-02,deposition,dep_temp_c,299.834,0,2024-02-28T02:06:02
SR-0003453,W2402-0346,DEP-02,deposition,dep_pressure_mtorr,4.3719,0,2024-02-28T02:14:02
SR-0003454,W2402-0346,DEP-02,deposition,dep_pressure_mtorr,5.1591,0,2024-02-28T02:22:02
SR-0003455,W2402-0346,DEP-02,deposition,rf_power_w,428.6913,0,2024-02-28T02:31:02
SR-0003456,W2402-0346,DEP-02,deposition,rf_power_w,423.5871,0,2024-02-28T02:39:02
SR-0003457,W2402-0346,DEP-02,deposition,precursor_flow_sccm,31.2754,0,2024-02-28T02:48:02
SR-0003458,W2402-0346,DEP-02,deposition,precursor_flow_sccm,31.0361,0,2024-02-28T02:54:02
SR-0003459,W2402-0346,DEP-02,deposition,film_thickness_nm,50.733,0,2024-02-28T03:02:02
SR-0003460,W2402-0346,DEP-02,deposition,film_thickness_nm,52.0941,0,2024-02-28T03:11:02
SR-0003461,W2402-0347,DEP-03,deposition,dep_temp_c,305.4497,0,2024-02-28T06:04:56
SR-0003462,W2402-0347,DEP-03,deposition,dep_temp_c,297.4579,0,2024-02-28T06:10:56
SR-0003463,W2402-0347,DEP-03,deposition,dep_pressure_mtorr,4.4719,0,2024-02-28T06:20:56
SR-0003464,W2402-0347,DEP-03,deposition,dep_pressure_mtorr,4.8359,0,2024-02-28T06:27:56
SR-0003465,W2402-0347,DEP-03,deposition,rf_power_w,345.2211,0,2024-02-28T06:34:56
SR-0003466,W2402-0347,DEP-03,deposition,rf_power_w,368.3315,0,2024-02-28T06:41:56
SR-0003467,W2402-0347,DEP-03,deposition,precursor_flow_sccm,29.8013,0,2024-02-28T06:49:56
SR-0003468,W2402-0347,DEP-03,deposition,precursor_flow_sccm,29.1197,0,2024-02-28T07:00:56
SR-0003469,W2402-0347,DEP-03,deposition,film_thickness_nm,50.8448,0,2024-02-28T07:07:56
SR-0003470,W2402-0347,DEP-03,deposition,film_thickness_nm,51.9425,0,2024-02-28T07:14:56
SR-0003471,W2402-0348,IMP-01,implant,beam_current_ma,10.5217,0,2024-02-28T10:07:06
SR-0003472,W2402-0348,IMP-01,implant,beam_current_ma,9.9825,0,2024-02-28T10:15:06
SR-0003473,W2402-0348,IMP-01,implant,beam_energy_kev,48.6257,0,2024-02-28T10:22:06
SR-0003474,W2402-0348,IMP-01,implant,beam_energy_kev,51.4273,0,2024-02-28T10:32:06
SR-0003475,W2402-0348,IMP-01,implant,scan_speed_mm_s,100.818,0,2024-02-28T10:40:06
SR-0003476,W2402-0348,IMP-01,implant,scan_speed_mm_s,100.9925,0,2024-02-28T10:45:06
SR-0003477,W2402-0348,IMP-01,implant,dose_uniformity_pct,98.4698,0,2024-02-28T10:55:06
SR-0003478,W2402-0348,IMP-01,implant,dose_uniformity_pct,98.4139,0,2024-02-28T11:01:06
SR-0003479,W2402-0348,IMP-01,implant,tilt_angle_deg,7.1939,0,2024-02-28T11:09:06
SR-0003480,W2402-0348,IMP-01,implant,tilt_angle_deg,6.9501,0,2024-02-28T11:20:06
SR-0003481,W2402-0349,IMP-02,implant,beam_current_ma,10.6745,0,2024-02-28T14:05:06
SR-0003482,W2402-0349,IMP-02,implant,beam_current_ma,10.3207,0,2024-02-28T14:13:06
SR-0003483,W2402-0349,IMP-02,implant,beam_energy_kev,48.5035,0,2024-02-28T14:22:06
SR-0003484,W2402-0349,IMP-02,implant,beam_energy_kev,50.3507,0,2024-02-28T14:32:06
SR-0003485,W2402-0349,IMP-02,implant,scan_speed_mm_s,103.07,0,2024-02-28T14:37:06
SR-0003486,W2402-0349,IMP-02,implant,scan_speed_mm_s,99.327,0,2024-02-28T14:47:06
SR-0003487,W2402-0349,IMP-02,implant,dose_uniformity_pct,98.3934,0,2024-02-28T14:53:06
SR-0003488,W2402-0349,IMP-02,implant,dose_uniformity_pct,99.2077,0,2024-02-28T15:03:06
SR-0003489,W2402-0349,IMP-02,implant,tilt_angle_deg,6.8205,0,2024-02-28T15:11:06
SR-0003490,W2402-0349,IMP-02,implant,tilt_angle_deg,7.0988,0,2024-02-28T15:17:06
SR-0003491,W2402-0350,DEP-01,deposition,dep_temp_c,293.7877,0,2024-02-28T18:31:10
SR-0003492,W2402-0350,DEP-01,deposition,dep_temp_c,298.9437,0,2024-02-28T18:40:10
SR-0003493,W2402-0350,DEP-01,deposition,dep_pressure_mtorr,4.5866,0,2024-02-28T18:45:10
SR-0003494,W2402-0350,DEP-01,deposition,dep_pressure_mtorr,5.1344,0,2024-02-28T18:55:10
SR-0003495,W2402-0350,DEP-01,deposition,rf_power_w,362.182,0,2024-02-28T19:04:10
SR-0003496,W2402-0350,DEP-01,deposition,rf_power_w,358.778,0,2024-02-28T19:11:10
SR-0003497,W2402-0350,DEP-01,deposition,precursor_flow_sccm,31.101,0,2024-02-28T19:18:10
SR-0003498,W2402-0350,DEP-01,deposition,precursor_flow_sccm,31.6315,0,2024-02-28T19:26:10
SR-0003499,W2402-0350,DEP-01,deposition,film_thickness_nm,49.723,0,2024-02-28T19:34:10
SR-0003500,W2402-0350,DEP-01,deposition,film_thickness_nm,50.6791,0,2024-02-28T19:43:10
SR-0003501,W2402-0351,ETCH-02,etch,etch_temp_c,173.6657,0,2024-02-28T22:53:08
SR-0003502,W2402-0351,ETCH-02,etch,etch_temp_c,180.1534,0,2024-02-28T23:03:08
SR-0003503,W2402-0351,ETCH-02,etch,etch_pressure_mtorr,7.9936,0,2024-02-28T23:11:08
SR-0003504,W2402-0351,ETCH-02,etch,etch_pressure_mtorr,7.8735,0,2024-02-28T23:19:08
SR-0003505,W2402-0351,ETCH-02,etch,rf_power_w,378.182,0,2024-02-28T23:27:08
SR-0003506,W2402-0351,ETCH-02,etch,rf_power_w,378.6613,0,2024-02-28T23:33:08
SR-0003507,W2402-0351,ETCH-02,etch,gas_flow_sccm,51.5083,0,2024-02-28T23:41:08
SR-0003508,W2402-0351,ETCH-02,etch,gas_flow_sccm,48.9709,0,2024-02-28T23:51:08
SR-0003509,W2402-0351,ETCH-02,etch,endpoint_time_s,126.8874,0,2024-02-28T23:58:08
SR-0003510,W2402-0351,ETCH-02,etch,endpoint_time_s,119.1244,0,2024-02-29T00:05:08
SR-0003511,W2402-0352,LIT-02,litho,exposure_energy_mj,25.0323,0,2024-02-29T03:08:53
SR-0003512,W2402-0352,LIT-02,litho,exposure_energy_mj,25.4586,0,2024-02-29T03:14:53
SR-0003513,W2402-0352,LIT-02,litho,focus_offset_nm,0.4344,0,2024-02-29T03:24:53
SR-0003514,W2402-0352,LIT-02,litho,focus_offset_nm,4.4112,0,2024-02-29T03:31:53
SR-0003515,W2402-0352,LIT-02,litho,stage_temp_c,22.1701,0,2024-02-29T03:39:53
SR-0003516,W2402-0352,LIT-02,litho,stage_temp_c,22.2063,0,2024-02-29T03:47:53
SR-0003517,W2402-0352,LIT-02,litho,humidity_pct,44.0648,0,2024-02-29T03:55:53
SR-0003518,W2402-0352,LIT-02,litho,humidity_pct,44.7899,0,2024-02-29T04:02:53
SR-0003519,W2402-0352,LIT-02,litho,dose_uniformity_pct,99.0834,0,2024-02-29T04:10:53
SR-0003520,W2402-0352,LIT-02,litho,dose_uniformity_pct,98.9185,0,2024-02-29T04:17:53
SR-0003521,W2402-0353,IMP-02,implant,beam_current_ma,10.5531,0,2024-02-29T06:51:19
SR-0003522,W2402-0353,IMP-02,implant,beam_current_ma,10.1054,0,2024-02-29T07:01:19
SR-0003523,W2402-0353,IMP-02,implant,beam_energy_kev,50.3692,0,2024-02-29T07:08:19
SR-0003524,W2402-0353,IMP-02,implant,beam_energy_kev,53.0696,0,2024-02-29T07:14:19
SR-0003525,W2402-0353,IMP-02,implant,scan_speed_mm_s,102.0712,0,2024-02-29T07:24:19
SR-0003526,W2402-0353,IMP-02,implant,scan_speed_mm_s,100.8905,0,2024-02-29T07:32:19
SR-0003527,W2402-0353,IMP-02,implant,dose_uniformity_pct,98.4861,0,2024-02-29T07:38:19
SR-0003528,W2402-0353,IMP-02,implant,dose_uniformity_pct,98.1257,0,2024-02-29T07:46:19
SR-0003529,W2402-0353,IMP-02,implant,tilt_angle_deg,6.8904,0,2024-02-29T07:57:19
SR-0003530,W2402-0353,IMP-02,implant,tilt_angle_deg,7.0608,0,2024-02-29T08:03:19
SR-0003531,W2402-0354,LIT-01,litho,exposure_energy_mj,25.131,0,2024-02-29T10:27:01
SR-0003532,W2402-0354,LIT-01,litho,exposure_energy_mj,24.1505,0,2024-02-29T10:36:01
SR-0003533,W2402-0354,LIT-01,litho,focus_offset_nm,-1.6086,0,2024-02-29T10:41:01
SR-0003534,W2402-0354,LIT-01,litho,focus_offset_nm,-2.5666,0,2024-02-29T10:50:01
SR-0003535,W2402-0354,LIT-01,litho,stage_temp_c,21.6822,0,2024-02-29T10:57:01
SR-0003536,W2402-0354,LIT-01,litho,stage_temp_c,21.837,0,2024-02-29T11:07:01
SR-0003537,W2402-0354,LIT-01,litho,humidity_pct,49.6858,0,2024-02-29T11:16:01
SR-0003538,W2402-0354,LIT-01,litho,humidity_pct,47.3237,0,2024-02-29T11:23:01
SR-0003539,W2402-0354,LIT-01,litho,dose_uniformity_pct,98.2088,0,2024-02-29T11:29:01
SR-0003540,W2402-0354,LIT-01,litho,dose_uniformity_pct,98.5807,0,2024-02-29T11:38:01
SR-0003541,W2402-0355,DIFF-02,diffusion,furnace_temp_c,951.277,0,2024-02-29T14:45:21
SR-0003542,W2402-0355,DIFF-02,diffusion,furnace_temp_c,952.707,0,2024-02-29T14:55:21
SR-0003543,W2402-0355,DIFF-02,diffusion,ramp_rate_c_min,10.2134,0,2024-02-29T15:03:21
SR-0003544,W2402-0355,DIFF-02,diffusion,ramp_rate_c_min,10.4536,0,2024-02-29T15:09:21
SR-0003545,W2402-0355,DIFF-02,diffusion,ambient_pressure_torr,759.2808,0,2024-02-29T15:18:21
SR-0003546,W2402-0355,DIFF-02,diffusion,ambient_pressure_torr,754.8629,0,2024-02-29T15:25:21
SR-0003547,W2402-0355,DIFF-02,diffusion,gas_ratio,2.2379,0,2024-02-29T15:33:21
SR-0003548,W2402-0355,DIFF-02,diffusion,gas_ratio,2.3016,0,2024-02-29T15:44:21
SR-0003549,W2402-0355,DIFF-02,diffusion,anneal_time_min,28.3957,0,2024-02-29T15:49:21
SR-0003550,W2402-0355,DIFF-02,diffusion,anneal_time_min,31.4099,0,2024-02-29T15:57:21
SR-0003551,W2402-0356,DEP-03,deposition,dep_temp_c,294.9911,0,2024-02-29T18:45:23
SR-0003552,W2402-0356,DEP-03,deposition,dep_temp_c,296.7267,0,2024-02-29T18:52:23
SR-0003553,W2402-0356,DEP-03,deposition,dep_pressure_mtorr,4.6939,0,2024-02-29T19:00:23
SR-0003554,W2402-0356,DEP-03,deposition,dep_pressure_mtorr,5.1329,0,2024-02-29T19:07:23
SR-0003555,W2402-0356,DEP-03,deposition,rf_power_w,398.4698,0,2024-02-29T19:16:23
SR-0003556,W2402-0356,DEP-03,deposition,rf_power_w,381.115,0,2024-02-29T19:24:23
SR-0003557,W2402-0356,DEP-03,deposition,precursor_flow_sccm,32.5603,0,2024-02-29T19:31:23
SR-0003558,W2402-0356,DEP-03,deposition,precursor_flow_sccm,27.6042,0,2024-02-29T19:38:23
SR-0003559,W2402-0356,DEP-03,deposition,film_thickness_nm,50.4551,0,2024-02-29T19:47:23
SR-0003560,W2402-0356,DEP-03,deposition,film_thickness_nm,47.6343,0,2024-02-29T19:57:23
SR-0003561,W2402-0357,LIT-03,litho,exposure_energy_mj,25.4258,0,2024-02-29T22:25:31
SR-0003562,W2402-0357,LIT-03,litho,exposure_energy_mj,25.5624,0,2024-02-29T22:31:31
SR-0003563,W2402-0357,LIT-03,litho,focus_offset_nm,1.231,0,2024-02-29T22:41:31
SR-0003564,W2402-0357,LIT-03,litho,focus_offset_nm,-1.5563,0,2024-02-29T22:50:31
SR-0003565,W2402-0357,LIT-03,litho,stage_temp_c,21.7761,0,2024-02-29T22:58:31
SR-0003566,W2402-0357,LIT-03,litho,stage_temp_c,22.0476,0,2024-02-29T23:04:31
SR-0003567,W2402-0357,LIT-03,litho,humidity_pct,50.5818,0,2024-02-29T23:12:31
SR-0003568,W2402-0357,LIT-03,litho,humidity_pct,45.5078,0,2024-02-29T23:20:31
SR-0003569,W2402-0357,LIT-03,litho,dose_uniformity_pct,97.9954,0,2024-02-29T23:29:31
SR-0003570,W2402-0357,LIT-03,litho,dose_uniformity_pct,98.6299,0,2024-02-29T23:35:31
SR-0003571,W2403-0358,IMP-02,implant,beam_current_ma,9.5617,0,2024-03-01T02:02:47
SR-0003572,W2403-0358,IMP-02,implant,beam_current_ma,9.5023,0,2024-03-01T02:11:47
SR-0003573,W2403-0358,IMP-02,implant,beam_energy_kev,51.2897,0,2024-03-01T02:21:47
SR-0003574,W2403-0358,IMP-02,implant,beam_energy_kev,47.6853,0,2024-03-01T02:27:47
SR-0003575,W2403-0358,IMP-02,implant,scan_speed_mm_s,93.6301,0,2024-03-01T02:37:47
SR-0003576,W2403-0358,IMP-02,implant,scan_speed_mm_s,102.525,0,2024-03-01T02:44:47
SR-0003577,W2403-0358,IMP-02,implant,dose_uniformity_pct,98.5247,0,2024-03-01T02:53:47
SR-0003578,W2403-0358,IMP-02,implant,dose_uniformity_pct,98.4883,0,2024-03-01T02:58:47
SR-0003579,W2403-0358,IMP-02,implant,tilt_angle_deg,6.8961,0,2024-03-01T03:09:47
SR-0003580,W2403-0358,IMP-02,implant,tilt_angle_deg,7.1195,0,2024-03-01T03:14:47
SR-0003581,W2403-0359,DEP-02,deposition,dep_temp_c,300.4527,0,2024-03-01T05:40:10
SR-0003582,W2403-0359,DEP-02,deposition,dep_temp_c,293.8886,0,2024-03-01T05:50:10
SR-0003583,W2403-0359,DEP-02,deposition,dep_pressure_mtorr,4.9656,0,2024-03-01T05:58:10
SR-0003584,W2403-0359,DEP-02,deposition,dep_pressure_mtorr,4.8144,0,2024-03-01T06:04:10
SR-0003585,W2403-0359,DEP-02,deposition,rf_power_w,424.0471,0,2024-03-01T06:13:10
SR-0003586,W2403-0359,DEP-02,deposition,rf_power_w,415.7021,0,2024-03-01T06:19:10
SR-0003587,W2403-0359,DEP-02,deposition,precursor_flow_sccm,28.8708,0,2024-03-01T06:27:10
SR-0003588,W2403-0359,DEP-02,deposition,precursor_flow_sccm,29.9008,0,2024-03-01T06:38:10
SR-0003589,W2403-0359,DEP-02,deposition,film_thickness_nm,49.0659,0,2024-03-01T06:46:10
SR-0003590,W2403-0359,DEP-02,deposition,film_thickness_nm,48.8816,0,2024-03-01T06:54:10
SR-0003591,W2403-0360,LIT-01,litho,exposure_energy_mj,24.3982,0,2024-03-01T09:37:02
SR-0003592,W2403-0360,LIT-01,litho,exposure_energy_mj,25.0373,0,2024-03-01T09:44:02
SR-0003593,W2403-0360,LIT-01,litho,focus_offset_nm,-3.1004,0,2024-03-01T09:51:02
SR-0003594,W2403-0360,LIT-01,litho,focus_offset_nm,0.1441,0,2024-03-01T10:01:02
SR-0003595,W2403-0360,LIT-01,litho,stage_temp_c,22.0204,0,2024-03-01T10:10:02
SR-0003596,W2403-0360,LIT-01,litho,stage_temp_c,21.8439,0,2024-03-01T10:17:02
SR-0003597,W2403-0360,LIT-01,litho,humidity_pct,47.2159,0,2024-03-01T10:23:02
SR-0003598,W2403-0360,LIT-01,litho,humidity_pct,45.389,0,2024-03-01T10:31:02
SR-0003599,W2403-0360,LIT-01,litho,dose_uniformity_pct,99.0794,0,2024-03-01T10:42:02
SR-0003600,W2403-0360,LIT-01,litho,dose_uniformity_pct,98.3918,0,2024-03-01T10:48:02
SR-0003601,W2403-0361,LIT-02,litho,exposure_energy_mj,25.4802,0,2024-03-01T13:53:06
SR-0003602,W2403-0361,LIT-02,litho,exposure_energy_mj,26.1629,0,2024-03-01T14:01:06
SR-0003603,W2403-0361,LIT-02,litho,focus_offset_nm,1.2548,0,2024-03-01T14:11:06
SR-0003604,W2403-0361,LIT-02,litho,focus_offset_nm,-2.598,0,2024-03-01T14:18:06
SR-0003605,W2403-0361,LIT-02,litho,stage_temp_c,21.9686,0,2024-03-01T14:24:06
SR-0003606,W2403-0361,LIT-02,litho,stage_temp_c,21.9309,0,2024-03-01T14:34:06
SR-0003607,W2403-0361,LIT-02,litho,humidity_pct,46.4779,0,2024-03-01T14:42:06
SR-0003608,W2403-0361,LIT-02,litho,humidity_pct,42.873,0,2024-03-01T14:49:06
SR-0003609,W2403-0361,LIT-02,litho,dose_uniformity_pct,98.5298,0,2024-03-01T14:58:06
SR-0003610,W2403-0361,LIT-02,litho,dose_uniformity_pct,98.8596,0,2024-03-01T15:04:06
SR-0003611,W2403-0362,DIFF-01,diffusion,furnace_temp_c,948.5555,0,2024-03-01T18:09:51
SR-0003612,W2403-0362,DIFF-01,diffusion,furnace_temp_c,948.6181,0,2024-03-01T18:17:51
SR-0003613,W2403-0362,DIFF-01,diffusion,ramp_rate_c_min,9.7615,0,2024-03-01T18:25:51
SR-0003614,W2403-0362,DIFF-01,diffusion,ramp_rate_c_min,11.0631,0,2024-03-01T18:33:51
SR-0003615,W2403-0362,DIFF-01,diffusion,ambient_pressure_torr,760.738,0,2024-03-01T18:40:51
SR-0003616,W2403-0362,DIFF-01,diffusion,ambient_pressure_torr,756.2916,0,2024-03-01T18:50:51
SR-0003617,W2403-0362,DIFF-01,diffusion,gas_ratio,2.0136,0,2024-03-01T18:57:51
SR-0003618,W2403-0362,DIFF-01,diffusion,gas_ratio,1.9517,0,2024-03-01T19:07:51
SR-0003619,W2403-0362,DIFF-01,diffusion,anneal_time_min,34.7645,0,2024-03-01T19:15:51
SR-0003620,W2403-0362,DIFF-01,diffusion,anneal_time_min,26.2609,0,2024-03-01T19:22:51
SR-0003621,W2403-0363,ETCH-02,etch,etch_temp_c,174.2594,0,2024-03-01T22:08:26
SR-0003622,W2403-0363,ETCH-02,etch,etch_temp_c,173.5838,0,2024-03-01T22:16:26
SR-0003623,W2403-0363,ETCH-02,etch,etch_pressure_mtorr,6.9036,0,2024-03-01T22:27:26
SR-0003624,W2403-0363,ETCH-02,etch,etch_pressure_mtorr,8.4466,0,2024-03-01T22:32:26
SR-0003625,W2403-0363,ETCH-02,etch,rf_power_w,368.7571,0,2024-03-01T22:41:26
SR-0003626,W2403-0363,ETCH-02,etch,rf_power_w,404.3066,0,2024-03-01T22:48:26
SR-0003627,W2403-0363,ETCH-02,etch,gas_flow_sccm,49.8589,0,2024-03-01T22:58:26
SR-0003628,W2403-0363,ETCH-02,etch,gas_flow_sccm,51.0923,0,2024-03-01T23:05:26
SR-0003629,W2403-0363,ETCH-02,etch,endpoint_time_s,112.2073,0,2024-03-01T23:12:26
SR-0003630,W2403-0363,ETCH-02,etch,endpoint_time_s,117.2299,0,2024-03-01T23:22:26
SR-0003631,W2403-0364,DEP-02,deposition,dep_temp_c,305.2626,0,2024-03-02T01:59:25
SR-0003632,W2403-0364,DEP-02,deposition,dep_temp_c,295.9123,0,2024-03-02T02:04:25
SR-0003633,W2403-0364,DEP-02,deposition,dep_pressure_mtorr,4.7368,0,2024-03-02T02:14:25
SR-0003634,W2403-0364,DEP-02,deposition,dep_pressure_mtorr,5.0654,0,2024-03-02T02:20:25
SR-0003635,W2403-0364,DEP-02,deposition,rf_power_w,377.3723,0,2024-03-02T02:30:25
SR-0003636,W2403-0364,DEP-02,deposition,rf_power_w,387.0131,0,2024-03-02T02:36:25
SR-0003637,W2403-0364,DEP-02,deposition,precursor_flow_sccm,31.7843,0,2024-03-02T02:44:25
SR-0003638,W2403-0364,DEP-02,deposition,precursor_flow_sccm,30.0512,0,2024-03-02T02:53:25
SR-0003639,W2403-0364,DEP-02,deposition,film_thickness_nm,51.3283,0,2024-03-02T03:01:25
SR-0003640,W2403-0364,DEP-02,deposition,film_thickness_nm,49.945,0,2024-03-02T03:09:25
SR-0003641,W2403-0365,LIT-02,litho,exposure_energy_mj,25.2852,0,2024-03-02T05:35:50
SR-0003642,W2403-0365,LIT-02,litho,exposure_energy_mj,24.9323,0,2024-03-02T05:40:50
SR-0003643,W2403-0365,LIT-02,litho,focus_offset_nm,1.3029,0,2024-03-02T05:49:50
SR-0003644,W2403-0365,LIT-02,litho,focus_offset_nm,0.7462,0,2024-03-02T05:57:50
SR-0003645,W2403-0365,LIT-02,litho,stage_temp_c,22.0015,0,2024-03-02T06:05:50
SR-0003646,W2403-0365,LIT-02,litho,stage_temp_c,22.2962,0,2024-03-02T06:15:50
SR-0003647,W2403-0365,LIT-02,litho,humidity_pct,46.1056,0,2024-03-02T06:21:50
SR-0003648,W2403-0365,LIT-02,litho,humidity_pct,42.7615,0,2024-03-02T06:29:50
SR-0003649,W2403-0365,LIT-02,litho,dose_uniformity_pct,98.062,0,2024-03-02T06:38:50
SR-0003650,W2403-0365,LIT-02,litho,dose_uniformity_pct,99.0501,0,2024-03-02T06:47:50
SR-0003651,W2403-0366,CMP-02,cmp,polish_pressure_psi,3.1566,0,2024-03-02T09:28:38
SR-0003652,W2403-0366,CMP-02,cmp,polish_pressure_psi,3.5578,0,2024-03-02T09:35:38
SR-0003653,W2403-0366,CMP-02,cmp,platen_speed_rpm,85.2241,0,2024-03-02T09:44:38
SR-0003654,W2403-0366,CMP-02,cmp,platen_speed_rpm,89.0105,0,2024-03-02T09:51:38
SR-0003655,W2403-0366,CMP-02,cmp,slurry_flow_ml_min,206.7455,0,2024-03-02T10:00:38
SR-0003656,W2403-0366,CMP-02,cmp,slurry_flow_ml_min,208.7089,0,2024-03-02T10:08:38
SR-0003657,W2403-0366,CMP-02,cmp,removal_rate_ang_min,1491.5125,0,2024-03-02T10:13:38
SR-0003658,W2403-0366,CMP-02,cmp,removal_rate_ang_min,1555.9629,0,2024-03-02T10:21:38
SR-0003659,W2403-0366,CMP-02,cmp,friction_coeff,0.4171,0,2024-03-02T10:31:38
SR-0003660,W2403-0366,CMP-02,cmp,friction_coeff,0.3347,0,2024-03-02T10:40:38
SR-0003661,W2403-0367,CMP-02,cmp,polish_pressure_psi,3.2048,0,2024-03-02T13:55:28
SR-0003662,W2403-0367,CMP-02,cmp,polish_pressure_psi,3.2545,0,2024-03-02T14:00:28
SR-0003663,W2403-0367,CMP-02,cmp,platen_speed_rpm,85.4783,0,2024-03-02T14:10:28
SR-0003664,W2403-0367,CMP-02,cmp,platen_speed_rpm,89.6089,0,2024-03-02T14:19:28
SR-0003665,W2403-0367,CMP-02,cmp,slurry_flow_ml_min,206.9159,0,2024-03-02T14:24:28
SR-0003666,W2403-0367,CMP-02,cmp,slurry_flow_ml_min,191.8315,0,2024-03-02T14:34:28
SR-0003667,W2403-0367,CMP-02,cmp,removal_rate_ang_min,1483.1555,0,2024-03-02T14:43:28
SR-0003668,W2403-0367,CMP-02,cmp,removal_rate_ang_min,1458.0918,0,2024-03-02T14:51:28
SR-0003669,W2403-0367,CMP-02,cmp,friction_coeff,0.3704,0,2024-03-02T14:58:28
SR-0003670,W2403-0367,CMP-02,cmp,friction_coeff,0.3702,0,2024-03-02T15:05:28
SR-0003671,W2403-0368,IMP-02,implant,beam_current_ma,9.7932,0,2024-03-02T18:22:35
SR-0003672,W2403-0368,IMP-02,implant,beam_current_ma,9.8999,0,2024-03-02T18:31:35
SR-0003673,W2403-0368,IMP-02,implant,beam_energy_kev,49.5383,0,2024-03-02T18:39:35
SR-0003674,W2403-0368,IMP-02,implant,beam_energy_kev,50.7321,0,2024-03-02T18:45:35
SR-0003675,W2403-0368,IMP-02,implant,scan_speed_mm_s,110.0435,0,2024-03-02T18:52:35
SR-0003676,W2403-0368,IMP-02,implant,scan_speed_mm_s,106.5261,0,2024-03-02T19:02:35
SR-0003677,W2403-0368,IMP-02,implant,dose_uniformity_pct,98.2783,0,2024-03-02T19:09:35
SR-0003678,W2403-0368,IMP-02,implant,dose_uniformity_pct,98.4207,0,2024-03-02T19:16:35
SR-0003679,W2403-0368,IMP-02,implant,tilt_angle_deg,6.9754,0,2024-03-02T19:27:35
SR-0003680,W2403-0368,IMP-02,implant,tilt_angle_deg,7.2635,0,2024-03-02T19:34:35
SR-0003681,W2403-0369,DIFF-01,diffusion,furnace_temp_c,954.1952,0,2024-03-02T22:14:10
SR-0003682,W2403-0369,DIFF-01,diffusion,furnace_temp_c,946.5993,0,2024-03-02T22:24:10
SR-0003683,W2403-0369,DIFF-01,diffusion,ramp_rate_c_min,9.5001,0,2024-03-02T22:31:10
SR-0003684,W2403-0369,DIFF-01,diffusion,ramp_rate_c_min,10.9501,0,2024-03-02T22:41:10
SR-0003685,W2403-0369,DIFF-01,diffusion,ambient_pressure_torr,759.646,0,2024-03-02T22:47:10
SR-0003686,W2403-0369,DIFF-01,diffusion,ambient_pressure_torr,759.7035,0,2024-03-02T22:56:10
SR-0003687,W2403-0369,DIFF-01,diffusion,gas_ratio,2.0575,0,2024-03-02T23:04:10
SR-0003688,W2403-0369,DIFF-01,diffusion,gas_ratio,1.8914,0,2024-03-02T23:11:10
SR-0003689,W2403-0369,DIFF-01,diffusion,anneal_time_min,31.3138,0,2024-03-02T23:18:10
SR-0003690,W2403-0369,DIFF-01,diffusion,anneal_time_min,30.392,0,2024-03-02T23:26:10
SR-0003691,W2403-0370,IMP-01,implant,beam_current_ma,10.0226,0,2024-03-03T01:48:47
SR-0003692,W2403-0370,IMP-01,implant,beam_current_ma,10.0378,0,2024-03-03T01:55:47
SR-0003693,W2403-0370,IMP-01,implant,beam_energy_kev,49.4318,0,2024-03-03T02:03:47
SR-0003694,W2403-0370,IMP-01,implant,beam_energy_kev,52.7935,0,2024-03-03T02:10:47
SR-0003695,W2403-0370,IMP-01,implant,scan_speed_mm_s,101.0722,0,2024-03-03T02:17:47
SR-0003696,W2403-0370,IMP-01,implant,scan_speed_mm_s,99.6387,0,2024-03-03T02:28:47
SR-0003697,W2403-0370,IMP-01,implant,dose_uniformity_pct,98.7543,0,2024-03-03T02:36:47
SR-0003698,W2403-0370,IMP-01,implant,dose_uniformity_pct,99.0577,0,2024-03-03T02:43:47
SR-0003699,W2403-0370,IMP-01,implant,tilt_angle_deg,7.2412,0,2024-03-03T02:49:47
SR-0003700,W2403-0370,IMP-01,implant,tilt_angle_deg,7.2101,0,2024-03-03T03:00:47
SR-0003701,W2403-0371,IMP-02,implant,beam_current_ma,10.2741,0,2024-03-03T06:06:39
SR-0003702,W2403-0371,IMP-02,implant,beam_current_ma,10.9376,0,2024-03-03T06:15:39
SR-0003703,W2403-0371,IMP-02,implant,beam_energy_kev,50.3484,0,2024-03-03T06:22:39
SR-0003704,W2403-0371,IMP-02,implant,beam_energy_kev,49.6855,0,2024-03-03T06:31:39
SR-0003705,W2403-0371,IMP-02,implant,scan_speed_mm_s,91.1659,0,2024-03-03T06:40:39
SR-0003706,W2403-0371,IMP-02,implant,scan_speed_mm_s,101.1404,0,2024-03-03T06:46:39
SR-0003707,W2403-0371,IMP-02,implant,dose_uniformity_pct,97.9864,0,2024-03-03T06:56:39
SR-0003708,W2403-0371,IMP-02,implant,dose_uniformity_pct,98.4493,0,2024-03-03T07:04:39
SR-0003709,W2403-0371,IMP-02,implant,tilt_angle_deg,7.1331,0,2024-03-03T07:13:39
SR-0003710,W2403-0371,IMP-02,implant,tilt_angle_deg,6.8487,0,2024-03-03T07:19:39
SR-0003711,W2403-0372,IMP-02,implant,beam_current_ma,10.3709,0,2024-03-03T09:54:10
SR-0003712,W2403-0372,IMP-02,implant,beam_current_ma,9.4671,0,2024-03-03T10:00:10
SR-0003713,W2403-0372,IMP-02,implant,beam_energy_kev,49.1405,0,2024-03-03T10:10:10
SR-0003714,W2403-0372,IMP-02,implant,beam_energy_kev,52.3311,0,2024-03-03T10:18:10
SR-0003715,W2403-0372,IMP-02,implant,scan_speed_mm_s,100.6327,0,2024-03-03T10:25:10
SR-0003716,W2403-0372,IMP-02,implant,scan_speed_mm_s,100.6312,0,2024-03-03T10:34:10
SR-0003717,W2403-0372,IMP-02,implant,dose_uniformity_pct,97.7108,0,2024-03-03T10:40:10
SR-0003718,W2403-0372,IMP-02,implant,dose_uniformity_pct,98.4009,0,2024-03-03T10:48:10
SR-0003719,W2403-0372,IMP-02,implant,tilt_angle_deg,6.9789,0,2024-03-03T10:58:10
SR-0003720,W2403-0372,IMP-02,implant,tilt_angle_deg,6.824,0,2024-03-03T11:05:10
SR-0003721,W2403-0373,DIFF-01,diffusion,furnace_temp_c,954.6958,0,2024-03-03T13:58:06
SR-0003722,W2403-0373,DIFF-01,diffusion,furnace_temp_c,954.3638,0,2024-03-03T14:04:06
SR-0003723,W2403-0373,DIFF-01,diffusion,ramp_rate_c_min,10.5537,0,2024-03-03T14:12:06
SR-0003724,W2403-0373,DIFF-01,diffusion,ramp_rate_c_min,9.6835,0,2024-03-03T14:23:06
SR-0003725,W2403-0373,DIFF-01,diffusion,ambient_pressure_torr,759.4906,0,2024-03-03T14:29:06
SR-0003726,W2403-0373,DIFF-01,diffusion,ambient_pressure_torr,761.7563,0,2024-03-03T14:39:06
SR-0003727,W2403-0373,DIFF-01,diffusion,gas_ratio,2.0511,0,2024-03-03T14:45:06
SR-0003728,W2403-0373,DIFF-01,diffusion,gas_ratio,2.1087,0,2024-03-03T14:55:06
SR-0003729,W2403-0373,DIFF-01,diffusion,anneal_time_min,30.8441,0,2024-03-03T15:02:06
SR-0003730,W2403-0373,DIFF-01,diffusion,anneal_time_min,29.774,0,2024-03-03T15:08:06
SR-0003731,W2403-0374,LIT-01,litho,exposure_energy_mj,24.0536,0,2024-03-03T18:03:44
SR-0003732,W2403-0374,LIT-01,litho,exposure_energy_mj,24.7473,0,2024-03-03T18:09:44
SR-0003733,W2403-0374,LIT-01,litho,focus_offset_nm,-2.5067,0,2024-03-03T18:19:44
SR-0003734,W2403-0374,LIT-01,litho,focus_offset_nm,-1.2271,0,2024-03-03T18:28:44
SR-0003735,W2403-0374,LIT-01,litho,stage_temp_c,21.6878,0,2024-03-03T18:36:44
SR-0003736,W2403-0374,LIT-01,litho,stage_temp_c,21.8879,0,2024-03-03T18:43:44
SR-0003737,W2403-0374,LIT-01,litho,humidity_pct,49.0217,0,2024-03-03T18:52:44
SR-0003738,W2403-0374,LIT-01,litho,humidity_pct,44.0784,0,2024-03-03T18:57:44
SR-0003739,W2403-0374,LIT-01,litho,dose_uniformity_pct,97.9189,0,2024-03-03T19:05:44
SR-0003740,W2403-0374,LIT-01,litho,dose_uniformity_pct,98.3207,0,2024-03-03T19:14:44
SR-0003741,W2403-0375,DEP-02,deposition,dep_temp_c,300.9039,0,2024-03-03T22:05:31
SR-0003742,W2403-0375,DEP-02,deposition,dep_temp_c,304.3566,0,2024-03-03T22:14:31
SR-0003743,W2403-0375,DEP-02,deposition,dep_pressure_mtorr,5.4241,0,2024-03-03T22:22:31
SR-0003744,W2403-0375,DEP-02,deposition,dep_pressure_mtorr,4.2589,0,2024-03-03T22:29:31
SR-0003745,W2403-0375,DEP-02,deposition,rf_power_w,395.3203,0,2024-03-03T22:40:31
SR-0003746,W2403-0375,DEP-02,deposition,rf_power_w,358.9675,0,2024-03-03T22:48:31
SR-0003747,W2403-0375,DEP-02,deposition,precursor_flow_sccm,30.0637,0,2024-03-03T22:54:31
SR-0003748,W2403-0375,DEP-02,deposition,precursor_flow_sccm,29.9881,0,2024-03-03T23:04:31
SR-0003749,W2403-0375,DEP-02,deposition,film_thickness_nm,48.7414,0,2024-03-03T23:09:31
SR-0003750,W2403-0375,DEP-02,deposition,film_thickness_nm,49.6904,0,2024-03-03T23:19:31
SR-0003751,W2403-0376,DIFF-01,diffusion,furnace_temp_c,955.1178,0,2024-03-04T01:43:26
SR-0003752,W2403-0376,DIFF-01,diffusion,furnace_temp_c,943.1595,0,2024-03-04T01:51:26
SR-0003753,W2403-0376,DIFF-01,diffusion,ramp_rate_c_min,9.9027,0,2024-03-04T01:58:26
SR-0003754,W2403-0376,DIFF-01,diffusion,ramp_rate_c_min,10.3834,0,2024-03-04T02:06:26
SR-0003755,W2403-0376,DIFF-01,diffusion,ambient_pressure_torr,761.8904,0,2024-03-04T02:15:26
SR-0003756,W2403-0376,DIFF-01,diffusion,ambient_pressure_torr,758.4899,0,2024-03-04T02:24:26
SR-0003757,W2403-0376,DIFF-01,diffusion,gas_ratio,1.9908,0,2024-03-04T02:30:26
SR-0003758,W2403-0376,DIFF-01,diffusion,gas_ratio,2.2107,0,2024-03-04T02:38:26
SR-0003759,W2403-0376,DIFF-01,diffusion,anneal_time_min,28.2141,0,2024-03-04T02:46:26
SR-0003760,W2403-0376,DIFF-01,diffusion,anneal_time_min,26.2827,0,2024-03-04T02:53:26
SR-0003761,W2403-0377,DEP-01,deposition,dep_temp_c,298.5653,0,2024-03-04T05:48:45
SR-0003762,W2403-0377,DEP-01,deposition,dep_temp_c,297.5315,0,2024-03-04T05:54:45
SR-0003763,W2403-0377,DEP-01,deposition,dep_pressure_mtorr,5.086,0,2024-03-04T06:02:45
SR-0003764,W2403-0377,DEP-01,deposition,dep_pressure_mtorr,4.9267,0,2024-03-04T06:10:45
SR-0003765,W2403-0377,DEP-01,deposition,rf_power_w,388.9504,0,2024-03-04T06:21:45
SR-0003766,W2403-0377,DEP-01,deposition,rf_power_w,377.4035,0,2024-03-04T06:29:45
SR-0003767,W2403-0377,DEP-01,deposition,precursor_flow_sccm,30.4651,0,2024-03-04T06:35:45
SR-0003768,W2403-0377,DEP-01,deposition,precursor_flow_sccm,31.9485,0,2024-03-04T06:43:45
SR-0003769,W2403-0377,DEP-01,deposition,film_thickness_nm,50.5794,0,2024-03-04T06:52:45
SR-0003770,W2403-0377,DEP-01,deposition,film_thickness_nm,48.4179,0,2024-03-04T07:00:45
SR-0003771,W2403-0378,LIT-03,litho,exposure_energy_mj,24.17,0,2024-03-04T09:36:29
SR-0003772,W2403-0378,LIT-03,litho,exposure_energy_mj,25.4328,0,2024-03-04T09:44:29
SR-0003773,W2403-0378,LIT-03,litho,focus_offset_nm,-3.6343,0,2024-03-04T09:52:29
SR-0003774,W2403-0378,LIT-03,litho,focus_offset_nm,-1.4416,0,2024-03-04T10:00:29
SR-0003775,W2403-0378,LIT-03,litho,stage_temp_c,21.8567,0,2024-03-04T10:07:29
SR-0003776,W2403-0378,LIT-03,litho,stage_temp_c,22.1017,0,2024-03-04T10:15:29
SR-0003777,W2403-0378,LIT-03,litho,humidity_pct,45.8071,0,2024-03-04T10:24:29
SR-0003778,W2403-0378,LIT-03,litho,humidity_pct,46.6818,0,2024-03-04T10:31:29
SR-0003779,W2403-0378,LIT-03,litho,dose_uniformity_pct,99.0797,0,2024-03-04T10:41:29
SR-0003780,W2403-0378,LIT-03,litho,dose_uniformity_pct,98.0851,0,2024-03-04T10:48:29
SR-0003781,W2403-0379,DEP-02,deposition,dep_temp_c,307.5298,0,2024-03-04T13:19:54
SR-0003782,W2403-0379,DEP-02,deposition,dep_temp_c,300.0925,0,2024-03-04T13:25:54
SR-0003783,W2403-0379,DEP-02,deposition,dep_pressure_mtorr,5.0212,0,2024-03-04T13:33:54
SR-0003784,W2403-0379,DEP-02,deposition,dep_pressure_mtorr,5.4544,0,2024-03-04T13:41:54
SR-0003785,W2403-0379,DEP-02,deposition,rf_power_w,394.6872,0,2024-03-04T13:49:54
SR-0003786,W2403-0379,DEP-02,deposition,rf_power_w,395.59,0,2024-03-04T13:58:54
SR-0003787,W2403-0379,DEP-02,deposition,precursor_flow_sccm,32.6293,0,2024-03-04T14:04:54
SR-0003788,W2403-0379,DEP-02,deposition,precursor_flow_sccm,30.3899,0,2024-03-04T14:15:54
SR-0003789,W2403-0379,DEP-02,deposition,film_thickness_nm,49.8009,0,2024-03-04T14:23:54
SR-0003790,W2403-0379,DEP-02,deposition,film_thickness_nm,49.5461,0,2024-03-04T14:28:54
SR-0003791,W2403-0380,DEP-01,deposition,dep_temp_c,296.1715,0,2024-03-04T17:31:13
SR-0003792,W2403-0380,DEP-01,deposition,dep_temp_c,295.4766,0,2024-03-04T17:41:13
SR-0003793,W2403-0380,DEP-01,deposition,dep_pressure_mtorr,4.8923,0,2024-03-04T17:49:13
SR-0003794,W2403-0380,DEP-01,deposition,dep_pressure_mtorr,4.6488,0,2024-03-04T17:56:13
SR-0003795,W2403-0380,DEP-01,deposition,rf_power_w,402.6396,0,2024-03-04T18:02:13
SR-0003796,W2403-0380,DEP-01,deposition,rf_power_w,401.4152,0,2024-03-04T18:11:13
SR-0003797,W2403-0380,DEP-01,deposition,precursor_flow_sccm,28.0706,0,2024-03-04T18:20:13
SR-0003798,W2403-0380,DEP-01,deposition,precursor_flow_sccm,29.3096,0,2024-03-04T18:29:13
SR-0003799,W2403-0380,DEP-01,deposition,film_thickness_nm,48.1421,0,2024-03-04T18:37:13
SR-0003800,W2403-0380,DEP-01,deposition,film_thickness_nm,49.7432,0,2024-03-04T18:42:13
SR-0003801,W2403-0381,IMP-01,implant,beam_current_ma,9.6426,0,2024-03-04T21:54:10
SR-0003802,W2403-0381,IMP-01,implant,beam_current_ma,9.8193,0,2024-03-04T22:01:10
SR-0003803,W2403-0381,IMP-01,implant,beam_energy_kev,48.9773,0,2024-03-04T22:10:10
SR-0003804,W2403-0381,IMP-01,implant,beam_energy_kev,50.2396,0,2024-03-04T22:18:10
SR-0003805,W2403-0381,IMP-01,implant,scan_speed_mm_s,95.4313,0,2024-03-04T22:24:10
SR-0003806,W2403-0381,IMP-01,implant,scan_speed_mm_s,92.4167,0,2024-03-04T22:32:10
SR-0003807,W2403-0381,IMP-01,implant,dose_uniformity_pct,97.8145,0,2024-03-04T22:42:10
SR-0003808,W2403-0381,IMP-01,implant,dose_uniformity_pct,97.6816,0,2024-03-04T22:47:10
SR-0003809,W2403-0381,IMP-01,implant,tilt_angle_deg,7.3306,0,2024-03-04T22:56:10
SR-0003810,W2403-0381,IMP-01,implant,tilt_angle_deg,6.7716,0,2024-03-04T23:03:10
SR-0003811,W2403-0382,DEP-03,deposition,dep_temp_c,302.1747,0,2024-03-05T01:33:38
SR-0003812,W2403-0382,DEP-03,deposition,dep_temp_c,294.7952,0,2024-03-05T01:41:38
SR-0003813,W2403-0382,DEP-03,deposition,dep_pressure_mtorr,5.5814,0,2024-03-05T01:47:38
SR-0003814,W2403-0382,DEP-03,deposition,dep_pressure_mtorr,4.9386,0,2024-03-05T01:57:38
SR-0003815,W2403-0382,DEP-03,deposition,rf_power_w,377.5646,0,2024-03-05T02:06:38
SR-0003816,W2403-0382,DEP-03,deposition,rf_power_w,340.2205,0,2024-03-05T02:13:38
SR-0003817,W2403-0382,DEP-03,deposition,precursor_flow_sccm,32.9558,0,2024-03-05T02:21:38
SR-0003818,W2403-0382,DEP-03,deposition,precursor_flow_sccm,27.1804,0,2024-03-05T02:27:38
SR-0003819,W2403-0382,DEP-03,deposition,film_thickness_nm,48.1139,0,2024-03-05T02:38:38
SR-0003820,W2403-0382,DEP-03,deposition,film_thickness_nm,51.4142,0,2024-03-05T02:46:38
SR-0003821,W2403-0383,CMP-01,cmp,polish_pressure_psi,3.4951,0,2024-03-05T05:13:42
SR-0003822,W2403-0383,CMP-01,cmp,polish_pressure_psi,3.0978,0,2024-03-05T05:20:42
SR-0003823,W2403-0383,CMP-01,cmp,platen_speed_rpm,91.693,0,2024-03-05T05:28:42
SR-0003824,W2403-0383,CMP-01,cmp,platen_speed_rpm,85.299,0,2024-03-05T05:37:42
SR-0003825,W2403-0383,CMP-01,cmp,slurry_flow_ml_min,210.0711,0,2024-03-05T05:45:42
SR-0003826,W2403-0383,CMP-01,cmp,slurry_flow_ml_min,203.6594,0,2024-03-05T05:55:42
SR-0003827,W2403-0383,CMP-01,cmp,removal_rate_ang_min,1480.7383,0,2024-03-05T06:00:42
SR-0003828,W2403-0383,CMP-01,cmp,removal_rate_ang_min,1566.8562,0,2024-03-05T06:08:42
SR-0003829,W2403-0383,CMP-01,cmp,friction_coeff,0.3647,0,2024-03-05T06:18:42
SR-0003830,W2403-0383,CMP-01,cmp,friction_coeff,0.3808,0,2024-03-05T06:25:42
SR-0003831,W2403-0384,LIT-03,litho,exposure_energy_mj,25.3603,0,2024-03-05T09:18:14
SR-0003832,W2403-0384,LIT-03,litho,exposure_energy_mj,24.6294,0,2024-03-05T09:28:14
SR-0003833,W2403-0384,LIT-03,litho,focus_offset_nm,2.5924,0,2024-03-05T09:35:14
SR-0003834,W2403-0384,LIT-03,litho,focus_offset_nm,2.2062,0,2024-03-05T09:44:14
SR-0003835,W2403-0384,LIT-03,litho,stage_temp_c,21.8515,0,2024-03-05T09:50:14
SR-0003836,W2403-0384,LIT-03,litho,stage_temp_c,22.1892,0,2024-03-05T09:58:14
SR-0003837,W2403-0384,LIT-03,litho,humidity_pct,43.8877,0,2024-03-05T10:06:14
SR-0003838,W2403-0384,LIT-03,litho,humidity_pct,46.7818,0,2024-03-05T10:15:14
SR-0003839,W2403-0384,LIT-03,litho,dose_uniformity_pct,99.2925,0,2024-03-05T10:24:14
SR-0003840,W2403-0384,LIT-03,litho,dose_uniformity_pct,98.9677,0,2024-03-05T10:32:14
SR-0003841,W2403-0385,DIFF-01,diffusion,furnace_temp_c,952.7249,0,2024-03-05T13:37:00
SR-0003842,W2403-0385,DIFF-01,diffusion,furnace_temp_c,948.0731,0,2024-03-05T13:44:00
SR-0003843,W2403-0385,DIFF-01,diffusion,ramp_rate_c_min,9.5246,0,2024-03-05T13:54:00
SR-0003844,W2403-0385,DIFF-01,diffusion,ramp_rate_c_min,9.9309,0,2024-03-05T14:02:00
SR-0003845,W2403-0385,DIFF-01,diffusion,ambient_pressure_torr,761.838,0,2024-03-05T14:11:00
SR-0003846,W2403-0385,DIFF-01,diffusion,ambient_pressure_torr,757.1913,0,2024-03-05T14:19:00
SR-0003847,W2403-0385,DIFF-01,diffusion,gas_ratio,1.9359,0,2024-03-05T14:24:00
SR-0003848,W2403-0385,DIFF-01,diffusion,gas_ratio,2.0325,0,2024-03-05T14:32:00
SR-0003849,W2403-0385,DIFF-01,diffusion,anneal_time_min,30.5815,0,2024-03-05T14:41:00
SR-0003850,W2403-0385,DIFF-01,diffusion,anneal_time_min,28.8447,0,2024-03-05T14:48:00
SR-0003851,W2403-0386,DEP-03,deposition,dep_temp_c,306.3966,0,2024-03-05T17:18:49
SR-0003852,W2403-0386,DEP-03,deposition,dep_temp_c,300.844,0,2024-03-05T17:27:49
SR-0003853,W2403-0386,DEP-03,deposition,dep_pressure_mtorr,4.7961,0,2024-03-05T17:36:49
SR-0003854,W2403-0386,DEP-03,deposition,dep_pressure_mtorr,5.4201,0,2024-03-05T17:42:49
SR-0003855,W2403-0386,DEP-03,deposition,rf_power_w,391.7684,0,2024-03-05T17:51:49
SR-0003856,W2403-0386,DEP-03,deposition,rf_power_w,391.2165,0,2024-03-05T17:58:49
SR-0003857,W2403-0386,DEP-03,deposition,precursor_flow_sccm,28.1647,0,2024-03-05T18:06:49
SR-0003858,W2403-0386,DEP-03,deposition,precursor_flow_sccm,29.4565,0,2024-03-05T18:15:49
SR-0003859,W2403-0386,DEP-03,deposition,film_thickness_nm,50.907,0,2024-03-05T18:22:49
SR-0003860,W2403-0386,DEP-03,deposition,film_thickness_nm,49.7665,0,2024-03-05T18:32:49
SR-0003861,W2403-0387,DIFF-01,diffusion,furnace_temp_c,956.3452,0,2024-03-05T21:12:08
SR-0003862,W2403-0387,DIFF-01,diffusion,furnace_temp_c,952.0375,0,2024-03-05T21:20:08
SR-0003863,W2403-0387,DIFF-01,diffusion,ramp_rate_c_min,9.6568,0,2024-03-05T21:28:08
SR-0003864,W2403-0387,DIFF-01,diffusion,ramp_rate_c_min,10.3842,0,2024-03-05T21:38:08
SR-0003865,W2403-0387,DIFF-01,diffusion,ambient_pressure_torr,759.7988,0,2024-03-05T21:45:08
SR-0003866,W2403-0387,DIFF-01,diffusion,ambient_pressure_torr,761.5664,0,2024-03-05T21:53:08
SR-0003867,W2403-0387,DIFF-01,diffusion,gas_ratio,2.0514,0,2024-03-05T22:01:08
SR-0003868,W2403-0387,DIFF-01,diffusion,gas_ratio,2.017,0,2024-03-05T22:08:08
SR-0003869,W2403-0387,DIFF-01,diffusion,anneal_time_min,27.5904,0,2024-03-05T22:15:08
SR-0003870,W2403-0387,DIFF-01,diffusion,anneal_time_min,32.5217,0,2024-03-05T22:24:08
SR-0003871,W2403-0388,IMP-02,implant,beam_current_ma,9.7937,0,2024-03-06T01:32:52
SR-0003872,W2403-0388,IMP-02,implant,beam_current_ma,10.5329,0,2024-03-06T01:41:52
SR-0003873,W2403-0388,IMP-02,implant,beam_energy_kev,49.9163,0,2024-03-06T01:48:52
SR-0003874,W2403-0388,IMP-02,implant,beam_energy_kev,47.1214,0,2024-03-06T01:57:52
SR-0003875,W2403-0388,IMP-02,implant,scan_speed_mm_s,111.0037,0,2024-03-06T02:03:52
SR-0003876,W2403-0388,IMP-02,implant,scan_speed_mm_s,96.5722,0,2024-03-06T02:12:52
SR-0003877,W2403-0388,IMP-02,implant,dose_uniformity_pct,98.4713,0,2024-03-06T02:22:52
SR-0003878,W2403-0388,IMP-02,implant,dose_uniformity_pct,98.4231,0,2024-03-06T02:28:52
SR-0003879,W2403-0388,IMP-02,implant,tilt_angle_deg,7.4506,0,2024-03-06T02:38:52
SR-0003880,W2403-0388,IMP-02,implant,tilt_angle_deg,7.1697,0,2024-03-06T02:45:52
SR-0003881,W2403-0389,IMP-01,implant,beam_current_ma,10.5117,0,2024-03-06T05:11:53
SR-0003882,W2403-0389,IMP-01,implant,beam_current_ma,9.4138,0,2024-03-06T05:18:53
SR-0003883,W2403-0389,IMP-01,implant,beam_energy_kev,46.3909,0,2024-03-06T05:24:53
SR-0003884,W2403-0389,IMP-01,implant,beam_energy_kev,47.2282,0,2024-03-06T05:32:53
SR-0003885,W2403-0389,IMP-01,implant,scan_speed_mm_s,92.6696,0,2024-03-06T05:41:53
SR-0003886,W2403-0389,IMP-01,implant,scan_speed_mm_s,96.0252,0,2024-03-06T05:48:53
SR-0003887,W2403-0389,IMP-01,implant,dose_uniformity_pct,98.714,0,2024-03-06T05:57:53
SR-0003888,W2403-0389,IMP-01,implant,dose_uniformity_pct,98.8655,0,2024-03-06T06:07:53
SR-0003889,W2403-0389,IMP-01,implant,tilt_angle_deg,6.9112,0,2024-03-06T06:13:53
SR-0003890,W2403-0389,IMP-01,implant,tilt_angle_deg,7.0028,0,2024-03-06T06:23:53
SR-0003891,W2403-0390,CMP-01,cmp,polish_pressure_psi,3.285,0,2024-03-06T09:17:40
SR-0003892,W2403-0390,CMP-01,cmp,polish_pressure_psi,3.473,0,2024-03-06T09:23:40
SR-0003893,W2403-0390,CMP-01,cmp,platen_speed_rpm,84.3764,0,2024-03-06T09:32:40
SR-0003894,W2403-0390,CMP-01,cmp,platen_speed_rpm,88.8714,0,2024-03-06T09:41:40
SR-0003895,W2403-0390,CMP-01,cmp,slurry_flow_ml_min,186.6346,0,2024-03-06T09:49:40
SR-0003896,W2403-0390,CMP-01,cmp,slurry_flow_ml_min,191.7589,0,2024-03-06T09:55:40
SR-0003897,W2403-0390,CMP-01,cmp,removal_rate_ang_min,1626.3494,0,2024-03-06T10:02:40
SR-0003898,W2403-0390,CMP-01,cmp,removal_rate_ang_min,1424.1695,0,2024-03-06T10:13:40
SR-0003899,W2403-0390,CMP-01,cmp,friction_coeff,0.3746,0,2024-03-06T10:18:40
SR-0003900,W2403-0390,CMP-01,cmp,friction_coeff,0.3593,0,2024-03-06T10:28:40
SR-0003901,W2403-0391,CMP-02,cmp,polish_pressure_psi,3.6035,0,2024-03-06T13:45:40
SR-0003902,W2403-0391,CMP-02,cmp,polish_pressure_psi,3.7472,0,2024-03-06T13:53:40
SR-0003903,W2403-0391,CMP-02,cmp,platen_speed_rpm,88.0561,0,2024-03-06T14:01:40
SR-0003904,W2403-0391,CMP-02,cmp,platen_speed_rpm,85.4374,0,2024-03-06T14:08:40
SR-0003905,W2403-0391,CMP-02,cmp,slurry_flow_ml_min,184.9168,0,2024-03-06T14:16:40
SR-0003906,W2403-0391,CMP-02,cmp,slurry_flow_ml_min,193.7998,0,2024-03-06T14:26:40
SR-0003907,W2403-0391,CMP-02,cmp,removal_rate_ang_min,1579.3558,0,2024-03-06T14:35:40
SR-0003908,W2403-0391,CMP-02,cmp,removal_rate_ang_min,1455.891,0,2024-03-06T14:41:40
SR-0003909,W2403-0391,CMP-02,cmp,friction_coeff,0.3703,0,2024-03-06T14:49:40
SR-0003910,W2403-0391,CMP-02,cmp,friction_coeff,0.3688,0,2024-03-06T14:56:40
SR-0003911,W2403-0392,DIFF-01,diffusion,furnace_temp_c,947.1595,0,2024-03-06T17:34:32
SR-0003912,W2403-0392,DIFF-01,diffusion,furnace_temp_c,950.2923,0,2024-03-06T17:41:32
SR-0003913,W2403-0392,DIFF-01,diffusion,ramp_rate_c_min,10.3359,0,2024-03-06T17:50:32
SR-0003914,W2403-0392,DIFF-01,diffusion,ramp_rate_c_min,10.3607,0,2024-03-06T17:59:32
SR-0003915,W2403-0392,DIFF-01,diffusion,ambient_pressure_torr,762.0982,0,2024-03-06T18:05:32
SR-0003916,W2403-0392,DIFF-01,diffusion,ambient_pressure_torr,758.1797,0,2024-03-06T18:16:32
SR-0003917,W2403-0392,DIFF-01,diffusion,gas_ratio,2.013,0,2024-03-06T18:24:32
SR-0003918,W2403-0392,DIFF-01,diffusion,gas_ratio,1.9301,0,2024-03-06T18:32:32
SR-0003919,W2403-0392,DIFF-01,diffusion,anneal_time_min,25.8087,0,2024-03-06T18:40:32
SR-0003920,W2403-0392,DIFF-01,diffusion,anneal_time_min,29.0782,0,2024-03-06T18:45:32
SR-0003921,W2403-0393,CMP-02,cmp,polish_pressure_psi,3.1734,0,2024-03-06T21:29:34
SR-0003922,W2403-0393,CMP-02,cmp,polish_pressure_psi,3.7347,0,2024-03-06T21:35:34
SR-0003923,W2403-0393,CMP-02,cmp,platen_speed_rpm,96.1303,0,2024-03-06T21:45:34
SR-0003924,W2403-0393,CMP-02,cmp,platen_speed_rpm,91.5559,0,2024-03-06T21:53:34
SR-0003925,W2403-0393,CMP-02,cmp,slurry_flow_ml_min,178.8596,0,2024-03-06T22:01:34
SR-0003926,W2403-0393,CMP-02,cmp,slurry_flow_ml_min,190.9811,0,2024-03-06T22:06:34
SR-0003927,W2403-0393,CMP-02,cmp,removal_rate_ang_min,1490.1831,0,2024-03-06T22:15:34
SR-0003928,W2403-0393,CMP-02,cmp,removal_rate_ang_min,1523.5711,0,2024-03-06T22:23:34
SR-0003929,W2403-0393,CMP-02,cmp,friction_coeff,0.3376,0,2024-03-06T22:32:34
SR-0003930,W2403-0393,CMP-02,cmp,friction_coeff,0.327,0,2024-03-06T22:38:34
SR-0003931,W2403-0394,DIFF-01,diffusion,furnace_temp_c,954.4912,0,2024-03-07T01:28:54
SR-0003932,W2403-0394,DIFF-01,diffusion,furnace_temp_c,956.1892,0,2024-03-07T01:34:54
SR-0003933,W2403-0394,DIFF-01,diffusion,ramp_rate_c_min,9.6318,0,2024-03-07T01:44:54
SR-0003934,W2403-0394,DIFF-01,diffusion,ramp_rate_c_min,10.1309,0,2024-03-07T01:52:54
SR-0003935,W2403-0394,DIFF-01,diffusion,ambient_pressure_torr,761.2745,0,2024-03-07T01:57:54
SR-0003936,W2403-0394,DIFF-01,diffusion,ambient_pressure_torr,758.445,0,2024-03-07T02:08:54
SR-0003937,W2403-0394,DIFF-01,diffusion,gas_ratio,2.1232,0,2024-03-07T02:14:54
SR-0003938,W2403-0394,DIFF-01,diffusion,gas_ratio,1.9784,0,2024-03-07T02:24:54
SR-0003939,W2403-0394,DIFF-01,diffusion,anneal_time_min,31.9305,0,2024-03-07T02:29:54
SR-0003940,W2403-0394,DIFF-01,diffusion,anneal_time_min,29.6554,0,2024-03-07T02:38:54
SR-0003941,W2403-0395,DIFF-02,diffusion,furnace_temp_c,962.423,0,2024-03-07T05:14:13
SR-0003942,W2403-0395,DIFF-02,diffusion,furnace_temp_c,945.1575,0,2024-03-07T05:21:13
SR-0003943,W2403-0395,DIFF-02,diffusion,ramp_rate_c_min,10.3602,0,2024-03-07T05:32:13
SR-0003944,W2403-0395,DIFF-02,diffusion,ramp_rate_c_min,10.1595,0,2024-03-07T05:37:13
SR-0003945,W2403-0395,DIFF-02,diffusion,ambient_pressure_torr,758.2698,0,2024-03-07T05:48:13
SR-0003946,W2403-0395,DIFF-02,diffusion,ambient_pressure_torr,760.1036,0,2024-03-07T05:55:13
SR-0003947,W2403-0395,DIFF-02,diffusion,gas_ratio,1.9852,0,2024-03-07T06:02:13
SR-0003948,W2403-0395,DIFF-02,diffusion,gas_ratio,1.9122,0,2024-03-07T06:12:13
SR-0003949,W2403-0395,DIFF-02,diffusion,anneal_time_min,29.1097,0,2024-03-07T06:17:13
SR-0003950,W2403-0395,DIFF-02,diffusion,anneal_time_min,24.9462,0,2024-03-07T06:28:13
SR-0003951,W2403-0396,DIFF-01,diffusion,furnace_temp_c,951.1031,0,2024-03-07T08:53:04
SR-0003952,W2403-0396,DIFF-01,diffusion,furnace_temp_c,950.5684,0,2024-03-07T09:00:04
SR-0003953,W2403-0396,DIFF-01,diffusion,ramp_rate_c_min,9.579,0,2024-03-07T09:06:04
SR-0003954,W2403-0396,DIFF-01,diffusion,ramp_rate_c_min,9.2838,0,2024-03-07T09:17:04
SR-0003955,W2403-0396,DIFF-01,diffusion,ambient_pressure_torr,757.8169,0,2024-03-07T09:24:04
SR-0003956,W2403-0396,DIFF-01,diffusion,ambient_pressure_torr,760.6109,0,2024-03-07T09:32:04
SR-0003957,W2403-0396,DIFF-01,diffusion,gas_ratio,1.8452,0,2024-03-07T09:38:04
SR-0003958,W2403-0396,DIFF-01,diffusion,gas_ratio,2.0622,0,2024-03-07T09:49:04
SR-0003959,W2403-0396,DIFF-01,diffusion,anneal_time_min,24.5182,0,2024-03-07T09:54:04
SR-0003960,W2403-0396,DIFF-01,diffusion,anneal_time_min,31.0624,0,2024-03-07T10:04:04
SR-0003961,W2403-0397,DEP-01,deposition,dep_temp_c,303.6746,0,2024-03-07T13:05:14
SR-0003962,W2403-0397,DEP-01,deposition,dep_temp_c,293.1264,0,2024-03-07T13:15:14
SR-0003963,W2403-0397,DEP-01,deposition,dep_pressure_mtorr,4.9613,0,2024-03-07T13:23:14
SR-0003964,W2403-0397,DEP-01,deposition,dep_pressure_mtorr,5.2328,0,2024-03-07T13:28:14
SR-0003965,W2403-0397,DEP-01,deposition,rf_power_w,383.6644,0,2024-03-07T13:39:14
SR-0003966,W2403-0397,DEP-01,deposition,rf_power_w,375.3412,0,2024-03-07T13:46:14
SR-0003967,W2403-0397,DEP-01,deposition,precursor_flow_sccm,30.1188,0,2024-03-07T13:54:14
SR-0003968,W2403-0397,DEP-01,deposition,precursor_flow_sccm,27.9917,0,2024-03-07T14:00:14
SR-0003969,W2403-0397,DEP-01,deposition,film_thickness_nm,50.6748,0,2024-03-07T14:10:14
SR-0003970,W2403-0397,DEP-01,deposition,film_thickness_nm,50.4068,0,2024-03-07T14:16:14
SR-0003971,W2403-0398,CMP-01,cmp,polish_pressure_psi,3.6694,0,2024-03-07T16:58:09
SR-0003972,W2403-0398,CMP-01,cmp,polish_pressure_psi,3.3715,0,2024-03-07T17:03:09
SR-0003973,W2403-0398,CMP-01,cmp,platen_speed_rpm,96.341,0,2024-03-07T17:13:09
SR-0003974,W2403-0398,CMP-01,cmp,platen_speed_rpm,89.3017,0,2024-03-07T17:22:09
SR-0003975,W2403-0398,CMP-01,cmp,slurry_flow_ml_min,187.7691,0,2024-03-07T17:28:09
SR-0003976,W2403-0398,CMP-01,cmp,slurry_flow_ml_min,205.6019,0,2024-03-07T17:36:09
SR-0003977,W2403-0398,CMP-01,cmp,removal_rate_ang_min,1555.1716,0,2024-03-07T17:44:09
SR-0003978,W2403-0398,CMP-01,cmp,removal_rate_ang_min,1464.3627,0,2024-03-07T17:53:09
SR-0003979,W2403-0398,CMP-01,cmp,friction_coeff,0.3264,0,2024-03-07T18:01:09
SR-0003980,W2403-0398,CMP-01,cmp,friction_coeff,0.3951,0,2024-03-07T18:08:09
SR-0003981,W2403-0399,ETCH-03,etch,etch_temp_c,192.7182,1,2024-03-07T20:49:11
SR-0003982,W2403-0399,ETCH-03,etch,etch_temp_c,190.1511,1,2024-03-07T20:54:11
SR-0003983,W2403-0399,ETCH-03,etch,etch_pressure_mtorr,8.1123,0,2024-03-07T21:03:11
SR-0003984,W2403-0399,ETCH-03,etch,etch_pressure_mtorr,7.3799,0,2024-03-07T21:10:11
SR-0003985,W2403-0399,ETCH-03,etch,rf_power_w,364.7375,0,2024-03-07T21:21:11
SR-0003986,W2403-0399,ETCH-03,etch,rf_power_w,355.9596,0,2024-03-07T21:28:11
SR-0003987,W2403-0399,ETCH-03,etch,gas_flow_sccm,49.745,0,2024-03-07T21:36:11
SR-0003988,W2403-0399,ETCH-03,etch,gas_flow_sccm,49.6239,0,2024-03-07T21:44:11
SR-0003989,W2403-0399,ETCH-03,etch,endpoint_time_s,120.4977,0,2024-03-07T21:50:11
SR-0003990,W2403-0399,ETCH-03,etch,endpoint_time_s,122.7664,0,2024-03-07T21:58:11
SR-0003991,W2403-0400,DIFF-01,diffusion,furnace_temp_c,945.4442,0,2024-03-08T00:51:23
SR-0003992,W2403-0400,DIFF-01,diffusion,furnace_temp_c,935.3345,0,2024-03-08T00:59:23
SR-0003993,W2403-0400,DIFF-01,diffusion,ramp_rate_c_min,9.2998,0,2024-03-08T01:06:23
SR-0003994,W2403-0400,DIFF-01,diffusion,ramp_rate_c_min,9.6018,0,2024-03-08T01:17:23
SR-0003995,W2403-0400,DIFF-01,diffusion,ambient_pressure_torr,761.6082,0,2024-03-08T01:24:23
SR-0003996,W2403-0400,DIFF-01,diffusion,ambient_pressure_torr,759.9317,0,2024-03-08T01:32:23
SR-0003997,W2403-0400,DIFF-01,diffusion,gas_ratio,1.8265,0,2024-03-08T01:38:23
SR-0003998,W2403-0400,DIFF-01,diffusion,gas_ratio,1.8264,0,2024-03-08T01:48:23
SR-0003999,W2403-0400,DIFF-01,diffusion,anneal_time_min,27.3197,0,2024-03-08T01:56:23
SR-0004000,W2403-0400,DIFF-01,diffusion,anneal_time_min,31.362,0,2024-03-08T02:05:23
SR-0004001,W2403-0401,DIFF-01,diffusion,furnace_temp_c,950.1081,0,2024-03-08T04:38:45
SR-0004002,W2403-0401,DIFF-01,diffusion,furnace_temp_c,949.1365,0,2024-03-08T04:47:45
SR-0004003,W2403-0401,DIFF-01,diffusion,ramp_rate_c_min,10.5504,0,2024-03-08T04:53:45
SR-0004004,W2403-0401,DIFF-01,diffusion,ramp_rate_c_min,10.0171,0,2024-03-08T05:03:45
SR-0004005,W2403-0401,DIFF-01,diffusion,ambient_pressure_torr,760.3758,0,2024-03-08T05:10:45
SR-0004006,W2403-0401,DIFF-01,diffusion,ambient_pressure_torr,761.5176,0,2024-03-08T05:20:45
SR-0004007,W2403-0401,DIFF-01,diffusion,gas_ratio,2.0321,0,2024-03-08T05:28:45
SR-0004008,W2403-0401,DIFF-01,diffusion,gas_ratio,1.9409,0,2024-03-08T05:36:45
SR-0004009,W2403-0401,DIFF-01,diffusion,anneal_time_min,28.6622,0,2024-03-08T05:44:45
SR-0004010,W2403-0401,DIFF-01,diffusion,anneal_time_min,30.2877,0,2024-03-08T05:51:45
SR-0004011,W2403-0402,IMP-01,implant,beam_current_ma,9.9661,0,2024-03-08T09:01:46
SR-0004012,W2403-0402,IMP-01,implant,beam_current_ma,9.6915,0,2024-03-08T09:10:46
SR-0004013,W2403-0402,IMP-01,implant,beam_energy_kev,51.7828,0,2024-03-08T09:18:46
SR-0004014,W2403-0402,IMP-01,implant,beam_energy_kev,50.7574,0,2024-03-08T09:26:46
SR-0004015,W2403-0402,IMP-01,implant,scan_speed_mm_s,107.4991,0,2024-03-08T09:33:46
SR-0004016,W2403-0402,IMP-01,implant,scan_speed_mm_s,93.9738,0,2024-03-08T09:39:46
SR-0004017,W2403-0402,IMP-01,implant,dose_uniformity_pct,98.9211,0,2024-03-08T09:50:46
SR-0004018,W2403-0402,IMP-01,implant,dose_uniformity_pct,98.0735,0,2024-03-08T09:56:46
SR-0004019,W2403-0402,IMP-01,implant,tilt_angle_deg,6.9308,0,2024-03-08T10:05:46
SR-0004020,W2403-0402,IMP-01,implant,tilt_angle_deg,6.889,0,2024-03-08T10:14:46
SR-0004021,W2403-0403,IMP-02,implant,beam_current_ma,10.786,0,2024-03-08T13:15:27
SR-0004022,W2403-0403,IMP-02,implant,beam_current_ma,10.6881,0,2024-03-08T13:21:27
SR-0004023,W2403-0403,IMP-02,implant,beam_energy_kev,50.5173,0,2024-03-08T13:30:27
SR-0004024,W2403-0403,IMP-02,implant,beam_energy_kev,48.0976,0,2024-03-08T13:36:27
SR-0004025,W2403-0403,IMP-02,implant,scan_speed_mm_s,97.9457,0,2024-03-08T13:46:27
SR-0004026,W2403-0403,IMP-02,implant,scan_speed_mm_s,94.5527,0,2024-03-08T13:53:27
SR-0004027,W2403-0403,IMP-02,implant,dose_uniformity_pct,98.2983,0,2024-03-08T14:03:27
SR-0004028,W2403-0403,IMP-02,implant,dose_uniformity_pct,98.7338,0,2024-03-08T14:08:27
SR-0004029,W2403-0403,IMP-02,implant,tilt_angle_deg,6.9495,0,2024-03-08T14:16:27
SR-0004030,W2403-0403,IMP-02,implant,tilt_angle_deg,6.8907,0,2024-03-08T14:24:27
SR-0004031,W2403-0404,LIT-03,litho,exposure_energy_mj,25.2099,0,2024-03-08T17:09:18
SR-0004032,W2403-0404,LIT-03,litho,exposure_energy_mj,25.1276,0,2024-03-08T17:18:18
SR-0004033,W2403-0404,LIT-03,litho,focus_offset_nm,1.061,0,2024-03-08T17:26:18
SR-0004034,W2403-0404,LIT-03,litho,focus_offset_nm,-0.8382,0,2024-03-08T17:33:18
SR-0004035,W2403-0404,LIT-03,litho,stage_temp_c,22.1123,0,2024-03-08T17:41:18
SR-0004036,W2403-0404,LIT-03,litho,stage_temp_c,22.0362,0,2024-03-08T17:49:18
SR-0004037,W2403-0404,LIT-03,litho,humidity_pct,40.803,0,2024-03-08T17:58:18
SR-0004038,W2403-0404,LIT-03,litho,humidity_pct,45.4755,0,2024-03-08T18:06:18
SR-0004039,W2403-0404,LIT-03,litho,dose_uniformity_pct,99.0024,0,2024-03-08T18:13:18
SR-0004040,W2403-0404,LIT-03,litho,dose_uniformity_pct,98.7515,0,2024-03-08T18:20:18
SR-0004041,W2403-0405,IMP-02,implant,beam_current_ma,9.515,0,2024-03-08T21:11:14
SR-0004042,W2403-0405,IMP-02,implant,beam_current_ma,9.8526,0,2024-03-08T21:18:14
SR-0004043,W2403-0405,IMP-02,implant,beam_energy_kev,52.3954,0,2024-03-08T21:27:14
SR-0004044,W2403-0405,IMP-02,implant,beam_energy_kev,48.314,0,2024-03-08T21:32:14
SR-0004045,W2403-0405,IMP-02,implant,scan_speed_mm_s,93.6967,0,2024-03-08T21:43:14
SR-0004046,W2403-0405,IMP-02,implant,scan_speed_mm_s,95.4429,0,2024-03-08T21:51:14
SR-0004047,W2403-0405,IMP-02,implant,dose_uniformity_pct,98.2489,0,2024-03-08T21:59:14
SR-0004048,W2403-0405,IMP-02,implant,dose_uniformity_pct,98.5455,0,2024-03-08T22:05:14
SR-0004049,W2403-0405,IMP-02,implant,tilt_angle_deg,7.045,0,2024-03-08T22:13:14
SR-0004050,W2403-0405,IMP-02,implant,tilt_angle_deg,6.8174,0,2024-03-08T22:20:14
SR-0004051,W2403-0406,IMP-02,implant,beam_current_ma,9.6238,0,2024-03-09T01:27:41
SR-0004052,W2403-0406,IMP-02,implant,beam_current_ma,10.4176,0,2024-03-09T01:33:41
SR-0004053,W2403-0406,IMP-02,implant,beam_energy_kev,49.4044,0,2024-03-09T01:41:41
SR-0004054,W2403-0406,IMP-02,implant,beam_energy_kev,47.9508,0,2024-03-09T01:48:41
SR-0004055,W2403-0406,IMP-02,implant,scan_speed_mm_s,97.6166,0,2024-03-09T01:58:41
SR-0004056,W2403-0406,IMP-02,implant,scan_speed_mm_s,106.7121,0,2024-03-09T02:07:41
SR-0004057,W2403-0406,IMP-02,implant,dose_uniformity_pct,98.5965,0,2024-03-09T02:13:41
SR-0004058,W2403-0406,IMP-02,implant,dose_uniformity_pct,98.6748,0,2024-03-09T02:22:41
SR-0004059,W2403-0406,IMP-02,implant,tilt_angle_deg,6.9041,0,2024-03-09T02:29:41
SR-0004060,W2403-0406,IMP-02,implant,tilt_angle_deg,7.213,0,2024-03-09T02:37:41
SR-0004061,W2403-0407,ETCH-02,etch,etch_temp_c,181.2922,0,2024-03-09T05:44:26
SR-0004062,W2403-0407,ETCH-02,etch,etch_temp_c,175.7384,0,2024-03-09T05:50:26
SR-0004063,W2403-0407,ETCH-02,etch,etch_pressure_mtorr,8.1355,0,2024-03-09T05:59:26
SR-0004064,W2403-0407,ETCH-02,etch,etch_pressure_mtorr,7.5102,0,2024-03-09T06:09:26
SR-0004065,W2403-0407,ETCH-02,etch,rf_power_w,372.2081,0,2024-03-09T06:15:26
SR-0004066,W2403-0407,ETCH-02,etch,rf_power_w,391.662,0,2024-03-09T06:22:26
SR-0004067,W2403-0407,ETCH-02,etch,gas_flow_sccm,44.86,0,2024-03-09T06:32:26
SR-0004068,W2403-0407,ETCH-02,etch,gas_flow_sccm,53.0383,0,2024-03-09T06:39:26
SR-0004069,W2403-0407,ETCH-02,etch,endpoint_time_s,112.1208,0,2024-03-09T06:49:26
SR-0004070,W2403-0407,ETCH-02,etch,endpoint_time_s,119.6675,0,2024-03-09T06:54:26
SR-0004071,W2403-0408,DIFF-02,diffusion,furnace_temp_c,948.1266,0,2024-03-09T09:35:42
SR-0004072,W2403-0408,DIFF-02,diffusion,furnace_temp_c,961.0369,0,2024-03-09T09:43:42
SR-0004073,W2403-0408,DIFF-02,diffusion,ramp_rate_c_min,8.7803,0,2024-03-09T09:48:42
SR-0004074,W2403-0408,DIFF-02,diffusion,ramp_rate_c_min,10.2591,0,2024-03-09T09:56:42
SR-0004075,W2403-0408,DIFF-02,diffusion,ambient_pressure_torr,755.08,0,2024-03-09T10:04:42
SR-0004076,W2403-0408,DIFF-02,diffusion,ambient_pressure_torr,756.5253,0,2024-03-09T10:12:42
SR-0004077,W2403-0408,DIFF-02,diffusion,gas_ratio,2.0707,0,2024-03-09T10:22:42
SR-0004078,W2403-0408,DIFF-02,diffusion,gas_ratio,2.0709,0,2024-03-09T10:28:42
SR-0004079,W2403-0408,DIFF-02,diffusion,anneal_time_min,26.5238,0,2024-03-09T10:38:42
SR-0004080,W2403-0408,DIFF-02,diffusion,anneal_time_min,26.304,0,2024-03-09T10:47:42
SR-0004081,W2403-0409,LIT-01,litho,exposure_energy_mj,25.6764,0,2024-03-09T13:08:27
SR-0004082,W2403-0409,LIT-01,litho,exposure_energy_mj,25.0545,0,2024-03-09T13:15:27
SR-0004083,W2403-0409,LIT-01,litho,focus_offset_nm,-0.9098,0,2024-03-09T13:21:27
SR-0004084,W2403-0409,LIT-01,litho,focus_offset_nm,-0.3345,0,2024-03-09T13:31:27
SR-0004085,W2403-0409,LIT-01,litho,stage_temp_c,21.8119,0,2024-03-09T13:38:27
SR-0004086,W2403-0409,LIT-01,litho,stage_temp_c,22.3044,0,2024-03-09T13:46:27
SR-0004087,W2403-0409,LIT-01,litho,humidity_pct,42.2206,0,2024-03-09T13:55:27
SR-0004088,W2403-0409,LIT-01,litho,humidity_pct,48.524,0,2024-03-09T14:01:27
SR-0004089,W2403-0409,LIT-01,litho,dose_uniformity_pct,98.9107,0,2024-03-09T14:12:27
SR-0004090,W2403-0409,LIT-01,litho,dose_uniformity_pct,98.9688,0,2024-03-09T14:18:27
SR-0004091,W2403-0410,IMP-02,implant,beam_current_ma,9.6558,0,2024-03-09T17:03:07
SR-0004092,W2403-0410,IMP-02,implant,beam_current_ma,9.5806,0,2024-03-09T17:11:07
SR-0004093,W2403-0410,IMP-02,implant,beam_energy_kev,52.5561,0,2024-03-09T17:20:07
SR-0004094,W2403-0410,IMP-02,implant,beam_energy_kev,49.1922,0,2024-03-09T17:25:07
SR-0004095,W2403-0410,IMP-02,implant,scan_speed_mm_s,93.8425,0,2024-03-09T17:34:07
SR-0004096,W2403-0410,IMP-02,implant,scan_speed_mm_s,102.4657,0,2024-03-09T17:42:07
SR-0004097,W2403-0410,IMP-02,implant,dose_uniformity_pct,98.8307,0,2024-03-09T17:51:07
SR-0004098,W2403-0410,IMP-02,implant,dose_uniformity_pct,97.7713,0,2024-03-09T17:59:07
SR-0004099,W2403-0410,IMP-02,implant,tilt_angle_deg,6.877,0,2024-03-09T18:06:07
SR-0004100,W2403-0410,IMP-02,implant,tilt_angle_deg,6.8446,0,2024-03-09T18:16:07
SR-0004101,W2403-0411,DEP-01,deposition,dep_temp_c,298.2423,0,2024-03-09T20:38:43
SR-0004102,W2403-0411,DEP-01,deposition,dep_temp_c,305.1095,0,2024-03-09T20:45:43
SR-0004103,W2403-0411,DEP-01,deposition,dep_pressure_mtorr,5.4477,0,2024-03-09T20:53:43
SR-0004104,W2403-0411,DEP-01,deposition,dep_pressure_mtorr,4.5363,0,2024-03-09T21:02:43
SR-0004105,W2403-0411,DEP-01,deposition,rf_power_w,361.4384,0,2024-03-09T21:09:43
SR-0004106,W2403-0411,DEP-01,deposition,rf_power_w,390.1854,0,2024-03-09T21:18:43
SR-0004107,W2403-0411,DEP-01,deposition,precursor_flow_sccm,30.1811,0,2024-03-09T21:25:43
SR-0004108,W2403-0411,DEP-01,deposition,precursor_flow_sccm,28.9965,0,2024-03-09T21:35:43
SR-0004109,W2403-0411,DEP-01,deposition,film_thickness_nm,49.6087,0,2024-03-09T21:43:43
SR-0004110,W2403-0411,DEP-01,deposition,film_thickness_nm,49.5504,0,2024-03-09T21:50:43
SR-0004111,W2403-0412,CMP-01,cmp,polish_pressure_psi,3.4172,0,2024-03-10T00:51:17
SR-0004112,W2403-0412,CMP-01,cmp,polish_pressure_psi,3.2986,0,2024-03-10T01:00:17
SR-0004113,W2403-0412,CMP-01,cmp,platen_speed_rpm,86.9307,0,2024-03-10T01:09:17
SR-0004114,W2403-0412,CMP-01,cmp,platen_speed_rpm,93.8217,0,2024-03-10T01:15:17
SR-0004115,W2403-0412,CMP-01,cmp,slurry_flow_ml_min,191.375,0,2024-03-10T01:25:17
SR-0004116,W2403-0412,CMP-01,cmp,slurry_flow_ml_min,209.6362,0,2024-03-10T01:30:17
SR-0004117,W2403-0412,CMP-01,cmp,removal_rate_ang_min,1595.1325,0,2024-03-10T01:38:17
SR-0004118,W2403-0412,CMP-01,cmp,removal_rate_ang_min,1476.4137,0,2024-03-10T01:47:17
SR-0004119,W2403-0412,CMP-01,cmp,friction_coeff,0.3716,0,2024-03-10T01:55:17
SR-0004120,W2403-0412,CMP-01,cmp,friction_coeff,0.3408,0,2024-03-10T02:02:17
SR-0004121,W2403-0413,ETCH-03,etch,etch_temp_c,186.6202,0,2024-03-10T04:36:05
SR-0004122,W2403-0413,ETCH-03,etch,etch_temp_c,184.7669,0,2024-03-10T04:41:05
SR-0004123,W2403-0413,ETCH-03,etch,etch_pressure_mtorr,7.6987,0,2024-03-10T04:50:05
SR-0004124,W2403-0413,ETCH-03,etch,etch_pressure_mtorr,7.9743,0,2024-03-10T04:57:05
SR-0004125,W2403-0413,ETCH-03,etch,rf_power_w,365.7612,0,2024-03-10T05:08:05
SR-0004126,W2403-0413,ETCH-03,etch,rf_power_w,354.0902,0,2024-03-10T05:13:05
SR-0004127,W2403-0413,ETCH-03,etch,gas_flow_sccm,46.484,0,2024-03-10T05:23:05
SR-0004128,W2403-0413,ETCH-03,etch,gas_flow_sccm,47.6632,0,2024-03-10T05:29:05
SR-0004129,W2403-0413,ETCH-03,etch,endpoint_time_s,117.9676,0,2024-03-10T05:37:05
SR-0004130,W2403-0413,ETCH-03,etch,endpoint_time_s,114.2555,0,2024-03-10T05:46:05
SR-0004131,W2403-0414,CMP-01,cmp,polish_pressure_psi,3.5801,0,2024-03-10T08:46:49
SR-0004132,W2403-0414,CMP-01,cmp,polish_pressure_psi,3.5372,0,2024-03-10T08:53:49
SR-0004133,W2403-0414,CMP-01,cmp,platen_speed_rpm,86.9631,0,2024-03-10T09:01:49
SR-0004134,W2403-0414,CMP-01,cmp,platen_speed_rpm,87.9571,0,2024-03-10T09:08:49
SR-0004135,W2403-0414,CMP-01,cmp,slurry_flow_ml_min,189.7486,0,2024-03-10T09:18:49
SR-0004136,W2403-0414,CMP-01,cmp,slurry_flow_ml_min,195.854,0,2024-03-10T09:25:49
SR-0004137,W2403-0414,CMP-01,cmp,removal_rate_ang_min,1492.9788,0,2024-03-10T09:32:49
SR-0004138,W2403-0414,CMP-01,cmp,removal_rate_ang_min,1522.1603,0,2024-03-10T09:42:49
SR-0004139,W2403-0414,CMP-01,cmp,friction_coeff,0.3411,0,2024-03-10T09:48:49
SR-0004140,W2403-0414,CMP-01,cmp,friction_coeff,0.3559,0,2024-03-10T09:59:49
SR-0004141,W2403-0415,DEP-02,deposition,dep_temp_c,303.6081,0,2024-03-10T13:06:11
SR-0004142,W2403-0415,DEP-02,deposition,dep_temp_c,308.4224,0,2024-03-10T13:11:11
SR-0004143,W2403-0415,DEP-02,deposition,dep_pressure_mtorr,5.3588,0,2024-03-10T13:21:11
SR-0004144,W2403-0415,DEP-02,deposition,dep_pressure_mtorr,5.0291,0,2024-03-10T13:30:11
SR-0004145,W2403-0415,DEP-02,deposition,rf_power_w,427.4846,0,2024-03-10T13:36:11
SR-0004146,W2403-0415,DEP-02,deposition,rf_power_w,433.6402,1,2024-03-10T13:46:11
SR-0004147,W2403-0415,DEP-02,deposition,precursor_flow_sccm,31.1751,0,2024-03-10T13:53:11
SR-0004148,W2403-0415,DEP-02,deposition,precursor_flow_sccm,28.2045,0,2024-03-10T13:59:11
SR-0004149,W2403-0415,DEP-02,deposition,film_thickness_nm,49.4429,0,2024-03-10T14:10:11
SR-0004150,W2403-0415,DEP-02,deposition,film_thickness_nm,50.1128,0,2024-03-10T14:18:11
SR-0004151,W2403-0416,LIT-03,litho,exposure_energy_mj,24.6757,0,2024-03-10T17:25:39
SR-0004152,W2403-0416,LIT-03,litho,exposure_energy_mj,24.9944,0,2024-03-10T17:35:39
SR-0004153,W2403-0416,LIT-03,litho,focus_offset_nm,2.0451,0,2024-03-10T17:44:39
SR-0004154,W2403-0416,LIT-03,litho,focus_offset_nm,-1.2129,0,2024-03-10T17:52:39
SR-0004155,W2403-0416,LIT-03,litho,stage_temp_c,21.869,0,2024-03-10T17:59:39
SR-0004156,W2403-0416,LIT-03,litho,stage_temp_c,22.161,0,2024-03-10T18:06:39
SR-0004157,W2403-0416,LIT-03,litho,humidity_pct,44.2393,0,2024-03-10T18:15:39
SR-0004158,W2403-0416,LIT-03,litho,humidity_pct,44.3907,0,2024-03-10T18:23:39
SR-0004159,W2403-0416,LIT-03,litho,dose_uniformity_pct,99.1337,0,2024-03-10T18:32:39
SR-0004160,W2403-0416,LIT-03,litho,dose_uniformity_pct,99.1427,0,2024-03-10T18:38:39
SR-0004161,W2403-0417,CMP-02,cmp,polish_pressure_psi,3.7167,0,2024-03-10T21:35:16
SR-0004162,W2403-0417,CMP-02,cmp,polish_pressure_psi,3.9228,0,2024-03-10T21:43:16
SR-0004163,W2403-0417,CMP-02,cmp,platen_speed_rpm,90.4331,0,2024-03-10T21:51:16
SR-0004164,W2403-0417,CMP-02,cmp,platen_speed_rpm,90.9558,0,2024-03-10T21:59:16
SR-0004165,W2403-0417,CMP-02,cmp,slurry_flow_ml_min,203.1475,0,2024-03-10T22:06:16
SR-0004166,W2403-0417,CMP-02,cmp,slurry_flow_ml_min,216.492,0,2024-03-10T22:14:16
SR-0004167,W2403-0417,CMP-02,cmp,removal_rate_ang_min,1555.7131,0,2024-03-10T22:21:16
SR-0004168,W2403-0417,CMP-02,cmp,removal_rate_ang_min,1508.3246,0,2024-03-10T22:29:16
SR-0004169,W2403-0417,CMP-02,cmp,friction_coeff,0.3635,0,2024-03-10T22:37:16
SR-0004170,W2403-0417,CMP-02,cmp,friction_coeff,0.341,0,2024-03-10T22:47:16
SR-0004171,W2403-0418,LIT-01,litho,exposure_energy_mj,25.3996,0,2024-03-11T01:28:49
SR-0004172,W2403-0418,LIT-01,litho,exposure_energy_mj,24.5433,0,2024-03-11T01:37:49
SR-0004173,W2403-0418,LIT-01,litho,focus_offset_nm,-4.2027,0,2024-03-11T01:45:49
SR-0004174,W2403-0418,LIT-01,litho,focus_offset_nm,-0.5837,0,2024-03-11T01:55:49
SR-0004175,W2403-0418,LIT-01,litho,stage_temp_c,22.1168,0,2024-03-11T02:01:49
SR-0004176,W2403-0418,LIT-01,litho,stage_temp_c,22.1646,0,2024-03-11T02:09:49
SR-0004177,W2403-0418,LIT-01,litho,humidity_pct,41.705,0,2024-03-11T02:18:49
SR-0004178,W2403-0418,LIT-01,litho,humidity_pct,53.1441,0,2024-03-11T02:27:49
SR-0004179,W2403-0418,LIT-01,litho,dose_uniformity_pct,98.1214,0,2024-03-11T02:34:49
SR-0004180,W2403-0418,LIT-01,litho,dose_uniformity_pct,98.552,0,2024-03-11T02:42:49
SR-0004181,W2403-0419,DEP-02,deposition,dep_temp_c,303.8701,0,2024-03-11T05:36:11
SR-0004182,W2403-0419,DEP-02,deposition,dep_temp_c,302.762,0,2024-03-11T05:44:11
SR-0004183,W2403-0419,DEP-02,deposition,dep_pressure_mtorr,5.2136,0,2024-03-11T05:52:11
SR-0004184,W2403-0419,DEP-02,deposition,dep_pressure_mtorr,4.6999,0,2024-03-11T06:01:11
SR-0004185,W2403-0419,DEP-02,deposition,rf_power_w,425.068,0,2024-03-11T06:09:11
SR-0004186,W2403-0419,DEP-02,deposition,rf_power_w,432.7118,1,2024-03-11T06:15:11
SR-0004187,W2403-0419,DEP-02,deposition,precursor_flow_sccm,30.5237,0,2024-03-11T06:25:11
SR-0004188,W2403-0419,DEP-02,deposition,precursor_flow_sccm,30.0318,0,2024-03-11T06:31:11
SR-0004189,W2403-0419,DEP-02,deposition,film_thickness_nm,49.8028,0,2024-03-11T06:39:11
SR-0004190,W2403-0419,DEP-02,deposition,film_thickness_nm,49.5964,0,2024-03-11T06:48:11
SR-0004191,W2403-0420,IMP-01,implant,beam_current_ma,9.6728,0,2024-03-11T09:19:04
SR-0004192,W2403-0420,IMP-01,implant,beam_current_ma,9.6141,0,2024-03-11T09:29:04
SR-0004193,W2403-0420,IMP-01,implant,beam_energy_kev,53.184,0,2024-03-11T09:36:04
SR-0004194,W2403-0420,IMP-01,implant,beam_energy_kev,50.8149,0,2024-03-11T09:46:04
SR-0004195,W2403-0420,IMP-01,implant,scan_speed_mm_s,93.3737,0,2024-03-11T09:53:04
SR-0004196,W2403-0420,IMP-01,implant,scan_speed_mm_s,102.9224,0,2024-03-11T10:01:04
SR-0004197,W2403-0420,IMP-01,implant,dose_uniformity_pct,98.7321,0,2024-03-11T10:10:04
SR-0004198,W2403-0420,IMP-01,implant,dose_uniformity_pct,99.1256,0,2024-03-11T10:15:04
SR-0004199,W2403-0420,IMP-01,implant,tilt_angle_deg,6.9036,0,2024-03-11T10:26:04
SR-0004200,W2403-0420,IMP-01,implant,tilt_angle_deg,6.8332,0,2024-03-11T10:34:04
SR-0004201,W2403-0421,IMP-01,implant,beam_current_ma,8.9881,0,2024-03-11T13:34:57
SR-0004202,W2403-0421,IMP-01,implant,beam_current_ma,9.8714,0,2024-03-11T13:44:57
SR-0004203,W2403-0421,IMP-01,implant,beam_energy_kev,52.6835,0,2024-03-11T13:49:57
SR-0004204,W2403-0421,IMP-01,implant,beam_energy_kev,52.2964,0,2024-03-11T13:59:57
SR-0004205,W2403-0421,IMP-01,implant,scan_speed_mm_s,104.251,0,2024-03-11T14:07:57
SR-0004206,W2403-0421,IMP-01,implant,scan_speed_mm_s,96.2161,0,2024-03-11T14:16:57
SR-0004207,W2403-0421,IMP-01,implant,dose_uniformity_pct,98.655,0,2024-03-11T14:22:57
SR-0004208,W2403-0421,IMP-01,implant,dose_uniformity_pct,98.6436,0,2024-03-11T14:32:57
SR-0004209,W2403-0421,IMP-01,implant,tilt_angle_deg,6.9466,0,2024-03-11T14:38:57
SR-0004210,W2403-0421,IMP-01,implant,tilt_angle_deg,7.1876,0,2024-03-11T14:46:57
SR-0004211,W2403-0422,CMP-01,cmp,polish_pressure_psi,3.31,0,2024-03-11T17:27:06
SR-0004212,W2403-0422,CMP-01,cmp,polish_pressure_psi,3.335,0,2024-03-11T17:37:06
SR-0004213,W2403-0422,CMP-01,cmp,platen_speed_rpm,91.6858,0,2024-03-11T17:45:06
SR-0004214,W2403-0422,CMP-01,cmp,platen_speed_rpm,88.9804,0,2024-03-11T17:51:06
SR-0004215,W2403-0422,CMP-01,cmp,slurry_flow_ml_min,194.8897,0,2024-03-11T18:01:06
SR-0004216,W2403-0422,CMP-01,cmp,slurry_flow_ml_min,209.1277,0,2024-03-11T18:10:06
SR-0004217,W2403-0422,CMP-01,cmp,removal_rate_ang_min,1487.4223,0,2024-03-11T18:16:06
SR-0004218,W2403-0422,CMP-01,cmp,removal_rate_ang_min,1522.5987,0,2024-03-11T18:26:06
SR-0004219,W2403-0422,CMP-01,cmp,friction_coeff,0.3809,0,2024-03-11T18:33:06
SR-0004220,W2403-0422,CMP-01,cmp,friction_coeff,0.3275,0,2024-03-11T18:41:06
SR-0004221,W2403-0423,DEP-03,deposition,dep_temp_c,306.5235,0,2024-03-11T21:50:45
SR-0004222,W2403-0423,DEP-03,deposition,dep_temp_c,290.7606,0,2024-03-11T21:57:45
SR-0004223,W2403-0423,DEP-03,deposition,dep_pressure_mtorr,4.5777,0,2024-03-11T22:04:45
SR-0004224,W2403-0423,DEP-03,deposition,dep_pressure_mtorr,4.8015,0,2024-03-11T22:15:45
SR-0004225,W2403-0423,DEP-03,deposition,rf_power_w,367.6555,0,2024-03-11T22:20:45
SR-0004226,W2403-0423,DEP-03,deposition,rf_power_w,382.597,0,2024-03-11T22:30:45
SR-0004227,W2403-0423,DEP-03,deposition,precursor_flow_sccm,29.5392,0,2024-03-11T22:36:45
SR-0004228,W2403-0423,DEP-03,deposition,precursor_flow_sccm,25.4686,0,2024-03-11T22:46:45
SR-0004229,W2403-0423,DEP-03,deposition,film_thickness_nm,48.6766,0,2024-03-11T22:55:45
SR-0004230,W2403-0423,DEP-03,deposition,film_thickness_nm,49.8164,0,2024-03-11T23:00:45
SR-0004231,W2403-0424,LIT-03,litho,exposure_energy_mj,25.4412,0,2024-03-12T02:04:31
SR-0004232,W2403-0424,LIT-03,litho,exposure_energy_mj,23.7598,0,2024-03-12T02:12:31
SR-0004233,W2403-0424,LIT-03,litho,focus_offset_nm,-2.1581,0,2024-03-12T02:21:31
SR-0004234,W2403-0424,LIT-03,litho,focus_offset_nm,1.1635,0,2024-03-12T02:28:31
SR-0004235,W2403-0424,LIT-03,litho,stage_temp_c,21.6308,0,2024-03-12T02:39:31
SR-0004236,W2403-0424,LIT-03,litho,stage_temp_c,21.515,0,2024-03-12T02:44:31
SR-0004237,W2403-0424,LIT-03,litho,humidity_pct,38.9789,0,2024-03-12T02:55:31
SR-0004238,W2403-0424,LIT-03,litho,humidity_pct,46.3872,0,2024-03-12T03:01:31
SR-0004239,W2403-0424,LIT-03,litho,dose_uniformity_pct,97.9901,0,2024-03-12T03:10:31
SR-0004240,W2403-0424,LIT-03,litho,dose_uniformity_pct,99.1477,0,2024-03-12T03:18:31
SR-0004241,W2403-0425,DIFF-02,diffusion,furnace_temp_c,953.1995,0,2024-03-12T05:41:08
SR-0004242,W2403-0425,DIFF-02,diffusion,furnace_temp_c,942.4364,0,2024-03-12T05:49:08
SR-0004243,W2403-0425,DIFF-02,diffusion,ramp_rate_c_min,9.8669,0,2024-03-12T05:54:08
SR-0004244,W2403-0425,DIFF-02,diffusion,ramp_rate_c_min,9.6603,0,2024-03-12T06:05:08
SR-0004245,W2403-0425,DIFF-02,diffusion,ambient_pressure_torr,760.9681,0,2024-03-12T06:10:08
SR-0004246,W2403-0425,DIFF-02,diffusion,ambient_pressure_torr,761.7619,0,2024-03-12T06:19:08
SR-0004247,W2403-0425,DIFF-02,diffusion,gas_ratio,2.0047,0,2024-03-12T06:28:08
SR-0004248,W2403-0425,DIFF-02,diffusion,gas_ratio,2.0816,0,2024-03-12T06:36:08
SR-0004249,W2403-0425,DIFF-02,diffusion,anneal_time_min,27.9118,0,2024-03-12T06:45:08
SR-0004250,W2403-0425,DIFF-02,diffusion,anneal_time_min,29.2387,0,2024-03-12T06:52:08
SR-0004251,W2403-0426,IMP-01,implant,beam_current_ma,9.7251,0,2024-03-12T09:51:15
SR-0004252,W2403-0426,IMP-01,implant,beam_current_ma,10.1062,0,2024-03-12T10:00:15
SR-0004253,W2403-0426,IMP-01,implant,beam_energy_kev,51.0505,0,2024-03-12T10:07:15
SR-0004254,W2403-0426,IMP-01,implant,beam_energy_kev,51.9897,0,2024-03-12T10:14:15
SR-0004255,W2403-0426,IMP-01,implant,scan_speed_mm_s,103.657,0,2024-03-12T10:23:15
SR-0004256,W2403-0426,IMP-01,implant,scan_speed_mm_s,87.9552,0,2024-03-12T10:32:15
SR-0004257,W2403-0426,IMP-01,implant,dose_uniformity_pct,98.1901,0,2024-03-12T10:40:15
SR-0004258,W2403-0426,IMP-01,implant,dose_uniformity_pct,99.1598,0,2024-03-12T10:47:15
SR-0004259,W2403-0426,IMP-01,implant,tilt_angle_deg,6.8727,0,2024-03-12T10:56:15
SR-0004260,W2403-0426,IMP-01,implant,tilt_angle_deg,7.3182,0,2024-03-12T11:03:15
SR-0004261,W2403-0427,DIFF-02,diffusion,furnace_temp_c,963.1255,0,2024-03-12T13:33:26
SR-0004262,W2403-0427,DIFF-02,diffusion,furnace_temp_c,950.1646,0,2024-03-12T13:43:26
SR-0004263,W2403-0427,DIFF-02,diffusion,ramp_rate_c_min,9.8835,0,2024-03-12T13:48:26
SR-0004264,W2403-0427,DIFF-02,diffusion,ramp_rate_c_min,10.2446,0,2024-03-12T13:59:26
SR-0004265,W2403-0427,DIFF-02,diffusion,ambient_pressure_torr,758.3254,0,2024-03-12T14:05:26
SR-0004266,W2403-0427,DIFF-02,diffusion,ambient_pressure_torr,758.4096,0,2024-03-12T14:15:26
SR-0004267,W2403-0427,DIFF-02,diffusion,gas_ratio,2.0743,0,2024-03-12T14:21:26
SR-0004268,W2403-0427,DIFF-02,diffusion,gas_ratio,2.0269,0,2024-03-12T14:28:26
SR-0004269,W2403-0427,DIFF-02,diffusion,anneal_time_min,31.8817,0,2024-03-12T14:36:26
SR-0004270,W2403-0427,DIFF-02,diffusion,anneal_time_min,32.3334,0,2024-03-12T14:44:26
SR-0004271,W2403-0428,DEP-03,deposition,dep_temp_c,298.8585,0,2024-03-12T17:41:30
SR-0004272,W2403-0428,DEP-03,deposition,dep_temp_c,300.1051,0,2024-03-12T17:51:30
SR-0004273,W2403-0428,DEP-03,deposition,dep_pressure_mtorr,4.8482,0,2024-03-12T17:58:30
SR-0004274,W2403-0428,DEP-03,deposition,dep_pressure_mtorr,4.9995,0,2024-03-12T18:05:30
SR-0004275,W2403-0428,DEP-03,deposition,rf_power_w,366.9047,0,2024-03-12T18:13:30
SR-0004276,W2403-0428,DEP-03,deposition,rf_power_w,406.7861,0,2024-03-12T18:22:30
SR-0004277,W2403-0428,DEP-03,deposition,precursor_flow_sccm,29.7494,0,2024-03-12T18:31:30
SR-0004278,W2403-0428,DEP-03,deposition,precursor_flow_sccm,29.9757,0,2024-03-12T18:39:30
SR-0004279,W2403-0428,DEP-03,deposition,film_thickness_nm,50.4871,0,2024-03-12T18:44:30
SR-0004280,W2403-0428,DEP-03,deposition,film_thickness_nm,51.8018,0,2024-03-12T18:55:30
SR-0004281,W2403-0429,DIFF-01,diffusion,furnace_temp_c,950.411,0,2024-03-12T21:36:34
SR-0004282,W2403-0429,DIFF-01,diffusion,furnace_temp_c,942.6212,0,2024-03-12T21:44:34
SR-0004283,W2403-0429,DIFF-01,diffusion,ramp_rate_c_min,10.9552,0,2024-03-12T21:55:34
SR-0004284,W2403-0429,DIFF-01,diffusion,ramp_rate_c_min,10.685,0,2024-03-12T22:01:34
SR-0004285,W2403-0429,DIFF-01,diffusion,ambient_pressure_torr,759.0318,0,2024-03-12T22:08:34
SR-0004286,W2403-0429,DIFF-01,diffusion,ambient_pressure_torr,757.865,0,2024-03-12T22:19:34
SR-0004287,W2403-0429,DIFF-01,diffusion,gas_ratio,1.8522,0,2024-03-12T22:24:34
SR-0004288,W2403-0429,DIFF-01,diffusion,gas_ratio,2.0764,0,2024-03-12T22:34:34
SR-0004289,W2403-0429,DIFF-01,diffusion,anneal_time_min,29.5172,0,2024-03-12T22:40:34
SR-0004290,W2403-0429,DIFF-01,diffusion,anneal_time_min,30.9594,0,2024-03-12T22:48:34
SR-0004291,W2403-0430,IMP-01,implant,beam_current_ma,10.2927,0,2024-03-13T01:14:44
SR-0004292,W2403-0430,IMP-01,implant,beam_current_ma,9.727,0,2024-03-13T01:24:44
SR-0004293,W2403-0430,IMP-01,implant,beam_energy_kev,49.8717,0,2024-03-13T01:29:44
SR-0004294,W2403-0430,IMP-01,implant,beam_energy_kev,53.3387,0,2024-03-13T01:39:44
SR-0004295,W2403-0430,IMP-01,implant,scan_speed_mm_s,103.3766,0,2024-03-13T01:47:44
SR-0004296,W2403-0430,IMP-01,implant,scan_speed_mm_s,93.1172,0,2024-03-13T01:56:44
SR-0004297,W2403-0430,IMP-01,implant,dose_uniformity_pct,97.8733,0,2024-03-13T02:02:44
SR-0004298,W2403-0430,IMP-01,implant,dose_uniformity_pct,98.7757,0,2024-03-13T02:10:44
SR-0004299,W2403-0430,IMP-01,implant,tilt_angle_deg,7.2152,0,2024-03-13T02:18:44
SR-0004300,W2403-0430,IMP-01,implant,tilt_angle_deg,6.6988,0,2024-03-13T02:26:44
SR-0004301,W2403-0431,ETCH-02,etch,etch_temp_c,180.1194,0,2024-03-13T05:30:43
SR-0004302,W2403-0431,ETCH-02,etch,etch_temp_c,172.4358,0,2024-03-13T05:40:43
SR-0004303,W2403-0431,ETCH-02,etch,etch_pressure_mtorr,8.0066,0,2024-03-13T05:48:43
SR-0004304,W2403-0431,ETCH-02,etch,etch_pressure_mtorr,7.9134,0,2024-03-13T05:54:43
SR-0004305,W2403-0431,ETCH-02,etch,rf_power_w,377.5003,0,2024-03-13T06:04:43
SR-0004306,W2403-0431,ETCH-02,etch,rf_power_w,396.6447,0,2024-03-13T06:11:43
SR-0004307,W2403-0431,ETCH-02,etch,gas_flow_sccm,50.4017,0,2024-03-13T06:21:43
SR-0004308,W2403-0431,ETCH-02,etch,gas_flow_sccm,51.8633,0,2024-03-13T06:27:43
SR-0004309,W2403-0431,ETCH-02,etch,endpoint_time_s,121.4011,0,2024-03-13T06:35:43
SR-0004310,W2403-0431,ETCH-02,etch,endpoint_time_s,123.7438,0,2024-03-13T06:43:43
SR-0004311,W2403-0432,LIT-02,litho,exposure_energy_mj,25.2724,0,2024-03-13T09:44:41
SR-0004312,W2403-0432,LIT-02,litho,exposure_energy_mj,24.8377,0,2024-03-13T09:55:41
SR-0004313,W2403-0432,LIT-02,litho,focus_offset_nm,0.3574,0,2024-03-13T10:03:41
SR-0004314,W2403-0432,LIT-02,litho,focus_offset_nm,3.917,0,2024-03-13T10:11:41
SR-0004315,W2403-0432,LIT-02,litho,stage_temp_c,21.9589,0,2024-03-13T10:17:41
SR-0004316,W2403-0432,LIT-02,litho,stage_temp_c,22.2266,0,2024-03-13T10:24:41
SR-0004317,W2403-0432,LIT-02,litho,humidity_pct,40.7244,0,2024-03-13T10:34:41
SR-0004318,W2403-0432,LIT-02,litho,humidity_pct,38.6399,0,2024-03-13T10:42:41
SR-0004319,W2403-0432,LIT-02,litho,dose_uniformity_pct,98.6594,0,2024-03-13T10:49:41
SR-0004320,W2403-0432,LIT-02,litho,dose_uniformity_pct,98.2246,0,2024-03-13T10:56:41
SR-0004321,W2403-0433,CMP-02,cmp,polish_pressure_psi,3.7236,0,2024-03-13T14:16:11
SR-0004322,W2403-0433,CMP-02,cmp,polish_pressure_psi,3.1232,0,2024-03-13T14:22:11
SR-0004323,W2403-0433,CMP-02,cmp,platen_speed_rpm,90.4263,0,2024-03-13T14:30:11
SR-0004324,W2403-0433,CMP-02,cmp,platen_speed_rpm,90.5053,0,2024-03-13T14:38:11
SR-0004325,W2403-0433,CMP-02,cmp,slurry_flow_ml_min,205.1756,0,2024-03-13T14:46:11
SR-0004326,W2403-0433,CMP-02,cmp,slurry_flow_ml_min,191.0959,0,2024-03-13T14:56:11
SR-0004327,W2403-0433,CMP-02,cmp,removal_rate_ang_min,1430.6104,0,2024-03-13T15:03:11
SR-0004328,W2403-0433,CMP-02,cmp,removal_rate_ang_min,1517.8729,0,2024-03-13T15:10:11
SR-0004329,W2403-0433,CMP-02,cmp,friction_coeff,0.3408,0,2024-03-13T15:19:11
SR-0004330,W2403-0433,CMP-02,cmp,friction_coeff,0.3676,0,2024-03-13T15:27:11
SR-0004331,W2403-0434,DEP-01,deposition,dep_temp_c,306.7277,0,2024-03-13T18:16:10
SR-0004332,W2403-0434,DEP-01,deposition,dep_temp_c,297.0273,0,2024-03-13T18:23:10
SR-0004333,W2403-0434,DEP-01,deposition,dep_pressure_mtorr,4.6833,0,2024-03-13T18:30:10
SR-0004334,W2403-0434,DEP-01,deposition,dep_pressure_mtorr,4.8632,0,2024-03-13T18:38:10
SR-0004335,W2403-0434,DEP-01,deposition,rf_power_w,392.8286,0,2024-03-13T18:45:10
SR-0004336,W2403-0434,DEP-01,deposition,rf_power_w,379.6511,0,2024-03-13T18:53:10
SR-0004337,W2403-0434,DEP-01,deposition,precursor_flow_sccm,27.31,0,2024-03-13T19:02:10
SR-0004338,W2403-0434,DEP-01,deposition,precursor_flow_sccm,30.2527,0,2024-03-13T19:09:10
SR-0004339,W2403-0434,DEP-01,deposition,film_thickness_nm,49.9782,0,2024-03-13T19:18:10
SR-0004340,W2403-0434,DEP-01,deposition,film_thickness_nm,50.464,0,2024-03-13T19:28:10
SR-0004341,W2403-0435,LIT-01,litho,exposure_energy_mj,25.3753,0,2024-03-13T21:53:05
SR-0004342,W2403-0435,LIT-01,litho,exposure_energy_mj,25.2019,0,2024-03-13T22:01:05
SR-0004343,W2403-0435,LIT-01,litho,focus_offset_nm,-1.0057,0,2024-03-13T22:09:05
SR-0004344,W2403-0435,LIT-01,litho,focus_offset_nm,2.1953,0,2024-03-13T22:16:05
SR-0004345,W2403-0435,LIT-01,litho,stage_temp_c,21.9899,0,2024-03-13T22:25:05
SR-0004346,W2403-0435,LIT-01,litho,stage_temp_c,22.1195,0,2024-03-13T22:32:05
SR-0004347,W2403-0435,LIT-01,litho,humidity_pct,46.6377,0,2024-03-13T22:40:05
SR-0004348,W2403-0435,LIT-01,litho,humidity_pct,46.9261,0,2024-03-13T22:48:05
SR-0004349,W2403-0435,LIT-01,litho,dose_uniformity_pct,98.4933,0,2024-03-13T22:57:05
SR-0004350,W2403-0435,LIT-01,litho,dose_uniformity_pct,98.5761,0,2024-03-13T23:02:05
SR-0004351,W2403-0436,ETCH-01,etch,etch_temp_c,171.7197,0,2024-03-14T01:50:24
SR-0004352,W2403-0436,ETCH-01,etch,etch_temp_c,175.1951,0,2024-03-14T01:58:24
SR-0004353,W2403-0436,ETCH-01,etch,etch_pressure_mtorr,8.9304,0,2024-03-14T02:05:24
SR-0004354,W2403-0436,ETCH-01,etch,etch_pressure_mtorr,10.1578,1,2024-03-14T02:12:24
SR-0004355,W2403-0436,ETCH-01,etch,rf_power_w,402.8236,0,2024-03-14T02:20:24
SR-0004356,W2403-0436,ETCH-01,etch,rf_power_w,368.066,0,2024-03-14T02:30:24
SR-0004357,W2403-0436,ETCH-01,etch,gas_flow_sccm,49.4778,0,2024-03-14T02:38:24
SR-0004358,W2403-0436,ETCH-01,etch,gas_flow_sccm,47.5729,0,2024-03-14T02:44:24
SR-0004359,W2403-0436,ETCH-01,etch,endpoint_time_s,121.864,0,2024-03-14T02:53:24
SR-0004360,W2403-0436,ETCH-01,etch,endpoint_time_s,110.4773,0,2024-03-14T03:01:24
SR-0004361,W2403-0437,DEP-01,deposition,dep_temp_c,307.1444,0,2024-03-14T05:58:44
SR-0004362,W2403-0437,DEP-01,deposition,dep_temp_c,301.8979,0,2024-03-14T06:05:44
SR-0004363,W2403-0437,DEP-01,deposition,dep_pressure_mtorr,4.8206,0,2024-03-14T06:14:44
SR-0004364,W2403-0437,DEP-01,deposition,dep_pressure_mtorr,4.9708,0,2024-03-14T06:22:44
SR-0004365,W2403-0437,DEP-01,deposition,rf_power_w,366.0552,0,2024-03-14T06:29:44
SR-0004366,W2403-0437,DEP-01,deposition,rf_power_w,384.4217,0,2024-03-14T06:38:44
SR-0004367,W2403-0437,DEP-01,deposition,precursor_flow_sccm,28.6467,0,2024-03-14T06:46:44
SR-0004368,W2403-0437,DEP-01,deposition,precursor_flow_sccm,29.5144,0,2024-03-14T06:54:44
SR-0004369,W2403-0437,DEP-01,deposition,film_thickness_nm,50.3259,0,2024-03-14T07:02:44
SR-0004370,W2403-0437,DEP-01,deposition,film_thickness_nm,50.9221,0,2024-03-14T07:10:44
SR-0004371,W2403-0438,ETCH-01,etch,etch_temp_c,170.831,0,2024-03-14T09:53:06
SR-0004372,W2403-0438,ETCH-01,etch,etch_temp_c,176.5247,0,2024-03-14T10:01:06
SR-0004373,W2403-0438,ETCH-01,etch,etch_pressure_mtorr,8.7463,0,2024-03-14T10:09:06
SR-0004374,W2403-0438,ETCH-01,etch,etch_pressure_mtorr,9.4971,0,2024-03-14T10:15:06
SR-0004375,W2403-0438,ETCH-01,etch,rf_power_w,369.5663,0,2024-03-14T10:24:06
SR-0004376,W2403-0438,ETCH-01,etch,rf_power_w,391.4129,0,2024-03-14T10:32:06
SR-0004377,W2403-0438,ETCH-01,etch,gas_flow_sccm,50.0034,0,2024-03-14T10:39:06
SR-0004378,W2403-0438,ETCH-01,etch,gas_flow_sccm,52.4404,0,2024-03-14T10:46:06
SR-0004379,W2403-0438,ETCH-01,etch,endpoint_time_s,116.7968,0,2024-03-14T10:54:06
SR-0004380,W2403-0438,ETCH-01,etch,endpoint_time_s,120.0893,0,2024-03-14T11:05:06
SR-0004381,W2403-0439,DEP-02,deposition,dep_temp_c,297.2521,0,2024-03-14T13:49:01
SR-0004382,W2403-0439,DEP-02,deposition,dep_temp_c,300.8304,0,2024-03-14T13:57:01
SR-0004383,W2403-0439,DEP-02,deposition,dep_pressure_mtorr,4.4581,0,2024-03-14T14:07:01
SR-0004384,W2403-0439,DEP-02,deposition,dep_pressure_mtorr,5.0978,0,2024-03-14T14:15:01
SR-0004385,W2403-0439,DEP-02,deposition,rf_power_w,358.9405,0,2024-03-14T14:21:01
SR-0004386,W2403-0439,DEP-02,deposition,rf_power_w,380.1249,0,2024-03-14T14:29:01
SR-0004387,W2403-0439,DEP-02,deposition,precursor_flow_sccm,31.3933,0,2024-03-14T14:38:01
SR-0004388,W2403-0439,DEP-02,deposition,precursor_flow_sccm,30.9655,0,2024-03-14T14:45:01
SR-0004389,W2403-0439,DEP-02,deposition,film_thickness_nm,50.7824,0,2024-03-14T14:53:01
SR-0004390,W2403-0439,DEP-02,deposition,film_thickness_nm,48.5999,0,2024-03-14T15:02:01
SR-0004391,W2403-0440,ETCH-02,etch,etch_temp_c,176.5606,0,2024-03-14T17:45:25
SR-0004392,W2403-0440,ETCH-02,etch,etch_temp_c,172.6244,0,2024-03-14T17:53:25
SR-0004393,W2403-0440,ETCH-02,etch,etch_pressure_mtorr,7.5408,0,2024-03-14T18:04:25
SR-0004394,W2403-0440,ETCH-02,etch,etch_pressure_mtorr,8.06,0,2024-03-14T18:09:25
SR-0004395,W2403-0440,ETCH-02,etch,rf_power_w,396.0091,0,2024-03-14T18:20:25
SR-0004396,W2403-0440,ETCH-02,etch,rf_power_w,397.5818,0,2024-03-14T18:27:25
SR-0004397,W2403-0440,ETCH-02,etch,gas_flow_sccm,53.3885,0,2024-03-14T18:35:25
SR-0004398,W2403-0440,ETCH-02,etch,gas_flow_sccm,50.5496,0,2024-03-14T18:43:25
SR-0004399,W2403-0440,ETCH-02,etch,endpoint_time_s,119.5487,0,2024-03-14T18:49:25
SR-0004400,W2403-0440,ETCH-02,etch,endpoint_time_s,116.3199,0,2024-03-14T18:58:25
SR-0004401,W2403-0441,ETCH-03,etch,etch_temp_c,190.732,1,2024-03-14T21:40:31
SR-0004402,W2403-0441,ETCH-03,etch,etch_temp_c,188.0947,0,2024-03-14T21:45:31
SR-0004403,W2403-0441,ETCH-03,etch,etch_pressure_mtorr,7.6438,0,2024-03-14T21:53:31
SR-0004404,W2403-0441,ETCH-03,etch,etch_pressure_mtorr,8.6799,0,2024-03-14T22:03:31
SR-0004405,W2403-0441,ETCH-03,etch,rf_power_w,379.6931,0,2024-03-14T22:10:31
SR-0004406,W2403-0441,ETCH-03,etch,rf_power_w,395.1191,0,2024-03-14T22:20:31
SR-0004407,W2403-0441,ETCH-03,etch,gas_flow_sccm,47.836,0,2024-03-14T22:28:31
SR-0004408,W2403-0441,ETCH-03,etch,gas_flow_sccm,50.8838,0,2024-03-14T22:35:31
SR-0004409,W2403-0441,ETCH-03,etch,endpoint_time_s,120.8215,0,2024-03-14T22:43:31
SR-0004410,W2403-0441,ETCH-03,etch,endpoint_time_s,125.9067,0,2024-03-14T22:51:31
SR-0004411,W2403-0442,IMP-01,implant,beam_current_ma,9.5971,0,2024-03-15T01:11:57
SR-0004412,W2403-0442,IMP-01,implant,beam_current_ma,9.8105,0,2024-03-15T01:18:57
SR-0004413,W2403-0442,IMP-01,implant,beam_energy_kev,48.6809,0,2024-03-15T01:24:57
SR-0004414,W2403-0442,IMP-01,implant,beam_energy_kev,53.1501,0,2024-03-15T01:35:57
SR-0004415,W2403-0442,IMP-01,implant,scan_speed_mm_s,100.641,0,2024-03-15T01:41:57
SR-0004416,W2403-0442,IMP-01,implant,scan_speed_mm_s,96.9642,0,2024-03-15T01:51:57
SR-0004417,W2403-0442,IMP-01,implant,dose_uniformity_pct,98.3184,0,2024-03-15T01:58:57
SR-0004418,W2403-0442,IMP-01,implant,dose_uniformity_pct,99.1919,0,2024-03-15T02:07:57
SR-0004419,W2403-0442,IMP-01,implant,tilt_angle_deg,7.2118,0,2024-03-15T02:15:57
SR-0004420,W2403-0442,IMP-01,implant,tilt_angle_deg,6.6831,0,2024-03-15T02:23:57
SR-0004421,W2403-0443,IMP-02,implant,beam_current_ma,9.3724,0,2024-03-15T05:24:29
SR-0004422,W2403-0443,IMP-02,implant,beam_current_ma,9.4637,0,2024-03-15T05:32:29
SR-0004423,W2403-0443,IMP-02,implant,beam_energy_kev,48.407,0,2024-03-15T05:40:29
SR-0004424,W2403-0443,IMP-02,implant,beam_energy_kev,52.5143,0,2024-03-15T05:50:29
SR-0004425,W2403-0443,IMP-02,implant,scan_speed_mm_s,105.7177,0,2024-03-15T05:59:29
SR-0004426,W2403-0443,IMP-02,implant,scan_speed_mm_s,103.1739,0,2024-03-15T06:04:29
SR-0004427,W2403-0443,IMP-02,implant,dose_uniformity_pct,97.7701,0,2024-03-15T06:14:29
SR-0004428,W2403-0443,IMP-02,implant,dose_uniformity_pct,98.1755,0,2024-03-15T06:23:29
SR-0004429,W2403-0443,IMP-02,implant,tilt_angle_deg,6.828,0,2024-03-15T06:28:29
SR-0004430,W2403-0443,IMP-02,implant,tilt_angle_deg,7.3408,0,2024-03-15T06:39:29
SR-0004431,W2403-0444,ETCH-03,etch,etch_temp_c,187.7226,0,2024-03-15T09:25:00
SR-0004432,W2403-0444,ETCH-03,etch,etch_temp_c,193.9699,1,2024-03-15T09:32:00
SR-0004433,W2403-0444,ETCH-03,etch,etch_pressure_mtorr,8.1825,0,2024-03-15T09:42:00
SR-0004434,W2403-0444,ETCH-03,etch,etch_pressure_mtorr,8.7902,0,2024-03-15T09:51:00
SR-0004435,W2403-0444,ETCH-03,etch,rf_power_w,367.0965,0,2024-03-15T09:58:00
SR-0004436,W2403-0444,ETCH-03,etch,rf_power_w,365.6624,0,2024-03-15T10:06:00
SR-0004437,W2403-0444,ETCH-03,etch,gas_flow_sccm,52.353,0,2024-03-15T10:13:00
SR-0004438,W2403-0444,ETCH-03,etch,gas_flow_sccm,49.4171,0,2024-03-15T10:22:00
SR-0004439,W2403-0444,ETCH-03,etch,endpoint_time_s,128.6275,0,2024-03-15T10:31:00
SR-0004440,W2403-0444,ETCH-03,etch,endpoint_time_s,117.769,0,2024-03-15T10:37:00
SR-0004441,W2403-0445,IMP-02,implant,beam_current_ma,9.3263,0,2024-03-15T13:45:44
SR-0004442,W2403-0445,IMP-02,implant,beam_current_ma,9.0688,0,2024-03-15T13:54:44
SR-0004443,W2403-0445,IMP-02,implant,beam_energy_kev,48.5663,0,2024-03-15T14:03:44
SR-0004444,W2403-0445,IMP-02,implant,beam_energy_kev,50.0727,0,2024-03-15T14:09:44
SR-0004445,W2403-0445,IMP-02,implant,scan_speed_mm_s,91.2883,0,2024-03-15T14:19:44
SR-0004446,W2403-0445,IMP-02,implant,scan_speed_mm_s,102.7985,0,2024-03-15T14:25:44
SR-0004447,W2403-0445,IMP-02,implant,dose_uniformity_pct,98.1468,0,2024-03-15T14:34:44
SR-0004448,W2403-0445,IMP-02,implant,dose_uniformity_pct,98.6096,0,2024-03-15T14:40:44
SR-0004449,W2403-0445,IMP-02,implant,tilt_angle_deg,6.9186,0,2024-03-15T14:51:44
SR-0004450,W2403-0445,IMP-02,implant,tilt_angle_deg,6.9097,0,2024-03-15T14:57:44
SR-0004451,W2403-0446,IMP-02,implant,beam_current_ma,10.5411,0,2024-03-15T17:52:35
SR-0004452,W2403-0446,IMP-02,implant,beam_current_ma,10.2915,0,2024-03-15T18:00:35
SR-0004453,W2403-0446,IMP-02,implant,beam_energy_kev,53.7607,0,2024-03-15T18:07:35
SR-0004454,W2403-0446,IMP-02,implant,beam_energy_kev,48.8843,0,2024-03-15T18:15:35
SR-0004455,W2403-0446,IMP-02,implant,scan_speed_mm_s,104.5839,0,2024-03-15T18:22:35
SR-0004456,W2403-0446,IMP-02,implant,scan_speed_mm_s,104.2709,0,2024-03-15T18:29:35
SR-0004457,W2403-0446,IMP-02,implant,dose_uniformity_pct,98.3884,0,2024-03-15T18:38:35
SR-0004458,W2403-0446,IMP-02,implant,dose_uniformity_pct,97.5472,0,2024-03-15T18:47:35
SR-0004459,W2403-0446,IMP-02,implant,tilt_angle_deg,6.7847,0,2024-03-15T18:54:35
SR-0004460,W2403-0446,IMP-02,implant,tilt_angle_deg,6.7528,0,2024-03-15T19:02:35
SR-0004461,W2403-0447,DEP-02,deposition,dep_temp_c,304.6122,0,2024-03-15T22:17:26
SR-0004462,W2403-0447,DEP-02,deposition,dep_temp_c,305.6868,0,2024-03-15T22:28:26
SR-0004463,W2403-0447,DEP-02,deposition,dep_pressure_mtorr,5.2182,0,2024-03-15T22:35:26
SR-0004464,W2403-0447,DEP-02,deposition,dep_pressure_mtorr,5.1666,0,2024-03-15T22:43:26
SR-0004465,W2403-0447,DEP-02,deposition,rf_power_w,410.6271,0,2024-03-15T22:49:26
SR-0004466,W2403-0447,DEP-02,deposition,rf_power_w,432.3424,1,2024-03-15T22:59:26
SR-0004467,W2403-0447,DEP-02,deposition,precursor_flow_sccm,27.9745,0,2024-03-15T23:05:26
SR-0004468,W2403-0447,DEP-02,deposition,precursor_flow_sccm,29.521,0,2024-03-15T23:13:26
SR-0004469,W2403-0447,DEP-02,deposition,film_thickness_nm,50.6382,0,2024-03-15T23:22:26
SR-0004470,W2403-0447,DEP-02,deposition,film_thickness_nm,48.5829,0,2024-03-15T23:31:26
SR-0004471,W2403-0448,ETCH-01,etch,etch_temp_c,173.6779,0,2024-03-16T02:06:31
SR-0004472,W2403-0448,ETCH-01,etch,etch_temp_c,169.3252,0,2024-03-16T02:15:31
SR-0004473,W2403-0448,ETCH-01,etch,etch_pressure_mtorr,9.1864,0,2024-03-16T02:23:31
SR-0004474,W2403-0448,ETCH-01,etch,etch_pressure_mtorr,9.4324,0,2024-03-16T02:30:31
SR-0004475,W2403-0448,ETCH-01,etch,rf_power_w,389.9644,0,2024-03-16T02:41:31
SR-0004476,W2403-0448,ETCH-01,etch,rf_power_w,388.1455,0,2024-03-16T02:47:31
SR-0004477,W2403-0448,ETCH-01,etch,gas_flow_sccm,48.2384,0,2024-03-16T02:57:31
SR-0004478,W2403-0448,ETCH-01,etch,gas_flow_sccm,50.9456,0,2024-03-16T03:05:31
SR-0004479,W2403-0448,ETCH-01,etch,endpoint_time_s,125.5643,0,2024-03-16T03:13:31
SR-0004480,W2403-0448,ETCH-01,etch,endpoint_time_s,119.8422,0,2024-03-16T03:20:31
SR-0004481,W2403-0449,CMP-02,cmp,polish_pressure_psi,3.1868,0,2024-03-16T05:47:50
SR-0004482,W2403-0449,CMP-02,cmp,polish_pressure_psi,3.327,0,2024-03-16T05:54:50
SR-0004483,W2403-0449,CMP-02,cmp,platen_speed_rpm,91.9915,0,2024-03-16T06:03:50
SR-0004484,W2403-0449,CMP-02,cmp,platen_speed_rpm,88.0619,0,2024-03-16T06:10:50
SR-0004485,W2403-0449,CMP-02,cmp,slurry_flow_ml_min,198.9952,0,2024-03-16T06:19:50
SR-0004486,W2403-0449,CMP-02,cmp,slurry_flow_ml_min,218.6571,0,2024-03-16T06:26:50
SR-0004487,W2403-0449,CMP-02,cmp,removal_rate_ang_min,1387.1573,0,2024-03-16T06:34:50
SR-0004488,W2403-0449,CMP-02,cmp,removal_rate_ang_min,1591.7282,0,2024-03-16T06:44:50
SR-0004489,W2403-0449,CMP-02,cmp,friction_coeff,0.3882,0,2024-03-16T06:51:50
SR-0004490,W2403-0449,CMP-02,cmp,friction_coeff,0.3944,0,2024-03-16T06:58:50
SR-0004491,W2403-0450,ETCH-02,etch,etch_temp_c,178.435,0,2024-03-16T09:25:05
SR-0004492,W2403-0450,ETCH-02,etch,etch_temp_c,174.1262,0,2024-03-16T09:32:05
SR-0004493,W2403-0450,ETCH-02,etch,etch_pressure_mtorr,7.2953,0,2024-03-16T09:42:05
SR-0004494,W2403-0450,ETCH-02,etch,etch_pressure_mtorr,7.8859,0,2024-03-16T09:50:05
SR-0004495,W2403-0450,ETCH-02,etch,rf_power_w,408.3463,0,2024-03-16T09:58:05
SR-0004496,W2403-0450,ETCH-02,etch,rf_power_w,363.9445,0,2024-03-16T10:04:05
SR-0004497,W2403-0450,ETCH-02,etch,gas_flow_sccm,50.0386,0,2024-03-16T10:11:05
SR-0004498,W2403-0450,ETCH-02,etch,gas_flow_sccm,47.6203,0,2024-03-16T10:19:05
SR-0004499,W2403-0450,ETCH-02,etch,endpoint_time_s,117.6463,0,2024-03-16T10:29:05
SR-0004500,W2403-0450,ETCH-02,etch,endpoint_time_s,112.2573,0,2024-03-16T10:35:05
SR-0004501,W2403-0451,IMP-01,implant,beam_current_ma,10.1145,0,2024-03-16T13:04:33
SR-0004502,W2403-0451,IMP-01,implant,beam_current_ma,10.7302,0,2024-03-16T13:12:33
SR-0004503,W2403-0451,IMP-01,implant,beam_energy_kev,51.2729,0,2024-03-16T13:18:33
SR-0004504,W2403-0451,IMP-01,implant,beam_energy_kev,49.4734,0,2024-03-16T13:27:33
SR-0004505,W2403-0451,IMP-01,implant,scan_speed_mm_s,94.342,0,2024-03-16T13:37:33
SR-0004506,W2403-0451,IMP-01,implant,scan_speed_mm_s,101.1896,0,2024-03-16T13:44:33
SR-0004507,W2403-0451,IMP-01,implant,dose_uniformity_pct,99.0354,0,2024-03-16T13:52:33
SR-0004508,W2403-0451,IMP-01,implant,dose_uniformity_pct,98.5978,0,2024-03-16T14:01:33
SR-0004509,W2403-0451,IMP-01,implant,tilt_angle_deg,7.3558,0,2024-03-16T14:07:33
SR-0004510,W2403-0451,IMP-01,implant,tilt_angle_deg,7.0573,0,2024-03-16T14:16:33
SR-0004511,W2403-0452,DEP-02,deposition,dep_temp_c,286.0716,0,2024-03-16T16:41:26
SR-0004512,W2403-0452,DEP-02,deposition,dep_temp_c,301.6221,0,2024-03-16T16:51:26
SR-0004513,W2403-0452,DEP-02,deposition,dep_pressure_mtorr,4.982,0,2024-03-16T16:57:26
SR-0004514,W2403-0452,DEP-02,deposition,dep_pressure_mtorr,5.0177,0,2024-03-16T17:05:26
SR-0004515,W2403-0452,DEP-02,deposition,rf_power_w,374.3114,0,2024-03-16T17:16:26
SR-0004516,W2403-0452,DEP-02,deposition,rf_power_w,377.0045,0,2024-03-16T17:22:26
SR-0004517,W2403-0452,DEP-02,deposition,precursor_flow_sccm,27.5823,0,2024-03-16T17:30:26
SR-0004518,W2403-0452,DEP-02,deposition,precursor_flow_sccm,30.1883,0,2024-03-16T17:40:26
SR-0004519,W2403-0452,DEP-02,deposition,film_thickness_nm,49.79,0,2024-03-16T17:45:26
SR-0004520,W2403-0452,DEP-02,deposition,film_thickness_nm,49.7814,0,2024-03-16T17:56:26
SR-0004521,W2403-0453,CMP-02,cmp,polish_pressure_psi,3.5775,0,2024-03-16T21:13:53
SR-0004522,W2403-0453,CMP-02,cmp,polish_pressure_psi,3.5663,0,2024-03-16T21:21:53
SR-0004523,W2403-0453,CMP-02,cmp,platen_speed_rpm,85.3892,0,2024-03-16T21:27:53
SR-0004524,W2403-0453,CMP-02,cmp,platen_speed_rpm,91.824,0,2024-03-16T21:36:53
SR-0004525,W2403-0453,CMP-02,cmp,slurry_flow_ml_min,194.793,0,2024-03-16T21:44:53
SR-0004526,W2403-0453,CMP-02,cmp,slurry_flow_ml_min,204.6726,0,2024-03-16T21:52:53
SR-0004527,W2403-0453,CMP-02,cmp,removal_rate_ang_min,1547.6227,0,2024-03-16T22:01:53
SR-0004528,W2403-0453,CMP-02,cmp,removal_rate_ang_min,1532.7016,0,2024-03-16T22:07:53
SR-0004529,W2403-0453,CMP-02,cmp,friction_coeff,0.3626,0,2024-03-16T22:15:53
SR-0004530,W2403-0453,CMP-02,cmp,friction_coeff,0.3243,0,2024-03-16T22:22:53
SR-0004531,W2403-0454,LIT-01,litho,exposure_energy_mj,25.5807,0,2024-03-17T01:10:36
SR-0004532,W2403-0454,LIT-01,litho,exposure_energy_mj,24.7879,0,2024-03-17T01:18:36
SR-0004533,W2403-0454,LIT-01,litho,focus_offset_nm,0.2655,0,2024-03-17T01:24:36
SR-0004534,W2403-0454,LIT-01,litho,focus_offset_nm,0.5147,0,2024-03-17T01:32:36
SR-0004535,W2403-0454,LIT-01,litho,stage_temp_c,21.9512,0,2024-03-17T01:42:36
SR-0004536,W2403-0454,LIT-01,litho,stage_temp_c,22.0097,0,2024-03-17T01:48:36
SR-0004537,W2403-0454,LIT-01,litho,humidity_pct,45.0996,0,2024-03-17T01:56:36
SR-0004538,W2403-0454,LIT-01,litho,humidity_pct,43.8086,0,2024-03-17T02:06:36
SR-0004539,W2403-0454,LIT-01,litho,dose_uniformity_pct,98.8787,0,2024-03-17T02:12:36
SR-0004540,W2403-0454,LIT-01,litho,dose_uniformity_pct,98.8107,0,2024-03-17T02:23:36
SR-0004541,W2403-0455,DIFF-02,diffusion,furnace_temp_c,949.1123,0,2024-03-17T05:01:56
SR-0004542,W2403-0455,DIFF-02,diffusion,furnace_temp_c,936.6937,0,2024-03-17T05:08:56
SR-0004543,W2403-0455,DIFF-02,diffusion,ramp_rate_c_min,9.7007,0,2024-03-17T05:17:56
SR-0004544,W2403-0455,DIFF-02,diffusion,ramp_rate_c_min,9.4709,0,2024-03-17T05:27:56
SR-0004545,W2403-0455,DIFF-02,diffusion,ambient_pressure_torr,758.468,0,2024-03-17T05:33:56
SR-0004546,W2403-0455,DIFF-02,diffusion,ambient_pressure_torr,756.3335,0,2024-03-17T05:43:56
SR-0004547,W2403-0455,DIFF-02,diffusion,gas_ratio,1.9916,0,2024-03-17T05:48:56
SR-0004548,W2403-0455,DIFF-02,diffusion,gas_ratio,1.8315,0,2024-03-17T05:56:56
SR-0004549,W2403-0455,DIFF-02,diffusion,anneal_time_min,26.7519,0,2024-03-17T06:06:56
SR-0004550,W2403-0455,DIFF-02,diffusion,anneal_time_min,30.8767,0,2024-03-17T06:13:56
SR-0004551,W2403-0456,IMP-02,implant,beam_current_ma,9.9052,0,2024-03-17T09:31:46
SR-0004552,W2403-0456,IMP-02,implant,beam_current_ma,10.4752,0,2024-03-17T09:39:46
SR-0004553,W2403-0456,IMP-02,implant,beam_energy_kev,48.6233,0,2024-03-17T09:48:46
SR-0004554,W2403-0456,IMP-02,implant,beam_energy_kev,54.249,0,2024-03-17T09:57:46
SR-0004555,W2403-0456,IMP-02,implant,scan_speed_mm_s,95.6249,0,2024-03-17T10:05:46
SR-0004556,W2403-0456,IMP-02,implant,scan_speed_mm_s,106.977,0,2024-03-17T10:10:46
SR-0004557,W2403-0456,IMP-02,implant,dose_uniformity_pct,98.2439,0,2024-03-17T10:20:46
SR-0004558,W2403-0456,IMP-02,implant,dose_uniformity_pct,98.5066,0,2024-03-17T10:29:46
SR-0004559,W2403-0456,IMP-02,implant,tilt_angle_deg,7.1104,0,2024-03-17T10:35:46
SR-0004560,W2403-0456,IMP-02,implant,tilt_angle_deg,7.0159,0,2024-03-17T10:42:46
SR-0004561,W2403-0457,CMP-01,cmp,polish_pressure_psi,3.4439,0,2024-03-17T13:23:40
SR-0004562,W2403-0457,CMP-01,cmp,polish_pressure_psi,3.6638,0,2024-03-17T13:28:40
SR-0004563,W2403-0457,CMP-01,cmp,platen_speed_rpm,79.8289,0,2024-03-17T13:36:40
SR-0004564,W2403-0457,CMP-01,cmp,platen_speed_rpm,87.727,0,2024-03-17T13:47:40
SR-0004565,W2403-0457,CMP-01,cmp,slurry_flow_ml_min,192.4747,0,2024-03-17T13:53:40
SR-0004566,W2403-0457,CMP-01,cmp,slurry_flow_ml_min,198.9037,0,2024-03-17T14:01:40
SR-0004567,W2403-0457,CMP-01,cmp,removal_rate_ang_min,1526.4166,0,2024-03-17T14:10:40
SR-0004568,W2403-0457,CMP-01,cmp,removal_rate_ang_min,1549.5094,0,2024-03-17T14:19:40
SR-0004569,W2403-0457,CMP-01,cmp,friction_coeff,0.3391,0,2024-03-17T14:27:40
SR-0004570,W2403-0457,CMP-01,cmp,friction_coeff,0.3557,0,2024-03-17T14:32:40
SR-0004571,W2403-0458,CMP-01,cmp,polish_pressure_psi,3.5217,0,2024-03-17T17:18:39
SR-0004572,W2403-0458,CMP-01,cmp,polish_pressure_psi,3.2457,0,2024-03-17T17:26:39
SR-0004573,W2403-0458,CMP-01,cmp,platen_speed_rpm,87.4251,0,2024-03-17T17:35:39
SR-0004574,W2403-0458,CMP-01,cmp,platen_speed_rpm,98.5716,0,2024-03-17T17:40:39
SR-0004575,W2403-0458,CMP-01,cmp,slurry_flow_ml_min,199.1686,0,2024-03-17T17:48:39
SR-0004576,W2403-0458,CMP-01,cmp,slurry_flow_ml_min,201.6396,0,2024-03-17T17:57:39
SR-0004577,W2403-0458,CMP-01,cmp,removal_rate_ang_min,1519.9971,0,2024-03-17T18:06:39
SR-0004578,W2403-0458,CMP-01,cmp,removal_rate_ang_min,1495.8307,0,2024-03-17T18:12:39
SR-0004579,W2403-0458,CMP-01,cmp,friction_coeff,0.313,0,2024-03-17T18:22:39
SR-0004580,W2403-0458,CMP-01,cmp,friction_coeff,0.3291,0,2024-03-17T18:28:39
SR-0004581,W2403-0459,CMP-01,cmp,polish_pressure_psi,3.6232,0,2024-03-17T21:00:53
SR-0004582,W2403-0459,CMP-01,cmp,polish_pressure_psi,3.4825,0,2024-03-17T21:06:53
SR-0004583,W2403-0459,CMP-01,cmp,platen_speed_rpm,83.9236,0,2024-03-17T21:15:53
SR-0004584,W2403-0459,CMP-01,cmp,platen_speed_rpm,89.3658,0,2024-03-17T21:22:53
SR-0004585,W2403-0459,CMP-01,cmp,slurry_flow_ml_min,197.2538,0,2024-03-17T21:29:53
SR-0004586,W2403-0459,CMP-01,cmp,slurry_flow_ml_min,193.8201,0,2024-03-17T21:38:53
SR-0004587,W2403-0459,CMP-01,cmp,removal_rate_ang_min,1508.5087,0,2024-03-17T21:47:53
SR-0004588,W2403-0459,CMP-01,cmp,removal_rate_ang_min,1530.2552,0,2024-03-17T21:54:53
SR-0004589,W2403-0459,CMP-01,cmp,friction_coeff,0.359,0,2024-03-17T22:01:53
SR-0004590,W2403-0459,CMP-01,cmp,friction_coeff,0.3782,0,2024-03-17T22:09:53
SR-0004591,W2403-0460,IMP-02,implant,beam_current_ma,10.1374,0,2024-03-18T01:07:02
SR-0004592,W2403-0460,IMP-02,implant,beam_current_ma,10.3706,0,2024-03-18T01:15:02
SR-0004593,W2403-0460,IMP-02,implant,beam_energy_kev,50.0442,0,2024-03-18T01:22:02
SR-0004594,W2403-0460,IMP-02,implant,beam_energy_kev,53.7315,0,2024-03-18T01:31:02
SR-0004595,W2403-0460,IMP-02,implant,scan_speed_mm_s,99.2414,0,2024-03-18T01:40:02
SR-0004596,W2403-0460,IMP-02,implant,scan_speed_mm_s,102.6552,0,2024-03-18T01:46:02
SR-0004597,W2403-0460,IMP-02,implant,dose_uniformity_pct,98.5767,0,2024-03-18T01:55:02
SR-0004598,W2403-0460,IMP-02,implant,dose_uniformity_pct,98.8865,0,2024-03-18T02:03:02
SR-0004599,W2403-0460,IMP-02,implant,tilt_angle_deg,6.8583,0,2024-03-18T02:10:02
SR-0004600,W2403-0460,IMP-02,implant,tilt_angle_deg,7.2709,0,2024-03-18T02:19:02
SR-0004601,W2403-0461,ETCH-02,etch,etch_temp_c,173.3994,0,2024-03-18T04:43:18
SR-0004602,W2403-0461,ETCH-02,etch,etch_temp_c,173.8599,0,2024-03-18T04:51:18
SR-0004603,W2403-0461,ETCH-02,etch,etch_pressure_mtorr,7.5176,0,2024-03-18T04:59:18
SR-0004604,W2403-0461,ETCH-02,etch,etch_pressure_mtorr,7.8112,0,2024-03-18T05:07:18
SR-0004605,W2403-0461,ETCH-02,etch,rf_power_w,411.7639,0,2024-03-18T05:14:18
SR-0004606,W2403-0461,ETCH-02,etch,rf_power_w,362.978,0,2024-03-18T05:23:18
SR-0004607,W2403-0461,ETCH-02,etch,gas_flow_sccm,48.3482,0,2024-03-18T05:28:18
SR-0004608,W2403-0461,ETCH-02,etch,gas_flow_sccm,49.2731,0,2024-03-18T05:37:18
SR-0004609,W2403-0461,ETCH-02,etch,endpoint_time_s,114.8512,0,2024-03-18T05:44:18
SR-0004610,W2403-0461,ETCH-02,etch,endpoint_time_s,118.394,0,2024-03-18T05:55:18
SR-0004611,W2403-0462,CMP-02,cmp,polish_pressure_psi,3.4247,0,2024-03-18T08:25:15
SR-0004612,W2403-0462,CMP-02,cmp,polish_pressure_psi,3.5724,0,2024-03-18T08:35:15
SR-0004613,W2403-0462,CMP-02,cmp,platen_speed_rpm,94.0682,0,2024-03-18T08:44:15
SR-0004614,W2403-0462,CMP-02,cmp,platen_speed_rpm,89.1088,0,2024-03-18T08:51:15
SR-0004615,W2403-0462,CMP-02,cmp,slurry_flow_ml_min,208.02,0,2024-03-18T08:57:15
SR-0004616,W2403-0462,CMP-02,cmp,slurry_flow_ml_min,200.6916,0,2024-03-18T09:06:15
SR-0004617,W2403-0462,CMP-02,cmp,removal_rate_ang_min,1450.001,0,2024-03-18T09:13:15
SR-0004618,W2403-0462,CMP-02,cmp,removal_rate_ang_min,1444.7411,0,2024-03-18T09:22:15
SR-0004619,W2403-0462,CMP-02,cmp,friction_coeff,0.3381,0,2024-03-18T09:29:15
SR-0004620,W2403-0462,CMP-02,cmp,friction_coeff,0.3358,0,2024-03-18T09:38:15
SR-0004621,W2403-0463,CMP-02,cmp,polish_pressure_psi,3.5187,0,2024-03-18T12:29:11
SR-0004622,W2403-0463,CMP-02,cmp,polish_pressure_psi,3.5637,0,2024-03-18T12:37:11
SR-0004623,W2403-0463,CMP-02,cmp,platen_speed_rpm,87.2322,0,2024-03-18T12:46:11
SR-0004624,W2403-0463,CMP-02,cmp,platen_speed_rpm,85.5707,0,2024-03-18T12:54:11
SR-0004625,W2403-0463,CMP-02,cmp,slurry_flow_ml_min,203.7709,0,2024-03-18T13:04:11
SR-0004626,W2403-0463,CMP-02,cmp,slurry_flow_ml_min,197.6259,0,2024-03-18T13:10:11
SR-0004627,W2403-0463,CMP-02,cmp,removal_rate_ang_min,1491.7126,0,2024-03-18T13:18:11
SR-0004628,W2403-0463,CMP-02,cmp,removal_rate_ang_min,1497.6518,0,2024-03-18T13:25:11
SR-0004629,W2403-0463,CMP-02,cmp,friction_coeff,0.3411,0,2024-03-18T13:34:11
SR-0004630,W2403-0463,CMP-02,cmp,friction_coeff,0.3101,0,2024-03-18T13:42:11
SR-0004631,W2403-0464,LIT-02,litho,exposure_energy_mj,26.0292,0,2024-03-18T16:20:19
SR-0004632,W2403-0464,LIT-02,litho,exposure_energy_mj,23.9538,0,2024-03-18T16:26:19
SR-0004633,W2403-0464,LIT-02,litho,focus_offset_nm,1.0176,0,2024-03-18T16:37:19
SR-0004634,W2403-0464,LIT-02,litho,focus_offset_nm,-3.5325,0,2024-03-18T16:42:19
SR-0004635,W2403-0464,LIT-02,litho,stage_temp_c,22.3316,0,2024-03-18T16:51:19
SR-0004636,W2403-0464,LIT-02,litho,stage_temp_c,22.053,0,2024-03-18T17:01:19
SR-0004637,W2403-0464,LIT-02,litho,humidity_pct,46.8049,0,2024-03-18T17:06:19
SR-0004638,W2403-0464,LIT-02,litho,humidity_pct,45.7857,0,2024-03-18T17:15:19
SR-0004639,W2403-0464,LIT-02,litho,dose_uniformity_pct,98.3629,0,2024-03-18T17:24:19
SR-0004640,W2403-0464,LIT-02,litho,dose_uniformity_pct,98.2394,0,2024-03-18T17:32:19
SR-0004641,W2403-0465,LIT-01,litho,exposure_energy_mj,24.9027,0,2024-03-18T20:48:17
SR-0004642,W2403-0465,LIT-01,litho,exposure_energy_mj,25.1404,0,2024-03-18T20:56:17
SR-0004643,W2403-0465,LIT-01,litho,focus_offset_nm,0.4727,0,2024-03-18T21:05:17
SR-0004644,W2403-0465,LIT-01,litho,focus_offset_nm,-0.2857,0,2024-03-18T21:12:17
SR-0004645,W2403-0465,LIT-01,litho,stage_temp_c,21.8261,0,2024-03-18T21:21:17
SR-0004646,W2403-0465,LIT-01,litho,stage_temp_c,22.2474,0,2024-03-18T21:28:17
SR-0004647,W2403-0465,LIT-01,litho,humidity_pct,42.3575,0,2024-03-18T21:39:17
SR-0004648,W2403-0465,LIT-01,litho,humidity_pct,46.0407,0,2024-03-18T21:47:17
SR-0004649,W2403-0465,LIT-01,litho,dose_uniformity_pct,98.5037,0,2024-03-18T21:52:17
SR-0004650,W2403-0465,LIT-01,litho,dose_uniformity_pct,99.0278,0,2024-03-18T22:00:17
SR-0004651,W2403-0466,ETCH-03,etch,etch_temp_c,187.0975,0,2024-03-19T00:37:17
SR-0004652,W2403-0466,ETCH-03,etch,etch_temp_c,191.3206,1,2024-03-19T00:44:17
SR-0004653,W2403-0466,ETCH-03,etch,etch_pressure_mtorr,7.7235,0,2024-03-19T00:53:17
SR-0004654,W2403-0466,ETCH-03,etch,etch_pressure_mtorr,7.2109,0,2024-03-19T01:01:17
SR-0004655,W2403-0466,ETCH-03,etch,rf_power_w,387.7457,0,2024-03-19T01:08:17
SR-0004656,W2403-0466,ETCH-03,etch,rf_power_w,354.8954,0,2024-03-19T01:17:17
SR-0004657,W2403-0466,ETCH-03,etch,gas_flow_sccm,54.9156,0,2024-03-19T01:25:17
SR-0004658,W2403-0466,ETCH-03,etch,gas_flow_sccm,51.0085,0,2024-03-19T01:32:17
SR-0004659,W2403-0466,ETCH-03,etch,endpoint_time_s,118.6021,0,2024-03-19T01:39:17
SR-0004660,W2403-0466,ETCH-03,etch,endpoint_time_s,124.3842,0,2024-03-19T01:47:17
SR-0004661,W2403-0467,DIFF-02,diffusion,furnace_temp_c,955.6088,0,2024-03-19T04:17:42
SR-0004662,W2403-0467,DIFF-02,diffusion,furnace_temp_c,960.3356,0,2024-03-19T04:24:42
SR-0004663,W2403-0467,DIFF-02,diffusion,ramp_rate_c_min,9.9944,0,2024-03-19T04:30:42
SR-0004664,W2403-0467,DIFF-02,diffusion,ramp_rate_c_min,9.6161,0,2024-03-19T04:38:42
SR-0004665,W2403-0467,DIFF-02,diffusion,ambient_pressure_torr,760.7023,0,2024-03-19T04:49:42
SR-0004666,W2403-0467,DIFF-02,diffusion,ambient_pressure_torr,756.5188,0,2024-03-19T04:55:42
SR-0004667,W2403-0467,DIFF-02,diffusion,gas_ratio,2.1099,0,2024-03-19T05:05:42
SR-0004668,W2403-0467,DIFF-02,diffusion,gas_ratio,2.0992,0,2024-03-19T05:11:42
SR-0004669,W2403-0467,DIFF-02,diffusion,anneal_time_min,31.9851,0,2024-03-19T05:21:42
SR-0004670,W2403-0467,DIFF-02,diffusion,anneal_time_min,28.1701,0,2024-03-19T05:29:42
SR-0004671,W2403-0468,DIFF-01,diffusion,furnace_temp_c,952.4724,0,2024-03-19T08:44:34
SR-0004672,W2403-0468,DIFF-01,diffusion,furnace_temp_c,955.332,0,2024-03-19T08:51:34
SR-0004673,W2403-0468,DIFF-01,diffusion,ramp_rate_c_min,9.8355,0,2024-03-19T08:59:34
SR-0004674,W2403-0468,DIFF-01,diffusion,ramp_rate_c_min,9.8645,0,2024-03-19T09:06:34
SR-0004675,W2403-0468,DIFF-01,diffusion,ambient_pressure_torr,759.0786,0,2024-03-19T09:14:34
SR-0004676,W2403-0468,DIFF-01,diffusion,ambient_pressure_torr,760.2684,0,2024-03-19T09:22:34
SR-0004677,W2403-0468,DIFF-01,diffusion,gas_ratio,2.0637,0,2024-03-19T09:31:34
SR-0004678,W2403-0468,DIFF-01,diffusion,gas_ratio,2.1021,0,2024-03-19T09:40:34
SR-0004679,W2403-0468,DIFF-01,diffusion,anneal_time_min,28.5226,0,2024-03-19T09:47:34
SR-0004680,W2403-0468,DIFF-01,diffusion,anneal_time_min,29.1435,0,2024-03-19T09:54:34
SR-0004681,W2403-0469,LIT-01,litho,exposure_energy_mj,24.7275,0,2024-03-19T12:33:06
SR-0004682,W2403-0469,LIT-01,litho,exposure_energy_mj,25.5639,0,2024-03-19T12:40:06
SR-0004683,W2403-0469,LIT-01,litho,focus_offset_nm,1.8338,0,2024-03-19T12:49:06
SR-0004684,W2403-0469,LIT-01,litho,focus_offset_nm,1.3286,0,2024-03-19T12:55:06
SR-0004685,W2403-0469,LIT-01,litho,stage_temp_c,22.044,0,2024-03-19T13:05:06
SR-0004686,W2403-0469,LIT-01,litho,stage_temp_c,22.1963,0,2024-03-19T13:13:06
SR-0004687,W2403-0469,LIT-01,litho,humidity_pct,43.7723,0,2024-03-19T13:18:06
SR-0004688,W2403-0469,LIT-01,litho,humidity_pct,43.9783,0,2024-03-19T13:27:06
SR-0004689,W2403-0469,LIT-01,litho,dose_uniformity_pct,98.0365,0,2024-03-19T13:36:06
SR-0004690,W2403-0469,LIT-01,litho,dose_uniformity_pct,99.2515,0,2024-03-19T13:43:06
SR-0004691,W2403-0470,DIFF-01,diffusion,furnace_temp_c,949.2245,0,2024-03-19T16:31:47
SR-0004692,W2403-0470,DIFF-01,diffusion,furnace_temp_c,941.9985,0,2024-03-19T16:37:47
SR-0004693,W2403-0470,DIFF-01,diffusion,ramp_rate_c_min,9.5919,0,2024-03-19T16:47:47
SR-0004694,W2403-0470,DIFF-01,diffusion,ramp_rate_c_min,9.8477,0,2024-03-19T16:53:47
SR-0004695,W2403-0470,DIFF-01,diffusion,ambient_pressure_torr,761.3727,0,2024-03-19T17:03:47
SR-0004696,W2403-0470,DIFF-01,diffusion,ambient_pressure_torr,758.1206,0,2024-03-19T17:08:47
SR-0004697,W2403-0470,DIFF-01,diffusion,gas_ratio,2.2127,0,2024-03-19T17:16:47
SR-0004698,W2403-0470,DIFF-01,diffusion,gas_ratio,2.0097,0,2024-03-19T17:24:47
SR-0004699,W2403-0470,DIFF-01,diffusion,anneal_time_min,29.1759,0,2024-03-19T17:32:47
SR-0004700,W2403-0470,DIFF-01,diffusion,anneal_time_min,29.5745,0,2024-03-19T17:42:47
SR-0004701,W2403-0471,LIT-01,litho,exposure_energy_mj,25.1892,0,2024-03-19T20:42:48
SR-0004702,W2403-0471,LIT-01,litho,exposure_energy_mj,24.9493,0,2024-03-19T20:51:48
SR-0004703,W2403-0471,LIT-01,litho,focus_offset_nm,-5.031,0,2024-03-19T20:57:48
SR-0004704,W2403-0471,LIT-01,litho,focus_offset_nm,-2.8547,0,2024-03-19T21:08:48
SR-0004705,W2403-0471,LIT-01,litho,stage_temp_c,22.3324,0,2024-03-19T21:16:48
SR-0004706,W2403-0471,LIT-01,litho,stage_temp_c,21.9344,0,2024-03-19T21:23:48
SR-0004707,W2403-0471,LIT-01,litho,humidity_pct,46.5808,0,2024-03-19T21:29:48
SR-0004708,W2403-0471,LIT-01,litho,humidity_pct,45.5717,0,2024-03-19T21:38:48
SR-0004709,W2403-0471,LIT-01,litho,dose_uniformity_pct,98.2207,0,2024-03-19T21:46:48
SR-0004710,W2403-0471,LIT-01,litho,dose_uniformity_pct,97.9691,0,2024-03-19T21:56:48
SR-0004711,W2403-0472,LIT-02,litho,exposure_energy_mj,25.3132,0,2024-03-20T00:19:27
SR-0004712,W2403-0472,LIT-02,litho,exposure_energy_mj,24.3484,0,2024-03-20T00:28:27
SR-0004713,W2403-0472,LIT-02,litho,focus_offset_nm,-1.0637,0,2024-03-20T00:35:27
SR-0004714,W2403-0472,LIT-02,litho,focus_offset_nm,2.9201,0,2024-03-20T00:43:27
SR-0004715,W2403-0472,LIT-02,litho,stage_temp_c,21.9559,0,2024-03-20T00:53:27
SR-0004716,W2403-0472,LIT-02,litho,stage_temp_c,22.0465,0,2024-03-20T01:01:27
SR-0004717,W2403-0472,LIT-02,litho,humidity_pct,45.4871,0,2024-03-20T01:09:27
SR-0004718,W2403-0472,LIT-02,litho,humidity_pct,43.668,0,2024-03-20T01:14:27
SR-0004719,W2403-0472,LIT-02,litho,dose_uniformity_pct,98.7101,0,2024-03-20T01:24:27
SR-0004720,W2403-0472,LIT-02,litho,dose_uniformity_pct,99.1016,0,2024-03-20T01:31:27
SR-0004721,W2403-0473,DEP-02,deposition,dep_temp_c,297.2125,0,2024-03-20T04:26:37
SR-0004722,W2403-0473,DEP-02,deposition,dep_temp_c,310.4255,0,2024-03-20T04:33:37
SR-0004723,W2403-0473,DEP-02,deposition,dep_pressure_mtorr,4.5084,0,2024-03-20T04:41:37
SR-0004724,W2403-0473,DEP-02,deposition,dep_pressure_mtorr,5.624,0,2024-03-20T04:47:37
SR-0004725,W2403-0473,DEP-02,deposition,rf_power_w,377.6067,0,2024-03-20T04:56:37
SR-0004726,W2403-0473,DEP-02,deposition,rf_power_w,388.3833,0,2024-03-20T05:06:37
SR-0004727,W2403-0473,DEP-02,deposition,precursor_flow_sccm,30.9502,0,2024-03-20T05:12:37
SR-0004728,W2403-0473,DEP-02,deposition,precursor_flow_sccm,32.6888,0,2024-03-20T05:20:37
SR-0004729,W2403-0473,DEP-02,deposition,film_thickness_nm,51.5015,0,2024-03-20T05:29:37
SR-0004730,W2403-0473,DEP-02,deposition,film_thickness_nm,49.5334,0,2024-03-20T05:35:37
SR-0004731,W2403-0474,IMP-02,implant,beam_current_ma,10.8559,0,2024-03-20T08:33:58
SR-0004732,W2403-0474,IMP-02,implant,beam_current_ma,9.2845,0,2024-03-20T08:39:58
SR-0004733,W2403-0474,IMP-02,implant,beam_energy_kev,47.8422,0,2024-03-20T08:50:58
SR-0004734,W2403-0474,IMP-02,implant,beam_energy_kev,51.9042,0,2024-03-20T08:57:58
SR-0004735,W2403-0474,IMP-02,implant,scan_speed_mm_s,99.7516,0,2024-03-20T09:04:58
SR-0004736,W2403-0474,IMP-02,implant,scan_speed_mm_s,85.874,0,2024-03-20T09:11:58
SR-0004737,W2403-0474,IMP-02,implant,dose_uniformity_pct,98.3806,0,2024-03-20T09:22:58
SR-0004738,W2403-0474,IMP-02,implant,dose_uniformity_pct,98.3738,0,2024-03-20T09:28:58
SR-0004739,W2403-0474,IMP-02,implant,tilt_angle_deg,7.1098,0,2024-03-20T09:37:58
SR-0004740,W2403-0474,IMP-02,implant,tilt_angle_deg,6.9451,0,2024-03-20T09:45:58
SR-0004741,W2403-0475,ETCH-03,etch,etch_temp_c,192.029,1,2024-03-20T12:46:35
SR-0004742,W2403-0475,ETCH-03,etch,etch_temp_c,186.7876,0,2024-03-20T12:51:35
SR-0004743,W2403-0475,ETCH-03,etch,etch_pressure_mtorr,7.621,0,2024-03-20T13:00:35
SR-0004744,W2403-0475,ETCH-03,etch,etch_pressure_mtorr,8.7928,0,2024-03-20T13:07:35
SR-0004745,W2403-0475,ETCH-03,etch,rf_power_w,355.3152,0,2024-03-20T13:15:35
SR-0004746,W2403-0475,ETCH-03,etch,rf_power_w,376.7448,0,2024-03-20T13:26:35
SR-0004747,W2403-0475,ETCH-03,etch,gas_flow_sccm,51.2622,0,2024-03-20T13:34:35
SR-0004748,W2403-0475,ETCH-03,etch,gas_flow_sccm,47.6441,0,2024-03-20T13:41:35
SR-0004749,W2403-0475,ETCH-03,etch,endpoint_time_s,124.9731,0,2024-03-20T13:50:35
SR-0004750,W2403-0475,ETCH-03,etch,endpoint_time_s,115.3802,0,2024-03-20T13:58:35
SR-0004751,W2403-0476,IMP-01,implant,beam_current_ma,10.7741,0,2024-03-20T16:34:15
SR-0004752,W2403-0476,IMP-01,implant,beam_current_ma,9.9293,0,2024-03-20T16:41:15
SR-0004753,W2403-0476,IMP-01,implant,beam_energy_kev,48.9725,0,2024-03-20T16:49:15
SR-0004754,W2403-0476,IMP-01,implant,beam_energy_kev,47.8074,0,2024-03-20T16:57:15
SR-0004755,W2403-0476,IMP-01,implant,scan_speed_mm_s,98.1278,0,2024-03-20T17:03:15
SR-0004756,W2403-0476,IMP-01,implant,scan_speed_mm_s,109.5843,0,2024-03-20T17:11:15
SR-0004757,W2403-0476,IMP-01,implant,dose_uniformity_pct,97.9198,0,2024-03-20T17:21:15
SR-0004758,W2403-0476,IMP-01,implant,dose_uniformity_pct,99.1854,0,2024-03-20T17:27:15
SR-0004759,W2403-0476,IMP-01,implant,tilt_angle_deg,6.6748,0,2024-03-20T17:36:15
SR-0004760,W2403-0476,IMP-01,implant,tilt_angle_deg,7.0329,0,2024-03-20T17:43:15
SR-0004761,W2403-0477,IMP-01,implant,beam_current_ma,9.7768,0,2024-03-20T20:57:31
SR-0004762,W2403-0477,IMP-01,implant,beam_current_ma,9.7976,0,2024-03-20T21:05:31
SR-0004763,W2403-0477,IMP-01,implant,beam_energy_kev,50.8261,0,2024-03-20T21:12:31
SR-0004764,W2403-0477,IMP-01,implant,beam_energy_kev,50.1824,0,2024-03-20T21:20:31
SR-0004765,W2403-0477,IMP-01,implant,scan_speed_mm_s,99.4741,0,2024-03-20T21:30:31
SR-0004766,W2403-0477,IMP-01,implant,scan_speed_mm_s,104.75,0,2024-03-20T21:37:31
SR-0004767,W2403-0477,IMP-01,implant,dose_uniformity_pct,97.9952,0,2024-03-20T21:47:31
SR-0004768,W2403-0477,IMP-01,implant,dose_uniformity_pct,98.1952,0,2024-03-20T21:52:31
SR-0004769,W2403-0477,IMP-01,implant,tilt_angle_deg,6.8685,0,2024-03-20T22:00:31
SR-0004770,W2403-0477,IMP-01,implant,tilt_angle_deg,7.1026,0,2024-03-20T22:08:31
SR-0004771,W2403-0478,ETCH-02,etch,etch_temp_c,175.5666,0,2024-03-21T00:47:23
SR-0004772,W2403-0478,ETCH-02,etch,etch_temp_c,181.1866,0,2024-03-21T00:54:23
SR-0004773,W2403-0478,ETCH-02,etch,etch_pressure_mtorr,8.6699,0,2024-03-21T01:05:23
SR-0004774,W2403-0478,ETCH-02,etch,etch_pressure_mtorr,8.0941,0,2024-03-21T01:10:23
SR-0004775,W2403-0478,ETCH-02,etch,rf_power_w,369.4433,0,2024-03-21T01:18:23
SR-0004776,W2403-0478,ETCH-02,etch,rf_power_w,364.0664,0,2024-03-21T01:27:23
SR-0004777,W2403-0478,ETCH-02,etch,gas_flow_sccm,51.8284,0,2024-03-21T01:37:23
SR-0004778,W2403-0478,ETCH-02,etch,gas_flow_sccm,51.2927,0,2024-03-21T01:45:23
SR-0004779,W2403-0478,ETCH-02,etch,endpoint_time_s,112.8484,0,2024-03-21T01:51:23
SR-0004780,W2403-0478,ETCH-02,etch,endpoint_time_s,112.0422,0,2024-03-21T01:58:23
SR-0004781,W2403-0479,CMP-01,cmp,polish_pressure_psi,3.5624,0,2024-03-21T05:08:41
SR-0004782,W2403-0479,CMP-01,cmp,polish_pressure_psi,3.5089,0,2024-03-21T05:14:41
SR-0004783,W2403-0479,CMP-01,cmp,platen_speed_rpm,90.5164,0,2024-03-21T05:22:41
SR-0004784,W2403-0479,CMP-01,cmp,platen_speed_rpm,89.1461,0,2024-03-21T05:30:41
SR-0004785,W2403-0479,CMP-01,cmp,slurry_flow_ml_min,220.448,0,2024-03-21T05:37:41
SR-0004786,W2403-0479,CMP-01,cmp,slurry_flow_ml_min,198.8414,0,2024-03-21T05:46:41
SR-0004787,W2403-0479,CMP-01,cmp,removal_rate_ang_min,1481.014,0,2024-03-21T05:55:41
SR-0004788,W2403-0479,CMP-01,cmp,removal_rate_ang_min,1501.4194,0,2024-03-21T06:04:41
SR-0004789,W2403-0479,CMP-01,cmp,friction_coeff,0.3285,0,2024-03-21T06:11:41
SR-0004790,W2403-0479,CMP-01,cmp,friction_coeff,0.3214,0,2024-03-21T06:19:41
SR-0004791,W2403-0480,DEP-02,deposition,dep_temp_c,296.4596,0,2024-03-21T08:51:40
SR-0004792,W2403-0480,DEP-02,deposition,dep_temp_c,291.6492,0,2024-03-21T08:59:40
SR-0004793,W2403-0480,DEP-02,deposition,dep_pressure_mtorr,5.2493,0,2024-03-21T09:06:40
SR-0004794,W2403-0480,DEP-02,deposition,dep_pressure_mtorr,4.5566,0,2024-03-21T09:16:40
SR-0004795,W2403-0480,DEP-02,deposition,rf_power_w,347.4507,0,2024-03-21T09:24:40
SR-0004796,W2403-0480,DEP-02,deposition,rf_power_w,380.1481,0,2024-03-21T09:30:40
SR-0004797,W2403-0480,DEP-02,deposition,precursor_flow_sccm,29.4518,0,2024-03-21T09:41:40
SR-0004798,W2403-0480,DEP-02,deposition,precursor_flow_sccm,28.6398,0,2024-03-21T09:49:40
SR-0004799,W2403-0480,DEP-02,deposition,film_thickness_nm,51.3484,0,2024-03-21T09:54:40
SR-0004800,W2403-0480,DEP-02,deposition,film_thickness_nm,49.0171,0,2024-03-21T10:05:40
SR-0004801,W2403-0481,CMP-02,cmp,polish_pressure_psi,3.1199,0,2024-03-21T12:45:50
SR-0004802,W2403-0481,CMP-02,cmp,polish_pressure_psi,3.7966,0,2024-03-21T12:55:50
SR-0004803,W2403-0481,CMP-02,cmp,platen_speed_rpm,88.929,0,2024-03-21T13:03:50
SR-0004804,W2403-0481,CMP-02,cmp,platen_speed_rpm,87.8144,0,2024-03-21T13:09:50
SR-0004805,W2403-0481,CMP-02,cmp,slurry_flow_ml_min,187.0801,0,2024-03-21T13:19:50
SR-0004806,W2403-0481,CMP-02,cmp,slurry_flow_ml_min,198.7456,0,2024-03-21T13:27:50
SR-0004807,W2403-0481,CMP-02,cmp,removal_rate_ang_min,1456.6169,0,2024-03-21T13:36:50
SR-0004808,W2403-0481,CMP-02,cmp,removal_rate_ang_min,1470.9916,0,2024-03-21T13:44:50
SR-0004809,W2403-0481,CMP-02,cmp,friction_coeff,0.3684,0,2024-03-21T13:51:50
SR-0004810,W2403-0481,CMP-02,cmp,friction_coeff,0.3025,0,2024-03-21T13:58:50
SR-0004811,W2403-0482,CMP-01,cmp,polish_pressure_psi,3.4059,0,2024-03-21T16:49:36
SR-0004812,W2403-0482,CMP-01,cmp,polish_pressure_psi,3.6799,0,2024-03-21T16:59:36
SR-0004813,W2403-0482,CMP-01,cmp,platen_speed_rpm,91.2366,0,2024-03-21T17:07:36
SR-0004814,W2403-0482,CMP-01,cmp,platen_speed_rpm,85.9826,0,2024-03-21T17:15:36
SR-0004815,W2403-0482,CMP-01,cmp,slurry_flow_ml_min,215.9253,0,2024-03-21T17:23:36
SR-0004816,W2403-0482,CMP-01,cmp,slurry_flow_ml_min,207.5818,0,2024-03-21T17:29:36
SR-0004817,W2403-0482,CMP-01,cmp,removal_rate_ang_min,1458.9552,0,2024-03-21T17:37:36
SR-0004818,W2403-0482,CMP-01,cmp,removal_rate_ang_min,1496.2392,0,2024-03-21T17:44:36
SR-0004819,W2403-0482,CMP-01,cmp,friction_coeff,0.3205,0,2024-03-21T17:53:36
SR-0004820,W2403-0482,CMP-01,cmp,friction_coeff,0.357,0,2024-03-21T18:01:36
SR-0004821,W2403-0483,DEP-01,deposition,dep_temp_c,295.24,0,2024-03-21T20:39:18
SR-0004822,W2403-0483,DEP-01,deposition,dep_temp_c,296.4522,0,2024-03-21T20:45:18
SR-0004823,W2403-0483,DEP-01,deposition,dep_pressure_mtorr,5.2393,0,2024-03-21T20:53:18
SR-0004824,W2403-0483,DEP-01,deposition,dep_pressure_mtorr,4.8404,0,2024-03-21T21:00:18
SR-0004825,W2403-0483,DEP-01,deposition,rf_power_w,374.7277,0,2024-03-21T21:08:18
SR-0004826,W2403-0483,DEP-01,deposition,rf_power_w,373.3691,0,2024-03-21T21:18:18
SR-0004827,W2403-0483,DEP-01,deposition,precursor_flow_sccm,30.5396,0,2024-03-21T21:25:18
SR-0004828,W2403-0483,DEP-01,deposition,precursor_flow_sccm,31.4831,0,2024-03-21T21:34:18
SR-0004829,W2403-0483,DEP-01,deposition,film_thickness_nm,50.1355,0,2024-03-21T21:42:18
SR-0004830,W2403-0483,DEP-01,deposition,film_thickness_nm,50.161,0,2024-03-21T21:51:18
SR-0004831,W2403-0484,ETCH-03,etch,etch_temp_c,182.4658,0,2024-03-22T00:17:30
SR-0004832,W2403-0484,ETCH-03,etch,etch_temp_c,184.3104,0,2024-03-22T00:26:30
SR-0004833,W2403-0484,ETCH-03,etch,etch_pressure_mtorr,8.0588,0,2024-03-22T00:32:30
SR-0004834,W2403-0484,ETCH-03,etch,etch_pressure_mtorr,8.4034,0,2024-03-22T00:43:30
SR-0004835,W2403-0484,ETCH-03,etch,rf_power_w,385.41,0,2024-03-22T00:50:30
SR-0004836,W2403-0484,ETCH-03,etch,rf_power_w,391.4338,0,2024-03-22T00:59:30
SR-0004837,W2403-0484,ETCH-03,etch,gas_flow_sccm,51.878,0,2024-03-22T01:05:30
SR-0004838,W2403-0484,ETCH-03,etch,gas_flow_sccm,49.7205,0,2024-03-22T01:14:30
SR-0004839,W2403-0484,ETCH-03,etch,endpoint_time_s,120.4053,0,2024-03-22T01:21:30
SR-0004840,W2403-0484,ETCH-03,etch,endpoint_time_s,117.7218,0,2024-03-22T01:31:30
SR-0004841,W2403-0485,IMP-01,implant,beam_current_ma,10.3662,0,2024-03-22T04:06:47
SR-0004842,W2403-0485,IMP-01,implant,beam_current_ma,9.5012,0,2024-03-22T04:16:47
SR-0004843,W2403-0485,IMP-01,implant,beam_energy_kev,48.5672,0,2024-03-22T04:24:47
SR-0004844,W2403-0485,IMP-01,implant,beam_energy_kev,51.4036,0,2024-03-22T04:32:47
SR-0004845,W2403-0485,IMP-01,implant,scan_speed_mm_s,90.647,0,2024-03-22T04:41:47
SR-0004846,W2403-0485,IMP-01,implant,scan_speed_mm_s,105.0205,0,2024-03-22T04:49:47
SR-0004847,W2403-0485,IMP-01,implant,dose_uniformity_pct,98.7103,0,2024-03-22T04:55:47
SR-0004848,W2403-0485,IMP-01,implant,dose_uniformity_pct,98.612,0,2024-03-22T05:03:47
SR-0004849,W2403-0485,IMP-01,implant,tilt_angle_deg,7.172,0,2024-03-22T05:12:47
SR-0004850,W2403-0485,IMP-01,implant,tilt_angle_deg,6.7127,0,2024-03-22T05:21:47
SR-0004851,W2403-0486,ETCH-01,etch,etch_temp_c,170.1819,0,2024-03-22T07:41:59
SR-0004852,W2403-0486,ETCH-01,etch,etch_temp_c,171.2962,0,2024-03-22T07:49:59
SR-0004853,W2403-0486,ETCH-01,etch,etch_pressure_mtorr,9.2883,0,2024-03-22T07:57:59
SR-0004854,W2403-0486,ETCH-01,etch,etch_pressure_mtorr,9.7605,1,2024-03-22T08:04:59
SR-0004855,W2403-0486,ETCH-01,etch,rf_power_w,360.8347,0,2024-03-22T08:12:59
SR-0004856,W2403-0486,ETCH-01,etch,rf_power_w,384.3992,0,2024-03-22T08:22:59
SR-0004857,W2403-0486,ETCH-01,etch,gas_flow_sccm,48.6044,0,2024-03-22T08:27:59
SR-0004858,W2403-0486,ETCH-01,etch,gas_flow_sccm,48.3987,0,2024-03-22T08:38:59
SR-0004859,W2403-0486,ETCH-01,etch,endpoint_time_s,129.5022,0,2024-03-22T08:44:59
SR-0004860,W2403-0486,ETCH-01,etch,endpoint_time_s,118.5313,0,2024-03-22T08:54:59
SR-0004861,W2403-0487,DEP-01,deposition,dep_temp_c,298.5567,0,2024-03-22T11:28:54
SR-0004862,W2403-0487,DEP-01,deposition,dep_temp_c,291.5871,0,2024-03-22T11:35:54
SR-0004863,W2403-0487,DEP-01,deposition,dep_pressure_mtorr,4.6205,0,2024-03-22T11:41:54
SR-0004864,W2403-0487,DEP-01,deposition,dep_pressure_mtorr,4.5059,0,2024-03-22T11:51:54
SR-0004865,W2403-0487,DEP-01,deposition,rf_power_w,388.1153,0,2024-03-22T11:58:54
SR-0004866,W2403-0487,DEP-01,deposition,rf_power_w,362.9455,0,2024-03-22T12:08:54
SR-0004867,W2403-0487,DEP-01,deposition,precursor_flow_sccm,31.9645,0,2024-03-22T12:14:54
SR-0004868,W2403-0487,DEP-01,deposition,precursor_flow_sccm,30.0196,0,2024-03-22T12:23:54
SR-0004869,W2403-0487,DEP-01,deposition,film_thickness_nm,50.0771,0,2024-03-22T12:32:54
SR-0004870,W2403-0487,DEP-01,deposition,film_thickness_nm,48.3807,0,2024-03-22T12:39:54
SR-0004871,W2403-0488,ETCH-01,etch,etch_temp_c,173.01,0,2024-03-22T15:22:29
SR-0004872,W2403-0488,ETCH-01,etch,etch_temp_c,179.0702,0,2024-03-22T15:28:29
SR-0004873,W2403-0488,ETCH-01,etch,etch_pressure_mtorr,9.9796,1,2024-03-22T15:35:29
SR-0004874,W2403-0488,ETCH-01,etch,etch_pressure_mtorr,9.606,1,2024-03-22T15:44:29
SR-0004875,W2403-0488,ETCH-01,etch,rf_power_w,385.0859,0,2024-03-22T15:53:29
SR-0004876,W2403-0488,ETCH-01,etch,rf_power_w,380.1623,0,2024-03-22T15:59:29
SR-0004877,W2403-0488,ETCH-01,etch,gas_flow_sccm,51.9423,0,2024-03-22T16:09:29
SR-0004878,W2403-0488,ETCH-01,etch,gas_flow_sccm,49.923,0,2024-03-22T16:15:29
SR-0004879,W2403-0488,ETCH-01,etch,endpoint_time_s,122.7822,0,2024-03-22T16:23:29
SR-0004880,W2403-0488,ETCH-01,etch,endpoint_time_s,115.0883,0,2024-03-22T16:31:29
SR-0004881,W2403-0489,ETCH-01,etch,etch_temp_c,170.8549,0,2024-03-22T19:31:12
SR-0004882,W2403-0489,ETCH-01,etch,etch_temp_c,168.5784,0,2024-03-22T19:38:12
SR-0004883,W2403-0489,ETCH-01,etch,etch_pressure_mtorr,9.2047,0,2024-03-22T19:46:12
SR-0004884,W2403-0489,ETCH-01,etch,etch_pressure_mtorr,8.9675,0,2024-03-22T19:53:12
SR-0004885,W2403-0489,ETCH-01,etch,rf_power_w,365.9399,0,2024-03-22T20:03:12
SR-0004886,W2403-0489,ETCH-01,etch,rf_power_w,370.4208,0,2024-03-22T20:12:12
SR-0004887,W2403-0489,ETCH-01,etch,gas_flow_sccm,50.3629,0,2024-03-22T20:19:12
SR-0004888,W2403-0489,ETCH-01,etch,gas_flow_sccm,50.5459,0,2024-03-22T20:25:12
SR-0004889,W2403-0489,ETCH-01,etch,endpoint_time_s,122.2397,0,2024-03-22T20:33:12
SR-0004890,W2403-0489,ETCH-01,etch,endpoint_time_s,124.2069,0,2024-03-22T20:44:12
SR-0004891,W2403-0490,DEP-02,deposition,dep_temp_c,301.4381,0,2024-03-22T23:06:07
SR-0004892,W2403-0490,DEP-02,deposition,dep_temp_c,305.9374,0,2024-03-22T23:15:07
SR-0004893,W2403-0490,DEP-02,deposition,dep_pressure_mtorr,5.4404,0,2024-03-22T23:20:07
SR-0004894,W2403-0490,DEP-02,deposition,dep_pressure_mtorr,4.7017,0,2024-03-22T23:31:07
SR-0004895,W2403-0490,DEP-02,deposition,rf_power_w,429.8191,0,2024-03-22T23:36:07
SR-0004896,W2403-0490,DEP-02,deposition,rf_power_w,420.6125,0,2024-03-22T23:44:07
SR-0004897,W2403-0490,DEP-02,deposition,precursor_flow_sccm,28.9582,0,2024-03-22T23:52:07
SR-0004898,W2403-0490,DEP-02,deposition,precursor_flow_sccm,29.5962,0,2024-03-23T00:03:07
SR-0004899,W2403-0490,DEP-02,deposition,film_thickness_nm,48.4416,0,2024-03-23T00:08:07
SR-0004900,W2403-0490,DEP-02,deposition,film_thickness_nm,50.4922,0,2024-03-23T00:16:07
SR-0004901,W2403-0491,ETCH-02,etch,etch_temp_c,174.2703,0,2024-03-23T03:13:38
SR-0004902,W2403-0491,ETCH-02,etch,etch_temp_c,177.0424,0,2024-03-23T03:22:38
SR-0004903,W2403-0491,ETCH-02,etch,etch_pressure_mtorr,7.8655,0,2024-03-23T03:30:38
SR-0004904,W2403-0491,ETCH-02,etch,etch_pressure_mtorr,7.7287,0,2024-03-23T03:36:38
SR-0004905,W2403-0491,ETCH-02,etch,rf_power_w,393.1605,0,2024-03-23T03:47:38
SR-0004906,W2403-0491,ETCH-02,etch,rf_power_w,375.6417,0,2024-03-23T03:55:38
SR-0004907,W2403-0491,ETCH-02,etch,gas_flow_sccm,50.4191,0,2024-03-23T04:03:38
SR-0004908,W2403-0491,ETCH-02,etch,gas_flow_sccm,49.14,0,2024-03-23T04:08:38
SR-0004909,W2403-0491,ETCH-02,etch,endpoint_time_s,114.0762,0,2024-03-23T04:17:38
SR-0004910,W2403-0491,ETCH-02,etch,endpoint_time_s,117.6541,0,2024-03-23T04:26:38
SR-0004911,W2403-0492,ETCH-02,etch,etch_temp_c,175.4721,0,2024-03-23T07:10:01
SR-0004912,W2403-0492,ETCH-02,etch,etch_temp_c,175.2909,0,2024-03-23T07:17:01
SR-0004913,W2403-0492,ETCH-02,etch,etch_pressure_mtorr,8.7177,0,2024-03-23T07:25:01
SR-0004914,W2403-0492,ETCH-02,etch,etch_pressure_mtorr,7.5182,0,2024-03-23T07:36:01
SR-0004915,W2403-0492,ETCH-02,etch,rf_power_w,361.8659,0,2024-03-23T07:41:01
SR-0004916,W2403-0492,ETCH-02,etch,rf_power_w,404.4046,0,2024-03-23T07:50:01
SR-0004917,W2403-0492,ETCH-02,etch,gas_flow_sccm,50.8831,0,2024-03-23T07:58:01
SR-0004918,W2403-0492,ETCH-02,etch,gas_flow_sccm,48.2336,0,2024-03-23T08:08:01
SR-0004919,W2403-0492,ETCH-02,etch,endpoint_time_s,119.9838,0,2024-03-23T08:13:01
SR-0004920,W2403-0492,ETCH-02,etch,endpoint_time_s,115.8735,0,2024-03-23T08:21:01
SR-0004921,W2403-0493,LIT-03,litho,exposure_energy_mj,24.9734,0,2024-03-23T10:51:05
SR-0004922,W2403-0493,LIT-03,litho,exposure_energy_mj,24.8639,0,2024-03-23T10:56:05
SR-0004923,W2403-0493,LIT-03,litho,focus_offset_nm,-0.177,0,2024-03-23T11:05:05
SR-0004924,W2403-0493,LIT-03,litho,focus_offset_nm,0.2987,0,2024-03-23T11:14:05
SR-0004925,W2403-0493,LIT-03,litho,stage_temp_c,22.2307,0,2024-03-23T11:20:05
SR-0004926,W2403-0493,LIT-03,litho,stage_temp_c,21.833,0,2024-03-23T11:29:05
SR-0004927,W2403-0493,LIT-03,litho,humidity_pct,43.5902,0,2024-03-23T11:39:05
SR-0004928,W2403-0493,LIT-03,litho,humidity_pct,45.8618,0,2024-03-23T11:46:05
SR-0004929,W2403-0493,LIT-03,litho,dose_uniformity_pct,99.103,0,2024-03-23T11:54:05
SR-0004930,W2403-0493,LIT-03,litho,dose_uniformity_pct,97.939,0,2024-03-23T12:01:05
SR-0004931,W2403-0494,CMP-02,cmp,polish_pressure_psi,3.4172,0,2024-03-23T14:32:44
SR-0004932,W2403-0494,CMP-02,cmp,polish_pressure_psi,3.504,0,2024-03-23T14:40:44
SR-0004933,W2403-0494,CMP-02,cmp,platen_speed_rpm,86.1537,0,2024-03-23T14:49:44
SR-0004934,W2403-0494,CMP-02,cmp,platen_speed_rpm,94.001,0,2024-03-23T14:57:44
SR-0004935,W2403-0494,CMP-02,cmp,slurry_flow_ml_min,194.0256,0,2024-03-23T15:06:44
SR-0004936,W2403-0494,CMP-02,cmp,slurry_flow_ml_min,213.3773,0,2024-03-23T15:14:44
SR-0004937,W2403-0494,CMP-02,cmp,removal_rate_ang_min,1512.2449,0,2024-03-23T15:20:44
SR-0004938,W2403-0494,CMP-02,cmp,removal_rate_ang_min,1505.8071,0,2024-03-23T15:27:44
SR-0004939,W2403-0494,CMP-02,cmp,friction_coeff,0.358,0,2024-03-23T15:36:44
SR-0004940,W2403-0494,CMP-02,cmp,friction_coeff,0.362,0,2024-03-23T15:45:44
SR-0004941,W2403-0495,DEP-01,deposition,dep_temp_c,306.1817,0,2024-03-23T18:55:38
SR-0004942,W2403-0495,DEP-01,deposition,dep_temp_c,306.9847,0,2024-03-23T19:04:38
SR-0004943,W2403-0495,DEP-01,deposition,dep_pressure_mtorr,4.6382,0,2024-03-23T19:13:38
SR-0004944,W2403-0495,DEP-01,deposition,dep_pressure_mtorr,5.3965,0,2024-03-23T19:20:38
SR-0004945,W2403-0495,DEP-01,deposition,rf_power_w,387.0486,0,2024-03-23T19:27:38
SR-0004946,W2403-0495,DEP-01,deposition,rf_power_w,367.1119,0,2024-03-23T19:35:38
SR-0004947,W2403-0495,DEP-01,deposition,precursor_flow_sccm,29.91,0,2024-03-23T19:43:38
SR-0004948,W2403-0495,DEP-01,deposition,precursor_flow_sccm,30.6518,0,2024-03-23T19:53:38
SR-0004949,W2403-0495,DEP-01,deposition,film_thickness_nm,49.4771,0,2024-03-23T20:00:38
SR-0004950,W2403-0495,DEP-01,deposition,film_thickness_nm,49.0391,0,2024-03-23T20:07:38
SR-0004951,W2403-0496,LIT-02,litho,exposure_energy_mj,25.1302,0,2024-03-23T23:15:40
SR-0004952,W2403-0496,LIT-02,litho,exposure_energy_mj,24.3314,0,2024-03-23T23:21:40
SR-0004953,W2403-0496,LIT-02,litho,focus_offset_nm,0.3349,0,2024-03-23T23:28:40
SR-0004954,W2403-0496,LIT-02,litho,focus_offset_nm,-3.0927,0,2024-03-23T23:36:40
SR-0004955,W2403-0496,LIT-02,litho,stage_temp_c,21.7226,0,2024-03-23T23:44:40
SR-0004956,W2403-0496,LIT-02,litho,stage_temp_c,22.3021,0,2024-03-23T23:52:40
SR-0004957,W2403-0496,LIT-02,litho,humidity_pct,39.3195,0,2024-03-24T00:02:40
SR-0004958,W2403-0496,LIT-02,litho,humidity_pct,40.4398,0,2024-03-24T00:09:40
SR-0004959,W2403-0496,LIT-02,litho,dose_uniformity_pct,98.7733,0,2024-03-24T00:16:40
SR-0004960,W2403-0496,LIT-02,litho,dose_uniformity_pct,98.8287,0,2024-03-24T00:25:40
SR-0004961,W2403-0497,ETCH-01,etch,etch_temp_c,175.6896,0,2024-03-24T03:43:59
SR-0004962,W2403-0497,ETCH-01,etch,etch_temp_c,174.8516,0,2024-03-24T03:50:59
SR-0004963,W2403-0497,ETCH-01,etch,etch_pressure_mtorr,9.6716,1,2024-03-24T03:56:59
SR-0004964,W2403-0497,ETCH-01,etch,etch_pressure_mtorr,10.1047,1,2024-03-24T04:06:59
SR-0004965,W2403-0497,ETCH-01,etch,rf_power_w,372.4275,0,2024-03-24T04:15:59
SR-0004966,W2403-0497,ETCH-01,etch,rf_power_w,408.3738,0,2024-03-24T04:21:59
SR-0004967,W2403-0497,ETCH-01,etch,gas_flow_sccm,48.2234,0,2024-03-24T04:28:59
SR-0004968,W2403-0497,ETCH-01,etch,gas_flow_sccm,52.8883,0,2024-03-24T04:36:59
SR-0004969,W2403-0497,ETCH-01,etch,endpoint_time_s,115.9951,0,2024-03-24T04:47:59
SR-0004970,W2403-0497,ETCH-01,etch,endpoint_time_s,121.1152,0,2024-03-24T04:53:59
SR-0004971,W2403-0498,DIFF-02,diffusion,furnace_temp_c,952.1745,0,2024-03-24T08:13:50
SR-0004972,W2403-0498,DIFF-02,diffusion,furnace_temp_c,954.5007,0,2024-03-24T08:20:50
SR-0004973,W2403-0498,DIFF-02,diffusion,ramp_rate_c_min,9.5195,0,2024-03-24T08:28:50
SR-0004974,W2403-0498,DIFF-02,diffusion,ramp_rate_c_min,10.6371,0,2024-03-24T08:34:50
SR-0004975,W2403-0498,DIFF-02,diffusion,ambient_pressure_torr,760.3637,0,2024-03-24T08:43:50
SR-0004976,W2403-0498,DIFF-02,diffusion,ambient_pressure_torr,760.4333,0,2024-03-24T08:53:50
SR-0004977,W2403-0498,DIFF-02,diffusion,gas_ratio,2.0983,0,2024-03-24T08:58:50
SR-0004978,W2403-0498,DIFF-02,diffusion,gas_ratio,2.1036,0,2024-03-24T09:09:50
SR-0004979,W2403-0498,DIFF-02,diffusion,anneal_time_min,30.4926,0,2024-03-24T09:17:50
SR-0004980,W2403-0498,DIFF-02,diffusion,anneal_time_min,30.1484,0,2024-03-24T09:22:50
SR-0004981,W2403-0499,DIFF-02,diffusion,furnace_temp_c,950.7282,0,2024-03-24T12:13:57
SR-0004982,W2403-0499,DIFF-02,diffusion,furnace_temp_c,959.8934,0,2024-03-24T12:23:57
SR-0004983,W2403-0499,DIFF-02,diffusion,ramp_rate_c_min,9.7422,0,2024-03-24T12:32:57
SR-0004984,W2403-0499,DIFF-02,diffusion,ramp_rate_c_min,10.1155,0,2024-03-24T12:39:57
SR-0004985,W2403-0499,DIFF-02,diffusion,ambient_pressure_torr,761.5082,0,2024-03-24T12:46:57
SR-0004986,W2403-0499,DIFF-02,diffusion,ambient_pressure_torr,760.2077,0,2024-03-24T12:53:57
SR-0004987,W2403-0499,DIFF-02,diffusion,gas_ratio,2.1085,0,2024-03-24T13:01:57
SR-0004988,W2403-0499,DIFF-02,diffusion,gas_ratio,2.1331,0,2024-03-24T13:12:57
SR-0004989,W2403-0499,DIFF-02,diffusion,anneal_time_min,27.2887,0,2024-03-24T13:20:57
SR-0004990,W2403-0499,DIFF-02,diffusion,anneal_time_min,30.8266,0,2024-03-24T13:25:57
SR-0004991,W2403-0500,LIT-02,litho,exposure_energy_mj,24.2345,0,2024-03-24T16:21:12
SR-0004992,W2403-0500,LIT-02,litho,exposure_energy_mj,24.5567,0,2024-03-24T16:30:12
SR-0004993,W2403-0500,LIT-02,litho,focus_offset_nm,2.0363,0,2024-03-24T16:38:12
SR-0004994,W2403-0500,LIT-02,litho,focus_offset_nm,-1.858,0,2024-03-24T16:45:12
SR-0004995,W2403-0500,LIT-02,litho,stage_temp_c,21.9465,0,2024-03-24T16:52:12
SR-0004996,W2403-0500,LIT-02,litho,stage_temp_c,21.8772,0,2024-03-24T17:02:12
SR-0004997,W2403-0500,LIT-02,litho,humidity_pct,48.8684,0,2024-03-24T17:08:12
SR-0004998,W2403-0500,LIT-02,litho,humidity_pct,42.4656,0,2024-03-24T17:17:12
SR-0004999,W2403-0500,LIT-02,litho,dose_uniformity_pct,98.267,0,2024-03-24T17:25:12
SR-0005000,W2403-0500,LIT-02,litho,dose_uniformity_pct,98.9482,0,2024-03-24T17:34:12
